[10:53:55.513][I][app:151]: ESPHome version 2026.7.4 compiled on 2026-08-23 10:29:02 +0200
[10:53:55.513][I][app:158]: ESP32 Chip: ESP32-S3 rev0.2, 2 core(s)
[10:53:55.513][I][csv:715]: 1443669,AGG,2.11,1.63,7.32,-2.00,-1.00,7.32,-2.00,-1.00,7.32,-2.00,-1.00,7.12,-1.37,7.32,24.69,17.15,0.00,0.00,0.00,0.20,0.20,0,0
[10:53:55.559][I][csv:715]: 1443684,AGG,2.11,1.63,7.28,-2.00,-1.00,7.28,-2.00,-1.00,7.28,-2.00,-1.00,7.08,-1.36,7.28,24.64,17.15,0.00,0.00,0.00,0.20,0.20,0,0
[10:53:55.559][I][csv:715]: 1443699,AGG,2.11,1.63,7.28,-2.00,-1.00,7.28,-2.00,-1.00,7.28,-2.00,-1.00,7.08,-1.36,7.28,24.64,17.15,0.00,0.00,0.00,0.20,0.20,0,0
[10:53:55.559][I][csv:715]: 1443721,AGG,2.12,1.63,7.28,-2.00,-1.00,7.28,-2.00,-1.00,7.28,-2.00,-1.00,7.08,-1.36,7.28,24.64,17.15,0.00,0.00,0.00,0.20,0.20,0,0
[10:53:55.892][I][csv:715]: 1443966,AGG,2.12,1.63,7.28,-2.00,-1.00,7.28,-2.00,-1.00,7.28,-2.00,-1.00,7.08,-1.36,7.28,24.64,17.15,0.00,0.00,0.00,0.20,0.20,0,0
[10:53:55.898][S][sensor]: 'Shelly Active Power L1' >> -479 W
[10:53:55.904][I][csv:715]: 1444065,AGG,2.12,1.63,7.28,-2.00,-1.00,7.28,-2.00,-1.00,7.28,-2.00,-1.00,7.08,-1.36,7.28,24.64,17.25,0.00,0.00,0.00,0.20,0.20,0,0
[10:53:55.920][I][csv:715]: 1444082,AGG,2.12,1.61,7.28,-2.00,-1.00,7.28,-2.00,-1.00,7.28,-2.00,-1.00,7.08,-1.36,7.28,24.64,17.25,0.00,0.00,0.00,0.20,0.20,0,0
[10:53:56.199][S][sensor]: 'TWC Vitals Current L1' >> 0.00 A
[10:53:56.199][S][sensor]: 'TWC Vitals Current L3' >> 0.20 A
[10:53:56.406][S][sensor]: 'Shelly Time Since Last OK' >> 274 ms
[10:53:56.406][S][sensor]: 'Shelly Active Power L3' >> 1692 W
[10:53:56.477][S][sensor]: 'Shelly Real Current L1' >> 2.12 A
[10:53:56.478][S][sensor]: 'Shelly Active Power L2' >> -375 W
[10:53:56.512][I][csv:715]: 1444675,AGG,2.12,1.61,7.28,-2.00,-1.00,7.28,-2.00,-1.00,7.28,-2.00,-1.00,7.08,-1.36,7.28,24.64,17.15,0.00,0.00,0.00,0.20,0.20,0,0
[10:53:56.529][I][csv:715]: 1444690,AGG,2.12,1.61,7.32,-2.00,-1.00,7.32,-2.00,-1.00,7.32,-2.00,-1.00,7.12,-1.38,7.32,24.70,17.15,0.00,0.00,0.00,0.20,0.20,0,0
[10:53:56.549][I][csv:715]: 1444711,AGG,2.12,1.61,7.32,-2.00,-1.00,7.32,-2.00,-1.00,7.32,-2.00,-1.00,7.12,-1.38,7.32,24.70,17.15,0.00,0.00,0.00,0.20,0.20,0,0
[10:53:56.566][I][csv:715]: 1444728,AGG,2.11,1.61,7.32,-2.00,-1.00,7.32,-2.00,-1.00,7.32,-2.00,-1.00,7.12,-1.38,7.32,24.70,17.15,0.00,0.00,0.00,0.20,0.20,0,0
[10:53:56.606][S][sensor]: 'Shelly Real Current L3' >> 7.28 A
[10:53:56.606][S][sensor]: 'TWC Vitals Vehicle Current' >> 0.20 A
[10:53:56.606][S][sensor]: 'Shelly Real Current L2' >> 1.61 A
[10:53:56.606][S][sensor]: 'TWC Control Uptime' >> 1445 s
[10:53:56.815][S][sensor]: 'TWC Time Since Last Poll' >> 143 ms
[10:53:56.834][I][csv:715]: 1444966,AGG,2.11,1.61,7.32,-2.00,-1.00,7.32,-2.00,-1.00,7.32,-2.00,-1.00,7.12,-1.38,7.32,24.70,17.15,0.00,0.00,0.00,0.20,0.20,0,0
[10:53:57.121][I][vitals:883]: TWC vitals: A=0.00 B=0.00 C=0.20 vehicle=0.20 contactor=open
[10:53:57.121][I][csv:715]: 1445278,AGG,2.11,1.61,7.32,-2.00,-1.00,7.32,-2.00,-1.00,7.32,-2.00,-1.00,7.12,-1.38,7.32,24.70,17.25,0.00,0.00,0.00,0.20,0.20,0,0
[10:53:57.121][I][csv:715]: 1445284,AGG,2.11,1.63,7.32,-2.00,-1.00,7.32,-2.00,-1.00,7.32,-2.00,-1.00,7.12,-1.38,7.32,24.70,17.25,0.00,0.00,0.00,0.20,0.20,0,0
[10:53:57.129][S][sensor]: 'TWC Poll Interval' >> 193 ms
[10:53:57.130][S][sensor]: 'TWC Vitals Current L2' >> 0.00 A
[10:53:57.633][S][sensor]: 'TWC Reported Current L2' >> 17.2 A
[10:53:57.633][I][csv:715]: 1445764,AGG,2.11,1.63,7.32,-2.00,-1.00,7.32,-2.00,-1.00,7.32,-2.00,-1.00,7.12,-1.38,7.32,24.70,17.15,0.00,0.00,0.00,0.20,0.20,0,0
[10:53:57.633][I][csv:715]: 1445767,AGG,2.11,1.63,7.29,-2.00,-1.00,7.29,-2.00,-1.00,7.29,-2.00,-1.00,7.09,-1.37,7.29,24.66,17.15,0.00,0.00,0.00,0.20,0.20,0,0
[10:53:57.633][I][csv:715]: 1445771,AGG,2.11,1.63,7.29,-2.00,-1.00,7.29,-2.00,-1.00,7.29,-2.00,-1.00,7.09,-1.37,7.29,24.66,17.15,0.00,0.00,0.00,0.20,0.20,0,0
[10:53:57.633][I][csv:715]: 1445774,AGG,2.13,1.63,7.29,-2.00,-1.00,7.29,-2.00,-1.00,7.29,-2.00,-1.00,7.09,-1.37,7.29,24.65,17.15,0.00,0.00,0.00,0.20,0.20,0,0
[10:53:57.840][I][csv:715]: 1445966,AGG,2.13,1.63,7.29,-2.00,-1.00,7.29,-2.00,-1.00,7.29,-2.00,-1.00,7.09,-1.36,7.29,24.65,17.15,0.00,0.00,0.00,0.20,0.20,0,0
[10:53:57.897][S][sensor]: 'Shelly Active Power L1' >> -481 W
[10:53:57.930][I][csv:715]: 1446091,AGG,2.13,1.63,7.29,-2.00,-1.00,7.29,-2.00,-1.00,7.29,-2.00,-1.00,7.09,-1.36,7.29,24.65,17.25,0.00,0.00,0.00,0.20,0.20,0,0
[10:53:57.949][I][csv:715]: 1446108,AGG,2.13,1.63,7.29,-2.00,-1.00,7.29,-2.00,-1.00,7.29,-2.00,-1.00,7.09,-1.36,7.29,24.65,17.25,0.00,0.00,0.00,0.20,0.20,0,0
[10:53:58.247][S][sensor]: 'TWC Vitals Current L1' >> 0.00 A
[10:53:58.247][S][sensor]: 'TWC Vitals Current L3' >> 0.20 A
[10:53:58.298][S][sensor]: 'Shelly Time Since Last OK' >> 248 ms
[10:53:58.299][S][sensor]: 'Shelly Active Power L3' >> 1694 W
[10:53:58.555][S][sensor]: 'Shelly Real Current L1' >> 2.13 A
[10:53:58.555][S][sensor]: 'Shelly Active Power L2' >> -377 W
[10:53:58.560][I][csv:715]: 1446688,AGG,2.13,1.63,7.29,-2.00,-1.00,7.29,-2.00,-1.00,7.29,-2.00,-1.00,7.09,-1.36,7.29,24.65,17.15,0.00,0.00,0.00,0.20,0.20,0,0
[10:53:58.561][I][csv:715]: 1446705,AGG,2.13,1.63,7.32,-2.00,-1.00,7.32,-2.00,-1.00,7.32,-2.00,-1.00,7.12,-1.37,7.32,24.69,17.15,0.00,0.00,0.00,0.20,0.20,0,0
[10:53:58.574][I][csv:715]: 1446724,AGG,2.13,1.63,7.32,-2.00,-1.00,7.32,-2.00,-1.00,7.32,-2.00,-1.00,7.12,-1.37,7.32,24.69,17.15,0.00,0.00,0.00,0.20,0.20,0,0
[10:53:58.591][I][csv:715]: 1446754,AGG,2.12,1.63,7.32,-2.00,-1.00,7.32,-2.00,-1.00,7.32,-2.00,-1.00,7.12,-1.37,7.32,24.69,17.15,0.00,0.00,0.00,0.20,0.20,0,0
[10:53:58.612][S][sensor]: 'Shelly Real Current L3' >> 7.29 A
[10:53:58.612][S][sensor]: 'TWC Vitals Vehicle Current' >> 0.20 A
[10:53:58.613][S][sensor]: 'Shelly Real Current L2' >> 1.63 A
[10:53:58.762][S][sensor]: 'TWC Time Since Last Poll' >> 110 ms
[10:53:58.803][I][csv:715]: 1446966,AGG,2.12,1.63,7.32,-2.00,-1.00,7.32,-2.00,-1.00,7.32,-2.00,-1.00,7.12,-1.37,7.32,24.69,17.15,0.00,0.00,0.00,0.20,0.20,0,0
[10:53:59.168][I][vitals:883]: TWC vitals: A=0.00 B=0.00 C=0.20 vehicle=0.20 contactor=open
[10:53:59.169][I][csv:715]: 1447253,AGG,2.12,1.63,7.32,-2.00,-1.00,7.32,-2.00,-1.00,7.32,-2.00,-1.00,7.12,-1.37,7.32,24.69,17.25,0.00,0.00,0.00,0.20,0.20,0,0
[10:53:59.169][I][csv:715]: 1447257,AGG,2.12,1.63,7.32,-2.00,-1.00,7.32,-2.00,-1.00,7.32,-2.00,-1.00,7.12,-1.37,7.32,24.69,17.25,0.00,0.00,0.00,0.20,0.20,0,0
[10:53:59.169][S][sensor]: 'TWC Reported Current L3' >> 17.2 A
[10:53:59.169][S][sensor]: 'TWC Poll Interval' >> 194 ms
[10:53:59.169][S][sensor]: 'TWC Vitals Current L2' >> 0.00 A
[10:53:59.579][S][sensor]: 'TWC Reported Current L1' >> 17.2 A
[10:53:59.584][I][csv:715]: 1447712,AGG,2.12,1.63,7.32,-2.00,-1.00,7.32,-2.00,-1.00,7.32,-2.00,-1.00,7.12,-1.37,7.32,24.69,17.15,0.00,0.00,0.00,0.20,0.20,0,0
[10:53:59.585][I][csv:715]: 1447716,AGG,2.12,1.63,7.34,-2.00,-1.00,7.34,-2.00,-1.00,7.34,-2.00,-1.00,7.14,-1.38,7.34,24.71,17.15,0.00,0.00,0.00,0.20,0.20,0,0
[10:53:59.585][I][csv:715]: 1447727,AGG,2.12,1.63,7.34,-2.00,-1.00,7.34,-2.00,-1.00,7.34,-2.00,-1.00,7.14,-1.38,7.34,24.72,17.15,0.00,0.00,0.00,0.20,0.20,0,0
[10:53:59.602][I][csv:715]: 1447762,AGG,2.11,1.63,7.34,-2.00,-1.00,7.34,-2.00,-1.00,7.34,-2.00,-1.00,7.14,-1.38,7.34,24.72,17.15,0.00,0.00,0.00,0.20,0.20,0,0
[10:53:59.804][I][csv:715]: 1447966,AGG,2.11,1.63,7.34,-2.00,-1.00,7.34,-2.00,-1.00,7.34,-2.00,-1.00,7.14,-1.38,7.34,24.72,17.15,0.00,0.00,0.00,0.20,0.20,0,0
[10:53:59.898][S][sensor]: 'Shelly Active Power L1' >> -476 W
[10:53:59.926][I][csv:715]: 1448087,AGG,2.11,1.63,7.34,-2.00,-1.00,7.34,-2.00,-1.00,7.34,-2.00,-1.00,7.14,-1.38,7.34,24.72,17.25,0.00,0.00,0.00,0.20,0.20,0,0
[10:53:59.958][I][csv:715]: 1448117,AGG,2.11,1.64,7.34,-2.00,-1.00,7.34,-2.00,-1.00,7.34,-2.00,-1.00,7.14,-1.38,7.34,24.72,17.25,0.00,0.00,0.00,0.20,0.20,0,0
[10:54:00.193][S][sensor]: 'TWC Vitals Current L1' >> 0.00 A
[10:54:00.193][S][sensor]: 'TWC Vitals Current L3' >> 0.20 A
[10:54:00.398][S][sensor]: 'Shelly Time Since Last OK' >> 239 ms
[10:54:00.398][S][sensor]: 'Shelly Active Power L3' >> 1690 W
[10:54:00.482][S][sensor]: 'Shelly Real Current L1' >> 2.11 A
[10:54:00.482][S][sensor]: 'Shelly Active Power L2' >> -377 W
[10:54:00.545][I][csv:715]: 1448704,AGG,2.11,1.64,7.34,-2.00,-1.00,7.34,-2.00,-1.00,7.34,-2.00,-1.00,7.14,-1.38,7.34,24.72,17.15,0.00,0.00,0.00,0.20,0.20,0,0
[10:54:00.556][I][csv:715]: 1448718,AGG,2.11,1.64,7.29,-2.00,-1.00,7.29,-2.00,-1.00,7.29,-2.00,-1.00,7.09,-1.37,7.29,24.66,17.15,0.00,0.00,0.00,0.20,0.20,0,0
[10:54:00.572][I][csv:715]: 1448731,AGG,2.11,1.64,7.29,-2.00,-1.00,7.29,-2.00,-1.00,7.29,-2.00,-1.00,7.09,-1.36,7.29,24.66,17.15,0.00,0.00,0.00,0.20,0.20,0,0
[10:54:00.605][S][sensor]: 'Shelly Real Current L3' >> 7.34 A
[10:54:00.605][S][sensor]: 'TWC Vitals Vehicle Current' >> 0.20 A
[10:54:00.605][S][sensor]: 'Shelly Real Current L2' >> 1.64 A
[10:54:00.610][I][csv:715]: 1448771,AGG,2.14,1.64,7.29,-2.00,-1.00,7.29,-2.00,-1.00,7.29,-2.00,-1.00,7.09,-1.36,7.29,24.66,17.15,0.00,0.00,0.00,0.20,0.20,0,0
[10:54:00.809][S][sensor]: 'TWC Time Since Last Poll' >> 174 ms
[10:54:00.831][I][csv:715]: 1448966,AGG,2.14,1.64,7.29,-2.00,-1.00,7.29,-2.00,-1.00,7.29,-2.00,-1.00,7.09,-1.36,7.29,24.66,17.15,0.00,0.00,0.00,0.20,0.20,0,0
[10:54:01.217][I][vitals:883]: TWC vitals: A=0.00 B=0.00 C=0.20 vehicle=0.20 contactor=open
[10:54:01.217][I][csv:715]: 1449287,AGG,2.14,1.64,7.29,-2.00,-1.00,7.29,-2.00,-1.00,7.29,-2.00,-1.00,7.09,-1.36,7.29,24.66,17.25,0.00,0.00,0.00,0.20,0.20,0,0
[10:54:01.217][I][csv:715]: 1449290,AGG,2.14,1.65,7.29,-2.00,-1.00,7.29,-2.00,-1.00,7.29,-2.00,-1.00,7.09,-1.36,7.29,24.66,17.25,0.00,0.00,0.00,0.20,0.20,0,0
[10:54:01.217][S][sensor]: 'TWC Poll Interval' >> 193 ms
[10:54:01.217][S][sensor]: 'TWC Vitals Current L2' >> 0.00 A
[10:54:01.735][I][csv:715]: 1449795,AGG,2.14,1.65,7.29,-2.00,-1.00,7.29,-2.00,-1.00,7.29,-2.00,-1.00,7.09,-1.36,7.29,24.66,17.15,0.00,0.00,0.00,0.20,0.20,0,0
[10:54:01.735][I][csv:715]: 1449800,AGG,2.14,1.65,7.30,-2.00,-1.00,7.30,-2.00,-1.00,7.30,-2.00,-1.00,7.10,-1.37,7.30,24.67,17.15,0.00,0.00,0.00,0.20,0.20,0,0
[10:54:01.735][I][csv:715]: 1449803,AGG,2.14,1.65,7.30,-2.00,-1.00,7.30,-2.00,-1.00,7.30,-2.00,-1.00,7.10,-1.37,7.30,24.67,17.15,0.00,0.00,0.00,0.20,0.20,0,0
[10:54:01.735][I][csv:715]: 1449806,AGG,2.14,1.65,7.30,-2.00,-1.00,7.30,-2.00,-1.00,7.30,-2.00,-1.00,7.10,-1.37,7.30,24.67,17.15,0.00,0.00,0.00,0.20,0.20,0,0
[10:54:01.835][I][csv:715]: 1449966,AGG,2.14,1.65,7.30,-2.00,-1.00,7.30,-2.00,-1.00,7.30,-2.00,-1.00,7.10,-1.37,7.30,24.67,17.15,0.00,0.00,0.00,0.20,0.20,0,0
[10:54:01.891][S][sensor]: 'Shelly Active Power L1' >> -478 W
[10:54:01.942][I][csv:715]: 1450103,AGG,2.14,1.65,7.30,-2.00,-1.00,7.30,-2.00,-1.00,7.30,-2.00,-1.00,7.10,-1.37,7.30,24.67,17.25,0.00,0.00,0.00,0.20,0.20,0,0
[10:54:01.965][I][csv:715]: 1450126,AGG,2.14,1.66,7.30,-2.00,-1.00,7.30,-2.00,-1.00,7.30,-2.00,-1.00,7.10,-1.37,7.30,24.67,17.25,0.00,0.00,0.00,0.20,0.20,0,0
[10:54:02.243][S][sensor]: 'TWC Vitals Current L1' >> 0.00 A
[10:54:02.243][S][sensor]: 'TWC Vitals Current L3' >> 0.20 A
[10:54:02.305][S][sensor]: 'Shelly Time Since Last OK' >> 230 ms
[10:54:02.305][S][sensor]: 'Shelly Active Power L3' >> 1689 W
[10:54:02.548][S][sensor]: 'Shelly Real Current L1' >> 2.14 A
[10:54:02.548][S][sensor]: 'Shelly Active Power L2' >> -385 W
[10:54:02.597][S][sensor]: 'TWC Reported Current L2' >> 17.2 A
[10:54:02.597][S][sensor]: 'Shelly Real Current L3' >> 7.30 A
[10:54:02.597][S][sensor]: 'TWC Vitals Vehicle Current' >> 0.20 A
[10:54:02.597][S][sensor]: 'Shelly Real Current L2' >> 1.66 A
[10:54:02.613][I][csv:715]: 1450768,AGG,2.14,1.66,7.30,-2.00,-1.00,7.30,-2.00,-1.00,7.30,-2.00,-1.00,7.10,-1.37,7.30,24.67,17.15,0.00,0.00,0.00,0.20,0.20,0,0
[10:54:02.619][I][csv:715]: 1450772,AGG,2.14,1.66,7.30,-2.00,-1.00,7.30,-2.00,-1.00,7.30,-2.00,-1.00,7.10,-1.37,7.30,24.66,17.15,0.00,0.00,0.00,0.20,0.20,0,0
[10:54:02.619][I][csv:715]: 1450775,AGG,2.14,1.66,7.30,-2.00,-1.00,7.30,-2.00,-1.00,7.30,-2.00,-1.00,7.10,-1.37,7.30,24.66,17.15,0.00,0.00,0.00,0.20,0.20,0,0
[10:54:02.629][I][csv:715]: 1450791,AGG,2.16,1.66,7.30,-2.00,-1.00,7.30,-2.00,-1.00,7.30,-2.00,-1.00,7.10,-1.37,7.30,24.66,17.15,0.00,0.00,0.00,0.20,0.20,0,0
[10:54:02.755][S][sensor]: 'TWC Time Since Last Poll' >> 135 ms
[10:54:02.804][I][csv:715]: 1450966,AGG,2.16,1.66,7.30,-2.00,-1.00,7.30,-2.00,-1.00,7.30,-2.00,-1.00,7.10,-1.37,7.30,24.66,17.15,0.00,0.00,0.00,0.20,0.20,0,0
[10:54:03.253][I][vitals:883]: TWC vitals: A=0.00 B=0.00 C=0.20 vehicle=0.20 contactor=open
[10:54:03.253][I][csv:715]: 1451252,AGG,2.16,1.66,7.30,-2.00,-1.00,7.30,-2.00,-1.00,7.30,-2.00,-1.00,7.10,-1.37,7.30,24.66,17.25,0.00,0.00,0.00,0.20,0.20,0,0
[10:54:03.253][I][csv:715]: 1451256,AGG,2.16,1.67,7.30,-2.00,-1.00,7.30,-2.00,-1.00,7.30,-2.00,-1.00,7.10,-1.37,7.30,24.66,17.25,0.00,0.00,0.00,0.20,0.20,0,0
[10:54:03.253][S][sensor]: 'TWC Poll Interval' >> 210 ms
[10:54:03.253][S][sensor]: 'TWC Vitals Current L2' >> 0.00 A
[10:54:03.781][I][csv:715]: 1451842,AGG,2.16,1.67,7.30,-2.00,-1.00,7.30,-2.00,-1.00,7.30,-2.00,-1.00,7.10,-1.37,7.30,24.66,17.15,0.00,0.00,0.00,0.20,0.20,0,0
[10:54:03.781][I][csv:715]: 1451846,AGG,2.16,1.67,7.29,-2.00,-1.00,7.29,-2.00,-1.00,7.29,-2.00,-1.00,7.09,-1.36,7.29,24.65,17.15,0.00,0.00,0.00,0.20,0.20,0,0
[10:54:03.781][I][csv:715]: 1451880,AGG,2.16,1.67,7.29,-2.00,-1.00,7.29,-2.00,-1.00,7.29,-2.00,-1.00,7.09,-1.36,7.29,24.65,17.15,0.00,0.00,0.00,0.20,0.20,0,0
[10:54:03.781][I][csv:715]: 1451885,AGG,2.17,1.67,7.29,-2.00,-1.00,7.29,-2.00,-1.00,7.29,-2.00,-1.00,7.09,-1.36,7.29,24.65,17.15,0.00,0.00,0.00,0.20,0.20,0,0
[10:54:03.805][I][csv:715]: 1451966,AGG,2.17,1.67,7.29,-2.00,-1.00,7.29,-2.00,-1.00,7.29,-2.00,-1.00,7.09,-1.36,7.29,24.65,17.15,0.00,0.00,0.00,0.20,0.20,0,0
[10:54:03.868][S][sensor]: 'TWC Reported Current L3' >> 17.2 A
[10:54:03.868][S][sensor]: 'Shelly Active Power L1' >> -482 W
[10:54:04.084][I][csv:715]: 1452153,AGG,2.17,1.67,7.29,-2.00,-1.00,7.29,-2.00,-1.00,7.29,-2.00,-1.00,7.09,-1.36,7.29,24.65,17.25,0.00,0.00,0.00,0.20,0.20,0,0
[10:54:04.158][I][csv:715]: 1452158,AGG,2.17,1.67,7.29,-2.00,-1.00,7.29,-2.00,-1.00,7.29,-2.00,-1.00,7.09,-1.36,7.29,24.65,17.25,0.00,0.00,0.00,0.20,0.20,0,0
[10:54:04.158][S][sensor]: 'TWC Vitals Current L1' >> 0.00 A
[10:54:04.158][S][sensor]: 'TWC Vitals Current L3' >> 0.20 A
[10:54:04.392][S][sensor]: 'Shelly Time Since Last OK' >> 198 ms
[10:54:04.392][S][sensor]: 'Shelly Active Power L3' >> 1694 W
[10:54:04.479][S][sensor]: 'Shelly Real Current L1' >> 2.17 A
[10:54:04.479][S][sensor]: 'Shelly Active Power L2' >> -389 W
[10:54:04.479][S][sensor]: 'TWC Reported Current L1' >> 17.2 A
[10:54:04.701][I][csv:715]: 1452771,AGG,2.17,1.67,7.29,-2.00,-1.00,7.29,-2.00,-1.00,7.29,-2.00,-1.00,7.09,-1.36,7.29,24.65,17.15,0.00,0.00,0.00,0.20,0.20,0,0
[10:54:04.701][I][csv:715]: 1452774,AGG,2.17,1.67,7.28,-2.00,-1.00,7.28,-2.00,-1.00,7.28,-2.00,-1.00,7.08,-1.36,7.28,24.64,17.15,0.00,0.00,0.00,0.20,0.20,0,0
[10:54:04.701][S][sensor]: 'Shelly Real Current L3' >> 7.29 A
[10:54:04.701][S][sensor]: 'TWC Vitals Vehicle Current' >> 0.20 A
[10:54:04.701][S][sensor]: 'Shelly Real Current L2' >> 1.67 A
[10:54:04.724][I][csv:715]: 1452884,AGG,2.17,1.67,7.28,-2.00,-1.00,7.28,-2.00,-1.00,7.28,-2.00,-1.00,7.08,-1.36,7.28,24.64,17.15,0.00,0.00,0.00,0.20,0.20,0,0
[10:54:04.729][I][csv:715]: 1452890,AGG,2.16,1.67,7.28,-2.00,-1.00,7.28,-2.00,-1.00,7.28,-2.00,-1.00,7.08,-1.36,7.28,24.64,17.15,0.00,0.00,0.00,0.20,0.20,0,0
[10:54:04.738][S][sensor]: 'TWC Time Since Last Poll' >> 190 ms
[10:54:04.804][I][csv:715]: 1452966,AGG,2.16,1.67,7.28,-2.00,-1.00,7.28,-2.00,-1.00,7.28,-2.00,-1.00,7.08,-1.36,7.28,24.64,17.15,0.00,0.00,0.00,0.20,0.20,0,0
[10:54:05.211][I][vitals:883]: TWC vitals: A=0.00 B=0.00 C=0.20 vehicle=0.20 contactor=open
[10:54:05.211][I][csv:715]: 1453296,AGG,2.16,1.67,7.28,-2.00,-1.00,7.28,-2.00,-1.00,7.28,-2.00,-1.00,7.08,-1.36,7.28,24.64,17.25,0.00,0.00,0.00,0.20,0.20,0,0
[10:54:05.211][I][csv:715]: 1453299,AGG,2.16,1.64,7.28,-2.00,-1.00,7.28,-2.00,-1.00,7.28,-2.00,-1.00,7.08,-1.36,7.28,24.64,17.25,0.00,0.00,0.00,0.20,0.20,0,0
[10:54:05.211][S][sensor]: 'TWC Poll Interval' >> 199 ms
[10:54:05.211][S][sensor]: 'TWC Vitals Current L2' >> 0.00 A
[10:54:05.743][I][csv:715]: 1453788,AGG,2.16,1.64,7.28,-2.00,-1.00,7.28,-2.00,-1.00,7.28,-2.00,-1.00,7.08,-1.36,7.28,24.64,17.15,0.00,0.00,0.00,0.20,0.20,0,0
[10:54:05.830][I][csv:715]: 1453792,AGG,2.16,1.64,7.23,-2.00,-1.00,7.23,-2.00,-1.00,7.23,-2.00,-1.00,7.03,-1.36,7.23,24.58,17.15,0.00,0.00,0.00,0.20,0.20,0,0
[10:54:05.831][I][csv:715]: 1453966,AGG,2.16,1.64,7.23,-2.00,-1.00,7.23,-2.00,-1.00,7.23,-2.00,-1.00,7.03,-1.34,7.23,24.57,17.15,0.00,0.00,0.00,0.20,0.20,0,0
[10:54:05.832][I][csv:715]: 1453994,AGG,2.16,1.64,7.23,-2.00,-1.00,7.23,-2.00,-1.00,7.23,-2.00,-1.00,7.03,-1.34,7.23,24.57,17.15,0.00,0.00,0.00,0.20,0.20,0,0
[10:54:05.841][I][csv:715]: 1453998,AGG,2.20,1.64,7.23,-2.00,-1.00,7.23,-2.00,-1.00,7.23,-2.00,-1.00,7.03,-1.34,7.23,24.57,17.15,0.00,0.00,0.00,0.20,0.20,0,0
[10:54:05.891][S][sensor]: 'Shelly Active Power L1' >> -486 W
[10:54:06.132][I][csv:715]: 1454209,AGG,2.20,1.64,7.23,-2.00,-1.00,7.23,-2.00,-1.00,7.23,-2.00,-1.00,7.03,-1.34,7.23,24.57,17.25,0.00,0.00,0.00,0.20,0.20,0,0
[10:54:06.156][I][csv:715]: 1454213,AGG,2.20,1.68,7.23,-2.00,-1.00,7.23,-2.00,-1.00,7.23,-2.00,-1.00,7.03,-1.34,7.23,24.57,17.25,0.00,0.00,0.00,0.20,0.20,0,0
[10:54:06.156][S][sensor]: 'TWC Vitals Current L1' >> 0.00 A
[10:54:06.157][S][sensor]: 'TWC Vitals Current L3' >> 0.20 A
[10:54:06.337][S][sensor]: 'Shelly Time Since Last OK' >> 143 ms
[10:54:06.337][S][sensor]: 'Shelly Active Power L3' >> 1678 W
[10:54:06.555][S][sensor]: 'Shelly Real Current L1' >> 2.20 A
[10:54:06.555][S][sensor]: 'Shelly Active Power L2' >> -393 W
[10:54:06.596][S][sensor]: 'Shelly Real Current L3' >> 7.23 A
[10:54:06.596][S][sensor]: 'TWC Vitals Vehicle Current' >> 0.20 A
[10:54:06.596][S][sensor]: 'Shelly Real Current L2' >> 1.68 A
[10:54:06.603][I][csv:715]: 1454766,AGG,2.20,1.68,7.23,-2.00,-1.00,7.23,-2.00,-1.00,7.23,-2.00,-1.00,7.03,-1.34,7.23,24.57,17.15,0.00,0.00,0.00,0.20,0.20,0,0
[10:54:06.610][I][csv:715]: 1454770,AGG,2.20,1.68,7.22,-2.00,-1.00,7.22,-2.00,-1.00,7.22,-2.00,-1.00,7.02,-1.34,7.22,24.56,17.15,0.00,0.00,0.00,0.20,0.20,0,0
[10:54:06.852][S][sensor]: 'TWC Time Since Last Poll' >> 146 ms
[10:54:06.867][I][csv:715]: 1454928,AGG,2.20,1.68,7.22,-2.00,-1.00,7.22,-2.00,-1.00,7.22,-2.00,-1.00,7.02,-1.34,7.22,24.56,17.15,0.00,0.00,0.00,0.20,0.20,0,0
[10:54:06.867][I][csv:715]: 1454966,AGG,2.20,1.68,7.22,-2.00,-1.00,7.22,-2.00,-1.00,7.22,-2.00,-1.00,7.02,-1.34,7.22,24.56,17.15,0.00,0.00,0.00,0.20,0.20,0,0
[10:54:07.156][I][vitals:883]: TWC vitals: A=0.00 B=0.00 C=0.20 vehicle=0.20 contactor=open
[10:54:07.156][I][csv:715]: 1455253,AGG,2.20,1.68,7.22,-2.00,-1.00,7.22,-2.00,-1.00,7.22,-2.00,-1.00,7.02,-1.34,7.22,24.56,17.25,0.00,0.00,0.00,0.20,0.20,0,0
[10:54:07.156][I][csv:715]: 1455257,AGG,2.20,1.69,7.22,-2.00,-1.00,7.22,-2.00,-1.00,7.22,-2.00,-1.00,7.02,-1.34,7.22,24.56,17.25,0.00,0.00,0.00,0.20,0.20,0,0
[10:54:07.156][S][sensor]: 'TWC Poll Interval' >> 182 ms
[10:54:07.156][S][sensor]: 'TWC Vitals Current L2' >> 0.00 A
[10:54:07.669][S][sensor]: 'TWC Reported Current L2' >> 17.2 A
[10:54:07.875][I][csv:715]: 1455776,AGG,2.20,1.69,7.22,-2.00,-1.00,7.22,-2.00,-1.00,7.22,-2.00,-1.00,7.02,-1.34,7.22,24.56,17.15,0.00,0.00,0.00,0.20,0.20,0,0
[10:54:07.875][I][csv:715]: 1455779,AGG,2.20,1.69,7.25,-2.00,-1.00,7.25,-2.00,-1.00,7.25,-2.00,-1.00,7.05,-1.34,7.25,24.59,17.15,0.00,0.00,0.00,0.20,0.20,0,0
[10:54:07.875][I][csv:715]: 1455951,AGG,2.20,1.69,7.25,-2.00,-1.00,7.25,-2.00,-1.00,7.25,-2.00,-1.00,7.05,-1.35,7.25,24.59,17.15,0.00,0.00,0.00,0.20,0.20,0,0
[10:54:07.875][I][csv:715]: 1455957,AGG,2.23,1.69,7.25,-2.00,-1.00,7.25,-2.00,-1.00,7.25,-2.00,-1.00,7.05,-1.35,7.25,24.59,17.15,0.00,0.00,0.00,0.20,0.20,0,0
[10:54:07.886][I][csv:715]: 1455966,AGG,2.23,1.69,7.25,-2.00,-1.00,7.25,-2.00,-1.00,7.25,-2.00,-1.00,7.05,-1.35,7.25,24.59,17.15,0.00,0.00,0.00,0.20,0.20,0,0
[10:54:07.886][S][sensor]: 'Shelly Active Power L1' >> -496 W
[10:54:08.180][I][csv:715]: 1456247,AGG,2.23,1.69,7.25,-2.00,-1.00,7.25,-2.00,-1.00,7.25,-2.00,-1.00,7.05,-1.35,7.25,24.59,17.25,0.00,0.00,0.00,0.20,0.20,0,0
[10:54:08.180][I][csv:715]: 1456251,AGG,2.23,1.65,7.25,-2.00,-1.00,7.25,-2.00,-1.00,7.25,-2.00,-1.00,7.05,-1.35,7.25,24.59,17.25,0.00,0.00,0.00,0.20,0.20,0,0
[10:54:08.181][S][sensor]: 'TWC Vitals Current L1' >> 0.00 A
[10:54:08.181][S][sensor]: 'TWC Vitals Current L3' >> 0.20 A
[10:54:08.385][S][sensor]: 'Shelly Time Since Last OK' >> 105 ms
[10:54:08.386][S][sensor]: 'Shelly Active Power L3' >> 1667 W
[10:54:08.470][S][sensor]: 'Shelly Real Current L1' >> 2.23 A
[10:54:08.470][S][sensor]: 'Shelly Active Power L2' >> -383 W
[10:54:08.602][S][sensor]: 'Shelly Real Current L3' >> 7.25 A
[10:54:08.603][S][sensor]: 'TWC Vitals Vehicle Current' >> 0.20 A
[10:54:08.603][S][sensor]: 'Shelly Real Current L2' >> 1.65 A
[10:54:08.618][I][csv:715]: 1456779,AGG,2.23,1.65,7.25,-2.00,-1.00,7.25,-2.00,-1.00,7.25,-2.00,-1.00,7.05,-1.35,7.25,24.59,17.15,0.00,0.00,0.00,0.20,0.20,0,0
[10:54:08.624][I][csv:715]: 1456783,AGG,2.23,1.65,7.21,-2.00,-1.00,7.21,-2.00,-1.00,7.21,-2.00,-1.00,7.01,-1.34,7.21,24.55,17.15,0.00,0.00,0.00,0.20,0.20,0,0
[10:54:08.750][S][sensor]: 'TWC Time Since Last Poll' >> 20 ms
[10:54:08.776][I][csv:715]: 1456937,AGG,2.23,1.65,7.21,-2.00,-1.00,7.21,-2.00,-1.00,7.21,-2.00,-1.00,7.01,-1.34,7.21,24.55,17.15,0.00,0.00,0.00,0.20,0.20,0,0
[10:54:08.801][I][csv:715]: 1456963,AGG,2.25,1.65,7.21,-2.00,-1.00,7.21,-2.00,-1.00,7.21,-2.00,-1.00,7.01,-1.34,7.21,24.55,17.15,0.00,0.00,0.00,0.20,0.20,0,0
[10:54:08.812][I][csv:715]: 1456966,AGG,2.25,1.65,7.21,-2.00,-1.00,7.21,-2.00,-1.00,7.21,-2.00,-1.00,7.01,-1.34,7.21,24.55,17.15,0.00,0.00,0.00,0.20,0.20,0,0
[10:54:09.102][I][vitals:883]: TWC vitals: A=0.00 B=0.00 C=0.20 vehicle=0.20 contactor=open
[10:54:09.102][I][csv:715]: 1457254,AGG,2.25,1.65,7.21,-2.00,-1.00,7.21,-2.00,-1.00,7.21,-2.00,-1.00,7.01,-1.34,7.21,24.55,17.25,0.00,0.00,0.00,0.20,0.20,0,0
[10:54:09.102][I][csv:715]: 1457258,AGG,2.25,1.68,7.21,-2.00,-1.00,7.21,-2.00,-1.00,7.21,-2.00,-1.00,7.01,-1.34,7.21,24.55,17.25,0.00,0.00,0.00,0.20,0.20,0,0
[10:54:09.102][S][sensor]: 'TWC Reported Current L3' >> 17.2 A
[10:54:09.102][S][sensor]: 'TWC Poll Interval' >> 194 ms
[10:54:09.102][S][sensor]: 'TWC Vitals Current L2' >> 0.00 A
[10:54:09.110][E][modbus:456]: Attempted to send while transmission blocked
[10:54:09.626][S][sensor]: 'TWC Reported Current L1' >> 17.2 A
[10:54:09.631][I][csv:715]: 1457758,AGG,2.25,1.68,7.21,-2.00,-1.00,7.21,-2.00,-1.00,7.21,-2.00,-1.00,7.01,-1.34,7.21,24.55,17.15,0.00,0.00,0.00,0.20,0.20,0,0
[10:54:09.632][I][csv:715]: 1457767,AGG,2.25,1.68,7.20,-2.00,-1.00,7.20,-2.00,-1.00,7.20,-2.00,-1.00,7.00,-1.33,7.20,24.53,17.15,0.00,0.00,0.00,0.20,0.20,0,0
[10:54:09.819][I][csv:715]: 1457966,AGG,2.25,1.68,7.20,-2.00,-1.00,7.20,-2.00,-1.00,7.20,-2.00,-1.00,7.00,-1.33,7.20,24.53,17.15,0.00,0.00,0.00,0.20,0.20,0,0
[10:54:09.819][I][csv:715]: 1457974,AGG,2.25,1.68,7.20,-2.00,-1.00,7.20,-2.00,-1.00,7.20,-2.00,-1.00,7.00,-1.33,7.20,24.53,17.15,0.00,0.00,0.00,0.20,0.20,0,0
[10:54:09.832][I][csv:715]: 1457978,AGG,2.24,1.68,7.20,-2.00,-1.00,7.20,-2.00,-1.00,7.20,-2.00,-1.00,7.00,-1.33,7.20,24.53,17.15,0.00,0.00,0.00,0.20,0.20,0,0
[10:54:09.896][S][sensor]: 'Shelly Active Power L1' >> -503 W
[10:54:09.992][I][csv:715]: 1458154,AGG,2.24,1.68,7.20,-2.00,-1.00,7.20,-2.00,-1.00,7.20,-2.00,-1.00,7.00,-1.33,7.20,24.53,17.25,0.00,0.00,0.00,0.20,0.20,0,0
[10:54:10.028][I][csv:715]: 1458190,AGG,2.24,1.69,7.20,-2.00,-1.00,7.20,-2.00,-1.00,7.20,-2.00,-1.00,7.00,-1.33,7.20,24.53,17.25,0.00,0.00,0.00,0.20,0.20,0,0
[10:54:10.167][S][sensor]: 'TWC Vitals Current L1' >> 0.00 A
[10:54:10.167][S][sensor]: 'TWC Vitals Current L3' >> 0.20 A
[10:54:10.331][S][sensor]: 'Shelly Time Since Last OK' >> 166 ms
[10:54:10.331][S][sensor]: 'Shelly Active Power L3' >> 1671 W
[10:54:10.535][S][sensor]: 'Shelly Real Current L1' >> 2.24 A
[10:54:10.535][S][sensor]: 'Shelly Active Power L2' >> -393 W
[10:54:10.605][S][sensor]: 'Shelly Real Current L3' >> 7.20 A
[10:54:10.605][S][sensor]: 'TWC Vitals Vehicle Current' >> 0.20 A
[10:54:10.605][S][sensor]: 'Shelly Real Current L2' >> 1.69 A
[10:54:10.612][I][csv:715]: 1458771,AGG,2.24,1.69,7.20,-2.00,-1.00,7.20,-2.00,-1.00,7.20,-2.00,-1.00,7.00,-1.33,7.20,24.53,17.15,0.00,0.00,0.00,0.20,0.20,0,0
[10:54:10.620][I][csv:715]: 1458779,AGG,2.24,1.69,7.18,-2.00,-1.00,7.18,-2.00,-1.00,7.18,-2.00,-1.00,6.98,-1.33,7.18,24.51,17.15,0.00,0.00,0.00,0.20,0.20,0,0
[10:54:10.847][S][sensor]: 'TWC Time Since Last Poll' >> 81 ms
[10:54:10.855][I][csv:715]: 1458950,AGG,2.24,1.69,7.18,-2.00,-1.00,7.18,-2.00,-1.00,7.18,-2.00,-1.00,6.98,-1.33,7.18,24.51,17.15,0.00,0.00,0.00,0.20,0.20,0,0
[10:54:10.855][I][csv:715]: 1458966,AGG,2.24,1.69,7.18,-2.00,-1.00,7.18,-2.00,-1.00,7.18,-2.00,-1.00,6.98,-1.33,7.18,24.51,17.15,0.00,0.00,0.00,0.20,0.20,0,0
[10:54:10.855][I][csv:715]: 1458978,AGG,2.27,1.69,7.18,-2.00,-1.00,7.18,-2.00,-1.00,7.18,-2.00,-1.00,6.98,-1.33,7.18,24.51,17.15,0.00,0.00,0.00,0.20,0.20,0,0
[10:54:11.150][I][vitals:883]: TWC vitals: A=0.00 B=0.00 C=0.20 vehicle=0.20 contactor=open
[10:54:11.151][I][csv:715]: 1459253,AGG,2.27,1.69,7.18,-2.00,-1.00,7.18,-2.00,-1.00,7.18,-2.00,-1.00,6.98,-1.33,7.18,24.51,17.25,0.00,0.00,0.00,0.20,0.20,0,0
[10:54:11.151][I][csv:715]: 1459258,AGG,2.27,1.69,7.18,-2.00,-1.00,7.18,-2.00,-1.00,7.18,-2.00,-1.00,6.98,-1.33,7.18,24.51,17.25,0.00,0.00,0.00,0.20,0.20,0,0
[10:54:11.151][S][sensor]: 'TWC Poll Interval' >> 198 ms
[10:54:11.151][S][sensor]: 'TWC Vitals Current L2' >> 0.00 A
[10:54:11.766][I][csv:715]: 1459829,AGG,2.27,1.69,7.18,-2.00,-1.00,7.18,-2.00,-1.00,7.18,-2.00,-1.00,6.98,-1.33,7.18,24.51,17.15,0.00,0.00,0.00,0.20,0.20,0,0
[10:54:11.970][I][csv:715]: 1459833,AGG,2.27,1.69,7.22,-2.00,-1.00,7.22,-2.00,-1.00,7.22,-2.00,-1.00,7.02,-1.33,7.22,24.55,17.15,0.00,0.00,0.00,0.20,0.20,0,0
[10:54:11.971][I][csv:715]: 1459966,AGG,2.27,1.69,7.22,-2.00,-1.00,7.22,-2.00,-1.00,7.22,-2.00,-1.00,7.02,-1.34,7.22,24.55,17.15,0.00,0.00,0.00,0.20,0.20,0,0
[10:54:11.971][I][csv:715]: 1460035,AGG,2.27,1.69,7.22,-2.00,-1.00,7.22,-2.00,-1.00,7.22,-2.00,-1.00,7.02,-1.34,7.22,24.55,17.25,0.00,0.00,0.00,0.20,0.20,0,0
[10:54:11.971][I][csv:715]: 1460039,AGG,2.27,1.69,7.22,-2.00,-1.00,7.22,-2.00,-1.00,7.22,-2.00,-1.00,7.02,-1.34,7.22,24.55,17.25,0.00,0.00,0.00,0.20,0.20,0,0
[10:54:11.971][S][sensor]: 'Shelly Active Power L1' >> -515 W
[10:54:12.175][I][csv:715]: 1460239,AGG,2.27,1.69,7.22,-2.00,-1.00,7.22,-2.00,-1.00,7.22,-2.00,-1.00,7.02,-1.34,7.22,24.55,17.25,0.00,0.00,0.00,0.20,0.20,0,0
[10:54:12.175][I][csv:715]: 1460244,AGG,2.27,1.71,7.22,-2.00,-1.00,7.22,-2.00,-1.00,7.22,-2.00,-1.00,7.02,-1.34,7.22,24.55,17.25,0.00,0.00,0.00,0.20,0.20,0,0
[10:54:12.175][S][sensor]: 'TWC Vitals Current L1' >> 0.00 A
[10:54:12.175][S][sensor]: 'TWC Vitals Current L3' >> 0.20 A
[10:54:12.379][S][sensor]: 'Shelly Time Since Last OK' >> 113 ms
[10:54:12.379][S][sensor]: 'Shelly Active Power L3' >> 1666 W
[10:54:12.584][S][sensor]: 'Shelly Real Current L1' >> 2.27 A
[10:54:12.584][S][sensor]: 'Shelly Active Power L2' >> -399 W
[10:54:12.609][S][sensor]: 'TWC Reported Current L2' >> 17.2 A
[10:54:12.609][S][sensor]: 'Shelly Real Current L3' >> 7.22 A
[10:54:12.609][S][sensor]: 'TWC Vitals Vehicle Current' >> 0.20 A
[10:54:12.609][S][sensor]: 'Shelly Real Current L2' >> 1.71 A
[10:54:12.624][I][csv:715]: 1460786,AGG,2.27,1.71,7.22,-2.00,-1.00,7.22,-2.00,-1.00,7.22,-2.00,-1.00,7.02,-1.34,7.22,24.55,17.15,0.00,0.00,0.00,0.20,0.20,0,0
[10:54:12.632][I][csv:715]: 1460790,AGG,2.27,1.71,7.16,-2.00,-1.00,7.16,-2.00,-1.00,7.16,-2.00,-1.00,6.96,-1.33,7.16,24.49,17.15,0.00,0.00,0.00,0.20,0.20,0,0
[10:54:12.739][S][sensor]: 'TWC Time Since Last Poll' >> 45 ms
[10:54:12.795][I][csv:715]: 1460956,AGG,2.27,1.71,7.16,-2.00,-1.00,7.16,-2.00,-1.00,7.16,-2.00,-1.00,6.96,-1.32,7.16,24.48,17.15,0.00,0.00,0.00,0.20,0.20,0,0
[10:54:12.804][I][csv:715]: 1460966,AGG,2.27,1.71,7.16,-2.00,-1.00,7.16,-2.00,-1.00,7.16,-2.00,-1.00,6.96,-1.32,7.16,24.48,17.15,0.00,0.00,0.00,0.20,0.20,0,0
[10:54:13.198][I][vitals:883]: TWC vitals: A=0.00 B=0.00 C=0.20 vehicle=0.20 contactor=open
[10:54:13.198][I][csv:715]: 1461256,AGG,2.29,1.71,7.16,-2.00,-1.00,7.16,-2.00,-1.00,7.16,-2.00,-1.00,6.96,-1.32,7.16,24.48,17.25,0.00,0.00,0.00,0.20,0.20,0,0
[10:54:13.198][I][csv:715]: 1461260,AGG,2.29,1.71,7.16,-2.00,-1.00,7.16,-2.00,-1.00,7.16,-2.00,-1.00,6.96,-1.32,7.16,24.48,17.25,0.00,0.00,0.00,0.20,0.20,0,0
[10:54:13.198][I][csv:715]: 1461264,AGG,2.29,1.78,7.16,-2.00,-1.00,7.16,-2.00,-1.00,7.16,-2.00,-1.00,6.96,-1.32,7.16,24.48,17.25,0.00,0.00,0.00,0.20,0.20,0,0
[10:54:13.198][S][sensor]: 'TWC Poll Interval' >> 194 ms
[10:54:13.199][S][sensor]: 'TWC Vitals Current L2' >> 0.00 A
[10:54:13.814][I][csv:715]: 1461877,AGG,2.29,1.78,7.16,-2.00,-1.00,7.16,-2.00,-1.00,7.16,-2.00,-1.00,6.96,-1.32,7.16,24.48,17.15,0.00,0.00,0.00,0.20,0.20,0,0
[10:54:13.885][I][csv:715]: 1461881,AGG,2.29,1.78,7.13,-2.00,-1.00,7.13,-2.00,-1.00,7.13,-2.00,-1.00,6.93,-1.32,7.13,24.45,17.15,0.00,0.00,0.00,0.20,0.20,0,0
[10:54:13.886][I][csv:715]: 1461966,AGG,2.29,1.78,7.13,-2.00,-1.00,7.13,-2.00,-1.00,7.13,-2.00,-1.00,6.93,-1.31,7.13,24.45,17.15,0.00,0.00,0.00,0.20,0.20,0,0
[10:54:13.886][S][sensor]: 'TWC Reported Current L3' >> 17.2 A
[10:54:13.886][S][sensor]: 'Shelly Active Power L1' >> -518 W
[10:54:13.892][I][csv:715]: 1462049,AGG,2.29,1.78,7.13,-2.00,-1.00,7.13,-2.00,-1.00,7.13,-2.00,-1.00,6.93,-1.31,7.13,24.45,17.25,0.00,0.00,0.00,0.20,0.20,0,0
[10:54:13.892][I][csv:715]: 1462052,AGG,2.32,1.78,7.13,-2.00,-1.00,7.13,-2.00,-1.00,7.13,-2.00,-1.00,6.93,-1.31,7.13,24.45,17.25,0.00,0.00,0.00,0.20,0.20,0,0
[10:54:14.646][I][csv:715]: 1462288,AGG,2.32,1.78,7.13,-2.00,-1.00,7.13,-2.00,-1.00,7.13,-2.00,-1.00,6.93,-1.31,7.13,24.45,17.25,0.00,0.00,0.00,0.20,0.20,0,0
[10:54:14.646][I][csv:715]: 1462292,AGG,2.32,1.76,7.13,-2.00,-1.00,7.13,-2.00,-1.00,7.13,-2.00,-1.00,6.93,-1.31,7.13,24.45,17.25,0.00,0.00,0.00,0.20,0.20,0,0
[10:54:14.647][S][sensor]: 'TWC Vitals Current L1' >> 0.00 A
[10:54:14.647][S][sensor]: 'TWC Vitals Current L3' >> 0.20 A
[10:54:14.647][S][sensor]: 'Shelly Time Since Last OK' >> 64 ms
[10:54:14.647][S][sensor]: 'Shelly Active Power L3' >> 1662 W
[10:54:14.647][S][sensor]: 'Shelly Real Current L1' >> 2.32 A
[10:54:14.647][S][sensor]: 'Shelly Active Power L2' >> -407 W
[10:54:14.647][S][sensor]: 'TWC Reported Current L1' >> 17.2 A
[10:54:14.647][S][sensor]: 'Shelly Real Current L3' >> 7.13 A
[10:54:14.647][S][sensor]: 'TWC Vitals Vehicle Current' >> 0.20 A
[10:54:14.647][S][sensor]: 'Shelly Real Current L2' >> 1.76 A
[10:54:14.661][I][csv:715]: 1462786,AGG,2.32,1.76,7.13,-2.00,-1.00,7.13,-2.00,-1.00,7.13,-2.00,-1.00,6.93,-1.31,7.13,24.45,17.15,0.00,0.00,0.00,0.20,0.20,0,0
[10:54:14.662][I][csv:715]: 1462797,AGG,2.32,1.76,6.95,-2.00,-1.00,6.95,-2.00,-1.00,6.95,-2.00,-1.00,6.75,-1.30,6.95,24.25,17.15,0.00,0.00,0.00,0.20,0.20,0,0
[10:54:14.872][S][sensor]: 'TWC Time Since Last Poll' >> 109 ms
[10:54:14.877][I][csv:715]: 1462966,AGG,2.32,1.76,6.95,-2.00,-1.00,6.95,-2.00,-1.00,6.95,-2.00,-1.00,6.75,-1.25,6.95,24.20,17.15,0.00,0.00,0.00,0.20,0.20,0,0
[10:54:14.878][I][csv:715]: 1462971,AGG,2.32,1.76,6.95,-2.00,-1.00,6.95,-2.00,-1.00,6.95,-2.00,-1.00,6.75,-1.25,6.95,24.20,17.15,0.00,0.00,0.00,0.20,0.20,0,0
[10:54:15.144][I][vitals:883]: TWC vitals: A=0.00 B=0.00 C=0.20 vehicle=0.20 contactor=open
[10:54:15.144][I][csv:715]: 1463258,AGG,2.36,1.76,6.95,-2.00,-1.00,6.95,-2.00,-1.00,6.95,-2.00,-1.00,6.75,-1.25,6.95,24.20,17.25,0.00,0.00,0.00,0.20,0.20,0,0
[10:54:15.144][I][csv:715]: 1463262,AGG,2.36,1.76,6.95,-2.00,-1.00,6.95,-2.00,-1.00,6.95,-2.00,-1.00,6.75,-1.25,6.95,24.20,17.25,0.00,0.00,0.00,0.20,0.20,0,0
[10:54:15.144][I][csv:715]: 1463265,AGG,2.36,1.86,6.95,-2.00,-1.00,6.95,-2.00,-1.00,6.95,-2.00,-1.00,6.75,-1.25,6.95,24.20,17.25,0.00,0.00,0.00,0.20,0.20,0,0
[10:54:15.144][S][sensor]: 'TWC Poll Interval' >> 196 ms
[10:54:15.144][S][sensor]: 'TWC Vitals Current L2' >> 0.00 A
[10:54:15.149][E][modbus:456]: Attempted to send while transmission blocked
[10:54:15.779][I][csv:715]: 1463822,AGG,2.36,1.86,6.95,-2.00,-1.00,6.95,-2.00,-1.00,6.95,-2.00,-1.00,6.75,-1.25,6.95,24.20,17.15,0.00,0.00,0.00,0.20,0.20,0,0
[10:54:15.805][I][csv:715]: 1463826,AGG,2.36,1.86,6.92,-2.00,-1.00,6.92,-2.00,-1.00,6.92,-2.00,-1.00,6.72,-1.25,6.92,24.16,17.15,0.00,0.00,0.00,0.20,0.20,0,0
[10:54:15.805][I][csv:715]: 1463966,AGG,2.36,1.86,6.92,-2.00,-1.00,6.92,-2.00,-1.00,6.92,-2.00,-1.00,6.72,-1.24,6.92,24.16,17.15,0.00,0.00,0.00,0.20,0.20,0,0
[10:54:15.828][I][csv:715]: 1463987,AGG,2.36,1.86,6.92,-2.00,-1.00,6.92,-2.00,-1.00,6.92,-2.00,-1.00,6.72,-1.24,6.92,24.16,17.15,0.00,0.00,0.00,0.20,0.20,0,0
[10:54:15.841][I][csv:715]: 1464002,AGG,2.42,1.86,6.92,-2.00,-1.00,6.92,-2.00,-1.00,6.92,-2.00,-1.00,6.72,-1.24,6.92,24.16,17.25,0.00,0.00,0.00,0.20,0.20,0,0
[10:54:15.888][S][sensor]: 'Shelly Active Power L1' >> -530 W
[10:54:16.180][I][csv:715]: 1464235,AGG,2.42,1.86,6.92,-2.00,-1.00,6.92,-2.00,-1.00,6.92,-2.00,-1.00,6.72,-1.24,6.92,24.16,17.25,0.00,0.00,0.00,0.20,0.20,0,0
[10:54:16.180][I][csv:715]: 1464248,AGG,2.42,1.83,6.92,-2.00,-1.00,6.92,-2.00,-1.00,6.92,-2.00,-1.00,6.72,-1.24,6.92,24.16,17.25,0.00,0.00,0.00,0.20,0.20,0,0
[10:54:16.180][S][sensor]: 'TWC Vitals Current L1' >> 0.00 A
[10:54:16.180][S][sensor]: 'TWC Vitals Current L3' >> 0.20 A
[10:54:16.374][S][sensor]: 'Shelly Time Since Last OK' >> 108 ms
[10:54:16.375][S][sensor]: 'Shelly Active Power L3' >> 1576 W
[10:54:16.466][S][sensor]: 'Shelly Real Current L1' >> 2.42 A
[10:54:16.466][S][sensor]: 'Shelly Active Power L2' >> -423 W
[10:54:16.683][S][sensor]: 'Shelly Real Current L3' >> 6.92 A
[10:54:16.683][S][sensor]: 'TWC Vitals Vehicle Current' >> 0.20 A
[10:54:16.683][S][sensor]: 'Shelly Real Current L2' >> 1.83 A
[10:54:16.691][I][csv:715]: 1464799,AGG,2.42,1.83,6.92,-2.00,-1.00,6.92,-2.00,-1.00,6.92,-2.00,-1.00,6.72,-1.24,6.92,24.16,17.15,0.00,0.00,0.00,0.20,0.20,0,0
[10:54:16.691][I][csv:715]: 1464805,AGG,2.42,1.83,6.86,-2.00,-1.00,6.86,-2.00,-1.00,6.86,-2.00,-1.00,6.66,-1.23,6.86,24.10,17.15,0.00,0.00,0.00,0.20,0.20,0,0
[10:54:16.737][S][sensor]: 'TWC Time Since Last Poll' >> 165 ms
[10:54:16.806][I][csv:715]: 1464966,AGG,2.42,1.83,6.86,-2.00,-1.00,6.86,-2.00,-1.00,6.86,-2.00,-1.00,6.66,-1.22,6.86,24.08,17.15,0.00,0.00,0.00,0.20,0.20,0,0
[10:54:17.192][I][vitals:883]: TWC vitals: A=0.00 B=0.00 C=0.20 vehicle=0.20 contactor=open
[10:54:17.192][I][csv:715]: 1465260,AGG,2.42,1.83,6.86,-2.00,-1.00,6.86,-2.00,-1.00,6.86,-2.00,-1.00,6.66,-1.22,6.86,24.08,17.25,0.00,0.00,0.00,0.20,0.20,0,0
[10:54:17.192][I][csv:715]: 1465263,AGG,2.48,1.83,6.86,-2.00,-1.00,6.86,-2.00,-1.00,6.86,-2.00,-1.00,6.66,-1.22,6.86,24.08,17.25,0.00,0.00,0.00,0.20,0.20,0,0
[10:54:17.192][I][csv:715]: 1465267,AGG,2.48,1.83,6.86,-2.00,-1.00,6.86,-2.00,-1.00,6.86,-2.00,-1.00,6.66,-1.22,6.86,24.08,17.25,0.00,0.00,0.00,0.20,0.20,0,0
[10:54:17.192][I][csv:715]: 1465271,AGG,2.48,1.96,6.86,-2.00,-1.00,6.86,-2.00,-1.00,6.86,-2.00,-1.00,6.66,-1.22,6.86,24.08,17.25,0.00,0.00,0.00,0.20,0.20,0,0
[10:54:17.192][S][sensor]: 'TWC Poll Interval' >> 200 ms
[10:54:17.193][S][sensor]: 'TWC Vitals Current L2' >> 0.00 A
[10:54:17.704][S][sensor]: 'TWC Reported Current L2' >> 17.2 A
[10:54:17.909][I][csv:715]: 1465803,AGG,2.48,1.96,6.86,-2.00,-1.00,6.86,-2.00,-1.00,6.86,-2.00,-1.00,6.66,-1.22,6.86,24.08,17.15,0.00,0.00,0.00,0.20,0.20,0,0
[10:54:17.909][I][csv:715]: 1465810,AGG,2.48,1.96,6.76,-2.00,-1.00,6.76,-2.00,-1.00,6.76,-2.00,-1.00,6.56,-1.21,6.76,23.97,17.15,0.00,0.00,0.00,0.20,0.20,0,0
[10:54:17.909][I][csv:715]: 1465966,AGG,2.48,1.96,6.76,-2.00,-1.00,6.76,-2.00,-1.00,6.76,-2.00,-1.00,6.56,-1.19,6.76,23.94,17.15,0.00,0.00,0.00,0.20,0.20,0,0
[10:54:17.909][I][csv:715]: 1466023,AGG,2.48,1.96,6.76,-2.00,-1.00,6.76,-2.00,-1.00,6.76,-2.00,-1.00,6.56,-1.19,6.76,23.94,17.25,0.00,0.00,0.00,0.20,0.20,0,0
[10:54:17.909][I][csv:715]: 1466030,AGG,2.59,1.96,6.76,-2.00,-1.00,6.76,-2.00,-1.00,6.76,-2.00,-1.00,6.56,-1.19,6.76,23.94,17.25,0.00,0.00,0.00,0.20,0.20,0,0
[10:54:17.909][S][sensor]: 'Shelly Active Power L1' >> -554 W
[10:54:18.216][I][csv:715]: 1466282,AGG,2.59,1.96,6.76,-2.00,-1.00,6.76,-2.00,-1.00,6.76,-2.00,-1.00,6.56,-1.19,6.76,23.94,17.25,0.00,0.00,0.00,0.20,0.20,0,0
[10:54:18.216][I][csv:715]: 1466286,AGG,2.59,2.01,6.76,-2.00,-2.00,6.76,-2.00,-2.00,6.76,-2.00,-2.00,6.56,-1.18,6.76,23.94,17.25,0.00,0.00,0.00,0.20,0.20,0,0
[10:54:18.216][S][sensor]: 'TWC Vitals Current L1' >> 0.00 A
[10:54:18.216][S][sensor]: 'TWC Vitals Current L3' >> 0.20 A
[10:54:18.298][S][sensor]: 'Shelly Time Since Last OK' >> 70 ms
[10:54:18.298][S][sensor]: 'Shelly Active Power L3' >> 1551 W
[10:54:18.525][S][sensor]: 'Shelly Real Current L1' >> 2.59 A
[10:54:18.525][S][sensor]: 'Shelly Active Power L2' >> -465 W
[10:54:18.603][S][sensor]: 'Shelly Real Current L3' >> 6.76 A
[10:54:18.603][S][sensor]: 'TWC Vitals Vehicle Current' >> 0.20 A
[10:54:18.603][S][sensor]: 'Shelly Real Current L2' >> 2.01 A
[10:54:18.654][I][csv:715]: 1466814,AGG,2.59,2.01,6.76,-2.00,-2.00,6.76,-2.00,-2.00,6.76,-2.00,-2.00,6.56,-0.85,6.76,23.61,17.15,0.00,0.00,0.00,0.20,0.20,0,0
[10:54:18.664][I][csv:715]: 1466820,AGG,2.59,2.01,6.64,-2.00,-2.00,6.64,-2.00,-2.00,6.64,-2.00,-2.00,6.44,-0.85,6.64,23.49,17.15,0.00,0.00,0.00,0.20,0.20,0,0
[10:54:18.763][S][sensor]: 'TWC Time Since Last Poll' >> 129 ms
[10:54:18.804][I][csv:715]: 1466966,AGG,2.59,2.01,6.64,-2.00,-2.00,6.64,-2.00,-2.00,6.64,-2.00,-2.00,6.44,-0.81,6.64,23.46,17.15,0.00,0.00,0.00,0.20,0.20,0,0
[10:54:19.093][I][vitals:883]: TWC vitals: A=0.00 B=0.00 C=0.20 vehicle=0.20 contactor=open
[10:54:19.102][I][csv:715]: 1467264,AGG,2.59,2.01,6.64,-2.00,-2.00,6.64,-2.00,-2.00,6.64,-2.00,-2.00,6.44,-0.81,6.64,23.46,17.25,0.00,0.00,0.00,0.20,0.20,0,0
[10:54:19.106][I][csv:715]: 1467268,AGG,2.70,2.01,6.64,-2.00,-2.00,6.64,-2.00,-2.00,6.64,-2.00,-2.00,6.44,-0.81,6.64,23.46,17.25,0.00,0.00,0.00,0.20,0.20,0,0
[10:54:19.114][I][csv:715]: 1467273,AGG,2.70,2.01,6.64,-2.00,-2.00,6.64,-2.00,-2.00,6.64,-2.00,-2.00,6.44,-0.81,6.64,23.46,17.25,0.00,0.00,0.00,0.20,0.20,0,0
[10:54:19.119][I][csv:715]: 1467277,AGG,2.70,2.19,6.64,-2.00,-2.00,6.64,-2.00,-2.00,6.64,-2.00,-2.00,6.44,-0.81,6.64,23.46,17.25,0.00,0.00,0.00,0.20,0.20,0,0
[10:54:19.119][S][sensor]: 'TWC Reported Current L3' >> 17.2 A
[10:54:19.119][S][sensor]: 'TWC Poll Interval' >> 194 ms
[10:54:19.119][S][sensor]: 'TWC Vitals Current L2' >> 0.00 A
[10:54:19.652][S][sensor]: 'TWC Reported Current L1' >> 17.2 A
[10:54:19.857][I][csv:715]: 1467919,AGG,2.70,2.19,6.64,-2.00,-2.00,6.64,-2.00,-2.00,6.64,-2.00,-2.00,6.44,-0.81,6.64,23.46,17.15,0.00,0.00,0.00,0.20,0.20,0,0
[10:54:19.894][I][csv:715]: 1467923,AGG,2.70,2.19,6.55,-2.00,-2.00,6.55,-2.00,-2.00,6.55,-2.00,-2.00,6.35,-0.81,6.55,23.36,17.15,0.00,0.00,0.00,0.20,0.20,0,0
[10:54:19.894][I][csv:715]: 1467966,AGG,2.70,2.19,6.55,-2.00,-2.00,6.55,-2.00,-2.00,6.55,-2.00,-2.00,6.35,-0.78,6.55,23.34,17.15,0.00,0.00,0.00,0.20,0.20,0,0
[10:54:19.894][S][sensor]: 'Shelly Active Power L1' >> -611 W
[10:54:19.903][I][csv:715]: 1468061,AGG,2.70,2.19,6.55,-2.00,-2.00,6.55,-2.00,-2.00,6.55,-2.00,-2.00,6.35,-0.78,6.55,23.34,17.25,0.00,0.00,0.00,0.20,0.20,0,0
[10:54:19.908][I][csv:715]: 1468065,AGG,2.77,2.19,6.55,-2.00,-2.00,6.55,-2.00,-2.00,6.55,-2.00,-2.00,6.35,-0.78,6.55,23.34,17.25,0.00,0.00,0.00,0.20,0.20,0,0
[10:54:20.266][S][sensor]: 'TWC Vitals Current L1' >> 0.00 A
[10:54:20.266][S][sensor]: 'TWC Vitals Current L3' >> 0.20 A
[10:54:20.311][I][csv:715]: 1468323,AGG,2.77,2.19,6.55,-2.00,-2.00,6.55,-2.00,-2.00,6.55,-2.00,-2.00,6.35,-0.78,6.55,23.34,17.25,0.00,0.00,0.00,0.20,0.20,0,0
[10:54:20.311][I][csv:715]: 1468327,AGG,2.77,2.21,6.55,-2.00,-2.00,6.55,-2.00,-2.00,6.55,-2.00,-2.00,6.35,-0.78,6.55,23.34,17.25,0.00,0.00,0.00,0.20,0.20,0,0
[10:54:20.311][S][sensor]: 'Shelly Time Since Last OK' >> 29 ms
[10:54:20.311][S][sensor]: 'Shelly Active Power L3' >> 1490 W
[10:54:20.572][S][sensor]: 'Shelly Real Current L1' >> 2.77 A
[10:54:20.572][S][sensor]: 'Shelly Active Power L2' >> -510 W
[10:54:20.614][S][sensor]: 'Shelly Real Current L3' >> 6.55 A
[10:54:20.614][S][sensor]: 'TWC Vitals Vehicle Current' >> 0.20 A
[10:54:20.614][S][sensor]: 'Shelly Real Current L2' >> 2.21 A
[10:54:20.668][I][csv:715]: 1468830,AGG,2.77,2.21,6.55,-2.00,-2.00,6.55,-2.00,-2.00,6.55,-2.00,-2.00,6.35,-0.78,6.55,23.34,17.15,0.00,0.00,0.00,0.20,0.20,0,0
[10:54:20.675][I][csv:715]: 1468834,AGG,2.77,2.21,6.59,-2.00,-2.00,6.59,-2.00,-2.00,6.59,-2.00,-2.00,6.39,-0.79,6.59,23.38,17.15,0.00,0.00,0.00,0.20,0.20,0,0
[10:54:20.748][S][sensor]: 'TWC Time Since Last Poll' >> 2 ms
[10:54:20.807][I][csv:715]: 1468966,AGG,2.77,2.21,6.59,-2.00,-2.00,6.59,-2.00,-2.00,6.59,-2.00,-2.00,6.39,-0.80,6.59,23.39,17.15,0.00,0.00,0.00,0.20,0.20,0,0
[10:54:21.186][I][vitals:883]: TWC vitals: A=0.00 B=0.00 C=0.20 vehicle=0.20 contactor=open
[10:54:21.186][I][csv:715]: 1469261,AGG,2.77,2.21,6.59,-2.00,-2.00,6.59,-2.00,-2.00,6.59,-2.00,-2.00,6.39,-0.80,6.59,23.39,17.25,0.00,0.00,0.00,0.20,0.20,0,0
[10:54:21.186][I][csv:715]: 1469265,AGG,2.76,2.21,6.59,-2.00,-2.00,6.59,-2.00,-2.00,6.59,-2.00,-2.00,6.39,-0.80,6.59,23.39,17.25,0.00,0.00,0.00,0.20,0.20,0,0
[10:54:21.186][I][csv:715]: 1469269,AGG,2.76,2.21,6.59,-2.00,-2.00,6.59,-2.00,-2.00,6.59,-2.00,-2.00,6.39,-0.80,6.59,23.39,17.25,0.00,0.00,0.00,0.20,0.20,0,0
[10:54:21.186][S][sensor]: 'TWC Poll Interval' >> 194 ms
[10:54:21.186][S][sensor]: 'TWC Vitals Current L2' >> 0.00 A
[10:54:21.191][W][modbus:688]: Clearing buffer of 5 bytes - parse failed 3ms after last send
[10:54:21.191][I][csv:715]: 1469316,AGG,2.76,2.14,6.59,-2.00,-2.00,6.59,-2.00,-2.00,6.59,-2.00,-2.00,6.39,-0.80,6.59,23.39,17.25,0.00,0.00,0.00,0.20,0.20,0,0
[10:54:21.800][I][csv:715]: 1469865,AGG,2.76,2.14,6.59,-2.00,-2.00,6.59,-2.00,-2.00,6.59,-2.00,-2.00,6.39,-0.80,6.59,23.39,17.15,0.00,0.00,0.00,0.20,0.20,0,0
[10:54:21.800][I][csv:715]: 1469868,AGG,2.76,2.14,6.66,-2.00,-2.00,6.66,-2.00,-2.00,6.66,-2.00,-2.00,6.46,-0.80,6.66,23.46,17.15,0.00,0.00,0.00,0.20,0.20,0,0
[10:54:21.894][I][csv:715]: 1469966,AGG,2.76,2.14,6.66,-2.00,-2.00,6.66,-2.00,-2.00,6.66,-2.00,-2.00,6.46,-0.82,6.66,23.47,17.15,0.00,0.00,0.00,0.20,0.20,0,0
[10:54:21.895][S][sensor]: 'Shelly Active Power L1' >> -619 W
[10:54:21.903][I][csv:715]: 1470062,AGG,2.76,2.14,6.66,-2.00,-2.00,6.66,-2.00,-2.00,6.66,-2.00,-2.00,6.46,-0.82,6.66,23.47,17.25,0.00,0.00,0.00,0.20,0.20,0,0
[10:54:21.907][I][csv:715]: 1470068,AGG,2.70,2.14,6.66,-2.00,-2.00,6.66,-2.00,-2.00,6.66,-2.00,-2.00,6.46,-0.82,6.66,23.47,17.25,0.00,0.00,0.00,0.20,0.20,0,0
[10:54:22.210][I][csv:715]: 1470274,AGG,2.70,2.14,6.66,-2.00,-2.00,6.66,-2.00,-2.00,6.66,-2.00,-2.00,6.46,-0.82,6.66,23.47,17.25,0.00,0.00,0.00,0.20,0.20,0,0
[10:54:22.210][I][csv:715]: 1470322,AGG,2.70,2.06,6.66,-2.00,-2.00,6.66,-2.00,-2.00,6.66,-2.00,-2.00,6.46,-0.82,6.66,23.47,17.25,0.00,0.00,0.00,0.20,0.20,0,0
[10:54:22.210][S][sensor]: 'TWC Vitals Current L1' >> 0.00 A
[10:54:22.210][S][sensor]: 'TWC Vitals Current L3' >> 0.20 A
[10:54:22.303][S][sensor]: 'Shelly Time Since Last OK' >> 34 ms
[10:54:22.303][S][sensor]: 'Shelly Active Power L3' >> 1507 W
[10:54:22.518][S][sensor]: 'Shelly Real Current L1' >> 2.70 A
[10:54:22.518][S][sensor]: 'Shelly Active Power L2' >> -493 W
[10:54:22.605][S][sensor]: 'TWC Reported Current L2' >> 17.2 A
[10:54:22.605][S][sensor]: 'Shelly Real Current L3' >> 6.66 A
[10:54:22.605][S][sensor]: 'TWC Vitals Vehicle Current' >> 0.20 A
[10:54:22.605][S][sensor]: 'Shelly Real Current L2' >> 2.06 A
[10:54:22.826][I][csv:715]: 1470888,AGG,2.70,2.06,6.66,-2.00,-2.00,6.66,-2.00,-2.00,6.66,-2.00,-2.00,6.46,-0.82,6.66,23.47,17.15,0.00,0.00,0.00,0.20,0.20,0,0
[10:54:22.826][I][csv:715]: 1470893,AGG,2.70,2.06,6.72,-2.00,-2.00,6.72,-2.00,-2.00,6.72,-2.00,-2.00,6.52,-0.82,6.72,23.54,17.15,0.00,0.00,0.00,0.20,0.20,0,0
[10:54:22.826][S][sensor]: 'TWC Time Since Last Poll' >> 162 ms
[10:54:23.046][I][csv:715]: 1470966,AGG,2.70,2.06,6.72,-2.00,-2.00,6.72,-2.00,-2.00,6.72,-2.00,-2.00,6.52,-0.84,6.72,23.56,17.15,0.00,0.00,0.00,0.20,0.20,0,0
[10:54:23.091][I][vitals:883]: TWC vitals: A=0.00 B=0.00 C=0.20 vehicle=0.20 contactor=open
[10:54:23.103][I][csv:715]: 1471261,AGG,2.70,2.06,6.72,-2.00,-2.00,6.72,-2.00,-2.00,6.72,-2.00,-2.00,6.52,-0.84,6.72,23.56,17.25,0.00,0.00,0.00,0.20,0.20,0,0
[10:54:23.103][I][csv:715]: 1471265,AGG,2.64,2.06,6.72,-2.00,-2.00,6.72,-2.00,-2.00,6.72,-2.00,-2.00,6.52,-0.84,6.72,23.56,17.25,0.00,0.00,0.00,0.20,0.20,0,0
[10:54:23.110][I][csv:715]: 1471268,AGG,2.64,2.06,6.72,-2.00,-2.00,6.72,-2.00,-2.00,6.72,-2.00,-2.00,6.52,-0.84,6.72,23.56,17.25,0.00,0.00,0.00,0.20,0.20,0,0
[10:54:23.112][S][sensor]: 'TWC Poll Interval' >> 192 ms
[10:54:23.112][S][sensor]: 'TWC Vitals Current L2' >> 0.00 A
[10:54:23.166][I][csv:715]: 1471327,AGG,2.64,2.03,6.72,-2.00,-2.00,6.72,-2.00,-2.00,6.72,-2.00,-2.00,6.52,-0.84,6.72,23.56,17.25,0.00,0.00,0.00,0.20,0.20,0,0
[10:54:23.769][I][csv:715]: 1471913,AGG,2.64,2.03,6.72,-2.00,-2.00,6.72,-2.00,-2.00,6.72,-2.00,-2.00,6.52,-0.84,6.72,23.56,17.15,0.00,0.00,0.00,0.20,0.20,0,0
[10:54:23.784][I][csv:715]: 1471917,AGG,2.64,2.03,6.75,-2.00,-2.00,6.75,-2.00,-2.00,6.75,-2.00,-2.00,6.55,-0.84,6.75,23.59,17.15,0.00,0.00,0.00,0.20,0.20,0,0
[10:54:23.807][I][csv:715]: 1471966,AGG,2.64,2.03,6.75,-2.00,-2.00,6.75,-2.00,-2.00,6.75,-2.00,-2.00,6.55,-0.85,6.75,23.60,17.15,0.00,0.00,0.00,0.20,0.20,0,0
[10:54:23.885][S][sensor]: 'TWC Reported Current L3' >> 17.2 A
[10:54:23.885][S][sensor]: 'Shelly Active Power L1' >> -591 W
[10:54:23.908][I][csv:715]: 1472068,AGG,2.64,2.03,6.75,-2.00,-2.00,6.75,-2.00,-2.00,6.75,-2.00,-2.00,6.55,-0.85,6.75,23.60,17.25,0.00,0.00,0.00,0.20,0.20,0,0
[10:54:23.917][I][csv:715]: 1472078,AGG,2.59,2.03,6.75,-2.00,-2.00,6.75,-2.00,-2.00,6.75,-2.00,-2.00,6.55,-0.85,6.75,23.60,17.25,0.00,0.00,0.00,0.20,0.20,0,0
[10:54:24.260][S][sensor]: 'TWC Vitals Current L1' >> 0.00 A
[10:54:24.260][S][sensor]: 'TWC Vitals Current L3' >> 0.20 A
[10:54:24.296][I][csv:715]: 1472323,AGG,2.59,2.03,6.75,-2.00,-2.00,6.75,-2.00,-2.00,6.75,-2.00,-2.00,6.55,-0.85,6.75,23.60,17.25,0.00,0.00,0.00,0.20,0.20,0,0
[10:54:24.296][I][csv:715]: 1472333,AGG,2.59,1.98,6.75,-2.00,-1.00,6.75,-2.00,-1.00,6.75,-2.00,-1.00,6.55,-0.86,6.75,23.61,17.25,0.00,0.00,0.00,0.20,0.20,0,0
[10:54:24.296][S][sensor]: 'Shelly Time Since Last OK' >> 23 ms
[10:54:24.297][S][sensor]: 'Shelly Active Power L3' >> 1531 W
[10:54:24.566][S][sensor]: 'Shelly Real Current L1' >> 2.59 A
[10:54:24.566][S][sensor]: 'Shelly Active Power L2' >> -462 W
[10:54:24.566][S][sensor]: 'TWC Reported Current L1' >> 17.2 A
[10:54:24.604][S][sensor]: 'Shelly Real Current L3' >> 6.75 A
[10:54:24.604][S][sensor]: 'TWC Vitals Vehicle Current' >> 0.20 A
[10:54:24.604][S][sensor]: 'Shelly Real Current L2' >> 1.98 A
[10:54:24.772][S][sensor]: 'TWC Time Since Last Poll' >> 131 ms
[10:54:24.783][I][csv:715]: 1472911,AGG,2.59,1.98,6.75,-2.00,-1.00,6.75,-2.00,-1.00,6.75,-2.00,-1.00,6.55,-1.18,6.75,23.93,17.15,0.00,0.00,0.00,0.20,0.20,0,0
[10:54:24.783][I][csv:715]: 1472914,AGG,2.59,1.98,6.78,-2.00,-1.00,6.78,-2.00,-1.00,6.78,-2.00,-1.00,6.59,-1.19,6.78,23.97,17.15,0.00,0.00,0.00,0.20,0.20,0,0
[10:54:24.805][I][csv:715]: 1472966,AGG,2.59,1.98,6.78,-2.00,-1.00,6.78,-2.00,-1.00,6.78,-2.00,-1.00,6.59,-1.20,6.78,23.98,17.15,0.00,0.00,0.00,0.20,0.20,0,0
[10:54:25.384][I][vitals:883]: TWC vitals: A=0.00 B=0.00 C=0.20 vehicle=0.20 contactor=open
[10:54:25.384][I][csv:715]: 1473265,AGG,2.59,1.98,6.78,-2.00,-1.00,6.78,-2.00,-1.00,6.78,-2.00,-1.00,6.59,-1.20,6.78,23.98,17.25,0.00,0.00,0.00,0.20,0.20,0,0
[10:54:25.384][I][csv:715]: 1473268,AGG,2.55,1.98,6.78,-2.00,-1.00,6.78,-2.00,-1.00,6.78,-2.00,-1.00,6.59,-1.20,6.78,23.98,17.25,0.00,0.00,0.00,0.20,0.20,0,0
[10:54:25.384][I][csv:715]: 1473271,AGG,2.55,1.98,6.78,-2.00,-1.00,6.78,-2.00,-1.00,6.78,-2.00,-1.00,6.59,-1.20,6.78,23.98,17.25,0.00,0.00,0.00,0.20,0.20,0,0
[10:54:25.384][S][sensor]: 'TWC Poll Interval' >> 199 ms
[10:54:25.385][S][sensor]: 'TWC Vitals Current L2' >> 0.00 A
[10:54:25.589][I][csv:715]: 1473336,AGG,2.55,1.96,6.78,-2.00,-1.00,6.78,-2.00,-1.00,6.78,-2.00,-1.00,6.59,-1.20,6.78,23.98,17.25,0.00,0.00,0.00,0.20,0.20,0,0
[10:54:25.797][I][csv:715]: 1473857,AGG,2.55,1.96,6.78,-2.00,-1.00,6.78,-2.00,-1.00,6.78,-2.00,-1.00,6.59,-1.20,6.78,23.98,17.15,0.00,0.00,0.00,0.20,0.20,0,0
[10:54:25.806][I][csv:715]: 1473871,AGG,2.55,1.96,6.97,-2.00,-1.00,6.97,-2.00,-1.00,6.97,-2.00,-1.00,6.78,-1.21,6.97,24.18,17.15,0.00,0.00,0.00,0.20,0.20,0,0
[10:54:25.806][I][csv:715]: 1473966,AGG,2.55,1.96,6.97,-2.00,-1.00,6.97,-2.00,-1.00,6.97,-2.00,-1.00,6.78,-1.26,6.97,24.23,17.15,0.00,0.00,0.00,0.20,0.20,0,0
[10:54:25.886][S][sensor]: 'Shelly Active Power L1' >> -571 W
[10:54:25.919][I][csv:715]: 1474081,AGG,2.55,1.96,6.97,-2.00,-1.00,6.97,-2.00,-1.00,6.97,-2.00,-1.00,6.78,-1.26,6.97,24.23,17.25,0.00,0.00,0.00,0.20,0.20,0,0
[10:54:25.928][I][csv:715]: 1474089,AGG,2.50,1.96,6.97,-2.00,-1.00,6.97,-2.00,-1.00,6.97,-2.00,-1.00,6.78,-1.26,6.97,24.23,17.25,0.00,0.00,0.00,0.20,0.20,0,0
[10:54:26.204][S][sensor]: 'TWC Vitals Current L1' >> 0.00 A
[10:54:26.204][S][sensor]: 'TWC Vitals Current L3' >> 0.20 A
[10:54:26.224][I][csv:715]: 1474325,AGG,2.50,1.96,6.97,-2.00,-1.00,6.97,-2.00,-1.00,6.97,-2.00,-1.00,6.78,-1.26,6.97,24.23,17.25,0.00,0.00,0.00,0.20,0.20,0,0
[10:54:26.224][I][csv:715]: 1474344,AGG,2.50,2.00,6.97,-2.00,-2.00,6.97,-2.00,-2.00,6.97,-2.00,-2.00,6.78,-1.24,6.97,24.21,17.25,0.00,0.00,0.00,0.20,0.20,0,0
[10:54:26.307][S][sensor]: 'Shelly Time Since Last OK' >> 12 ms
[10:54:26.307][S][sensor]: 'Shelly Active Power L3' >> 1621 W
[10:54:26.511][S][sensor]: 'Shelly Real Current L1' >> 2.50 A
[10:54:26.511][S][sensor]: 'Shelly Active Power L2' >> -459 W
[10:54:26.717][S][sensor]: 'Shelly Real Current L3' >> 6.97 A
[10:54:26.718][S][sensor]: 'TWC Vitals Vehicle Current' >> 0.20 A
[10:54:26.718][S][sensor]: 'Shelly Real Current L2' >> 2.00 A
[10:54:26.744][S][sensor]: 'TWC Time Since Last Poll' >> 186 ms
[10:54:26.752][I][csv:715]: 1474912,AGG,2.50,2.00,6.97,-2.00,-2.00,6.97,-2.00,-2.00,6.97,-2.00,-2.00,6.78,-0.93,6.97,23.90,17.15,0.00,0.00,0.00,0.20,0.20,0,0
[10:54:26.758][I][csv:715]: 1474917,AGG,2.50,2.00,6.96,-2.00,-2.00,6.96,-2.00,-2.00,6.96,-2.00,-2.00,6.76,-0.92,6.96,23.88,17.15,0.00,0.00,0.00,0.20,0.20,0,0
[10:54:26.806][I][csv:715]: 1474966,AGG,2.50,2.00,6.96,-2.00,-2.00,6.96,-2.00,-2.00,6.96,-2.00,-2.00,6.76,-0.92,6.96,23.88,17.15,0.00,0.00,0.00,0.20,0.20,0,0
[10:54:27.125][I][vitals:883]: TWC vitals: A=0.00 B=0.00 C=0.20 vehicle=0.20 contactor=open
[10:54:27.133][I][csv:715]: 1475283,AGG,2.50,2.00,6.96,-2.00,-2.00,6.96,-2.00,-2.00,6.96,-2.00,-2.00,6.76,-0.92,6.96,23.88,17.25,0.00,0.00,0.00,0.20,0.20,0,0
[10:54:27.133][I][csv:715]: 1475289,AGG,2.53,2.00,6.96,-2.00,-2.00,6.96,-2.00,-2.00,6.96,-2.00,-2.00,6.76,-0.92,6.96,23.88,17.25,0.00,0.00,0.00,0.20,0.20,0,0
[10:54:27.133][I][csv:715]: 1475292,AGG,2.53,2.00,6.96,-2.00,-2.00,6.96,-2.00,-2.00,6.96,-2.00,-2.00,6.76,-0.92,6.96,23.88,17.25,0.00,0.00,0.00,0.20,0.20,0,0
[10:54:27.134][S][sensor]: 'TWC Poll Interval' >> 198 ms
[10:54:27.135][S][sensor]: 'TWC Vitals Current L2' >> 0.00 A
[10:54:27.139][E][modbus:456]: Attempted to send while transmission blocked
[10:54:27.187][I][csv:715]: 1475348,AGG,2.53,1.97,6.96,-2.00,-1.00,6.96,-2.00,-1.00,6.96,-2.00,-1.00,6.76,-0.98,6.96,23.93,17.25,0.00,0.00,0.00,0.20,0.20,0,0
[10:54:27.639][S][sensor]: 'TWC Reported Current L2' >> 17.2 A
[10:54:27.848][I][csv:715]: 1475906,AGG,2.53,1.97,6.96,-2.00,-1.00,6.96,-2.00,-1.00,6.96,-2.00,-1.00,6.76,-1.25,6.96,24.21,17.15,0.00,0.00,0.00,0.20,0.20,0,0
[10:54:27.890][I][csv:715]: 1475910,AGG,2.53,1.97,6.95,-2.00,-1.00,6.95,-2.00,-1.00,6.95,-2.00,-1.00,6.75,-1.25,6.95,24.20,17.15,0.00,0.00,0.00,0.20,0.20,0,0
[10:54:27.891][I][csv:715]: 1475966,AGG,2.53,1.97,6.95,-2.00,-1.00,6.95,-2.00,-1.00,6.95,-2.00,-1.00,6.75,-1.25,6.95,24.20,17.15,0.00,0.00,0.00,0.20,0.20,0,0
[10:54:27.891][S][sensor]: 'Shelly Active Power L1' >> -570 W
[10:54:27.929][I][csv:715]: 1476089,AGG,2.53,1.97,6.95,-2.00,-1.00,6.95,-2.00,-1.00,6.95,-2.00,-1.00,6.75,-1.25,6.95,24.20,17.25,0.00,0.00,0.00,0.20,0.20,0,0
[10:54:27.940][I][csv:715]: 1476100,AGG,2.54,1.97,6.95,-2.00,-1.00,6.95,-2.00,-1.00,6.95,-2.00,-1.00,6.75,-1.25,6.95,24.20,17.25,0.00,0.00,0.00,0.20,0.20,0,0
[10:54:28.251][I][csv:715]: 1476315,AGG,2.54,1.97,6.95,-2.00,-1.00,6.95,-2.00,-1.00,6.95,-2.00,-1.00,6.75,-1.25,6.95,24.20,17.25,0.00,0.00,0.00,0.20,0.20,0,0
[10:54:28.252][S][sensor]: 'TWC Vitals Current L1' >> 0.00 A
[10:54:28.252][S][sensor]: 'TWC Vitals Current L3' >> 0.20 A
[10:54:28.309][I][csv:715]: 1476356,AGG,2.54,2.09,6.95,-2.00,-2.00,6.95,-2.00,-2.00,6.95,-2.00,-2.00,6.75,-1.21,6.95,24.16,17.25,0.00,0.00,0.00,0.20,0.20,0,0
[10:54:28.309][S][sensor]: 'Shelly Time Since Last OK' >> 3 ms
[10:54:28.309][S][sensor]: 'Shelly Active Power L3' >> 1608 W
[10:54:28.560][S][sensor]: 'Shelly Real Current L1' >> 2.54 A
[10:54:28.560][S][sensor]: 'Shelly Active Power L2' >> -462 W
[10:54:28.596][S][sensor]: 'Shelly Real Current L3' >> 6.95 A
[10:54:28.596][S][sensor]: 'TWC Vitals Vehicle Current' >> 0.20 A
[10:54:28.597][S][sensor]: 'Shelly Real Current L2' >> 2.09 A
[10:54:28.765][S][sensor]: 'TWC Time Since Last Poll' >> 153 ms
[10:54:28.773][I][csv:715]: 1476918,AGG,2.54,2.09,6.95,-2.00,-2.00,6.95,-2.00,-2.00,6.95,-2.00,-2.00,6.75,-0.92,6.95,23.87,17.15,0.00,0.00,0.00,0.20,0.20,0,0
[10:54:28.773][I][csv:715]: 1476923,AGG,2.54,2.09,6.88,-2.00,-2.00,6.88,-2.00,-2.00,6.88,-2.00,-2.00,6.68,-0.91,6.88,23.79,17.15,0.00,0.00,0.00,0.20,0.20,0,0
[10:54:28.806][I][csv:715]: 1476966,AGG,2.54,2.09,6.88,-2.00,-2.00,6.88,-2.00,-2.00,6.88,-2.00,-2.00,6.68,-0.89,6.88,23.77,17.15,0.00,0.00,0.00,0.20,0.20,0,0
[10:54:29.173][I][vitals:883]: TWC vitals: A=0.00 B=0.00 C=0.20 vehicle=0.20 contactor=open
[10:54:29.174][I][csv:715]: 1477260,AGG,2.54,2.09,6.88,-2.00,-2.00,6.88,-2.00,-2.00,6.88,-2.00,-2.00,6.68,-0.89,6.88,23.77,17.25,0.00,0.00,0.00,0.20,0.20,0,0
[10:54:29.174][I][csv:715]: 1477263,AGG,2.57,2.09,6.88,-2.00,-2.00,6.88,-2.00,-2.00,6.88,-2.00,-2.00,6.68,-0.89,6.88,23.77,17.25,0.00,0.00,0.00,0.20,0.20,0,0
[10:54:29.174][S][sensor]: 'TWC Reported Current L3' >> 17.2 A
[10:54:29.174][S][sensor]: 'TWC Poll Interval' >> 193 ms
[10:54:29.174][S][sensor]: 'TWC Vitals Current L2' >> 0.00 A
[10:54:29.378][I][csv:715]: 1477282,AGG,2.57,2.09,6.88,-2.00,-2.00,6.88,-2.00,-2.00,6.88,-2.00,-2.00,6.68,-0.89,6.88,23.77,17.25,0.00,0.00,0.00,0.20,0.20,0,0
[10:54:29.583][I][csv:715]: 1477443,AGG,2.57,2.11,6.88,-2.00,-2.00,6.88,-2.00,-2.00,6.88,-2.00,-2.00,6.68,-0.89,6.88,23.77,17.25,0.00,0.00,0.00,0.20,0.20,0,0
[10:54:29.583][S][sensor]: 'TWC Reported Current L1' >> 17.2 A
[10:54:29.891][I][csv:715]: 1477957,AGG,2.57,2.11,6.88,-2.00,-2.00,6.88,-2.00,-2.00,6.88,-2.00,-2.00,6.68,-0.89,6.88,23.77,17.15,0.00,0.00,0.00,0.20,0.20,0,0
[10:54:29.892][I][csv:715]: 1477961,AGG,2.57,2.11,6.83,-2.00,-2.00,6.83,-2.00,-2.00,6.83,-2.00,-2.00,6.63,-0.89,6.83,23.72,17.15,0.00,0.00,0.00,0.20,0.20,0,0
[10:54:29.892][I][csv:715]: 1477966,AGG,2.57,2.11,6.83,-2.00,-2.00,6.83,-2.00,-2.00,6.83,-2.00,-2.00,6.63,-0.88,6.83,23.72,17.15,0.00,0.00,0.00,0.20,0.20,0,0
[10:54:29.892][S][sensor]: 'Shelly Active Power L1' >> -584 W
[10:54:29.939][I][csv:715]: 1478100,AGG,2.57,2.11,6.83,-2.00,-2.00,6.83,-2.00,-2.00,6.83,-2.00,-2.00,6.63,-0.88,6.83,23.71,17.25,0.00,0.00,0.00,0.20,0.20,0,0
[10:54:29.949][I][csv:715]: 1478109,AGG,2.67,2.11,6.83,-2.00,-2.00,6.83,-2.00,-2.00,6.83,-2.00,-2.00,6.63,-0.88,6.83,23.71,17.25,0.00,0.00,0.00,0.20,0.20,0,0
[10:54:30.198][S][sensor]: 'TWC Vitals Current L1' >> 0.00 A
[10:54:30.198][S][sensor]: 'TWC Vitals Current L3' >> 0.20 A
[10:54:30.209][I][csv:715]: 1478336,AGG,2.67,2.11,6.83,-2.00,-2.00,6.83,-2.00,-2.00,6.83,-2.00,-2.00,6.63,-0.88,6.83,23.71,17.25,0.00,0.00,0.00,0.20,0.20,0,0
[10:54:30.228][I][csv:715]: 1478371,AGG,2.67,2.40,6.83,-2.00,-2.00,6.83,-2.00,-2.00,6.83,-2.00,-2.00,6.63,-0.88,6.83,23.71,17.25,0.00,0.00,0.00,0.20,0.20,0,0
[10:54:30.306][S][sensor]: 'Shelly Time Since Last OK' >> 23 ms
[10:54:30.306][S][sensor]: 'Shelly Active Power L3' >> 1579 W
[10:54:30.505][S][sensor]: 'Shelly Real Current L1' >> 2.67 A
[10:54:30.505][S][sensor]: 'Shelly Active Power L2' >> -498 W
[10:54:30.710][S][sensor]: 'Shelly Real Current L3' >> 6.83 A
[10:54:30.710][S][sensor]: 'TWC Vitals Vehicle Current' >> 0.20 A
[10:54:30.710][S][sensor]: 'Shelly Real Current L2' >> 2.40 A
[10:54:30.742][S][sensor]: 'TWC Time Since Last Poll' >> 24 ms
[10:54:30.751][I][csv:715]: 1478909,AGG,2.67,2.40,6.83,-2.00,-2.00,6.83,-2.00,-2.00,6.83,-2.00,-2.00,6.63,-0.88,6.83,23.71,17.15,0.00,0.00,0.00,0.20,0.20,0,0
[10:54:30.763][I][csv:715]: 1478914,AGG,2.67,2.40,6.62,-2.00,-2.00,6.62,-2.00,-2.00,6.62,-2.00,-2.00,6.43,-0.87,6.62,23.50,17.15,0.00,0.00,0.00,0.20,0.20,0,0
[10:54:30.805][I][csv:715]: 1478966,AGG,2.67,2.40,6.62,-2.00,-2.00,6.62,-2.00,-2.00,6.62,-2.00,-2.00,6.43,-0.82,6.62,23.45,17.15,0.00,0.00,0.00,0.20,0.20,0,0
[10:54:31.222][I][vitals:883]: TWC vitals: A=0.00 B=0.00 C=0.20 vehicle=0.20 contactor=open
[10:54:31.222][I][csv:715]: 1479293,AGG,2.67,2.40,6.62,-2.00,-2.00,6.62,-2.00,-2.00,6.62,-2.00,-2.00,6.43,-0.81,6.62,23.43,17.25,0.00,0.00,0.00,0.20,0.20,0,0
[10:54:31.222][I][csv:715]: 1479299,AGG,2.91,2.40,6.62,-2.00,-2.00,6.62,-2.00,-2.00,6.62,-2.00,-2.00,6.43,-0.81,6.62,23.43,17.25,0.00,0.00,0.00,0.20,0.20,0,0
[10:54:31.222][S][sensor]: 'TWC Poll Interval' >> 194 ms
[10:54:31.222][S][sensor]: 'TWC Vitals Current L2' >> 0.00 A
[10:54:31.426][I][csv:715]: 1479320,AGG,2.91,2.40,6.62,-2.00,-2.00,6.62,-2.00,-2.00,6.62,-2.00,-2.00,6.43,-0.81,6.62,23.43,17.25,0.00,0.00,0.00,0.20,0.20,0,0
[10:54:31.632][I][csv:715]: 1479491,AGG,2.91,3.07,6.62,-2.00,-3.00,6.62,-2.00,-3.00,6.62,-2.00,-3.00,6.43,-0.64,6.62,23.26,17.25,0.00,0.00,0.00,0.20,0.20,0,0
[10:54:31.838][I][csv:715]: 1479899,AGG,2.91,3.07,6.62,-2.00,-3.00,6.62,-2.00,-3.00,6.62,-2.00,-3.00,6.43,-0.48,6.62,23.10,17.15,0.00,0.00,0.00,0.20,0.20,0,0
[10:54:31.838][I][csv:715]: 1479915,AGG,2.91,3.07,5.86,-2.00,-3.00,5.86,-2.00,-3.00,5.86,-2.00,-3.00,5.66,-0.46,5.86,22.31,17.15,0.00,0.00,0.00,0.20,0.20,0,0
[10:54:31.889][I][csv:715]: 1479966,AGG,2.91,3.07,5.86,-2.00,-3.00,5.86,-2.00,-3.00,5.86,-2.00,-3.00,5.66,-0.41,5.86,22.26,17.15,0.00,0.00,0.00,0.20,0.20,0,0
[10:54:31.889][S][sensor]: 'Shelly Active Power L1' >> -841 W
[10:54:31.949][I][csv:715]: 1480110,AGG,2.91,3.07,5.86,-2.00,-3.00,5.86,-2.00,-3.00,5.86,-2.00,-3.00,5.66,-0.26,5.86,22.12,17.25,0.00,0.00,0.00,0.20,0.20,0,0
[10:54:31.959][I][csv:715]: 1480120,AGG,3.60,3.07,5.86,-3.00,-3.00,5.86,-3.00,-3.00,5.86,-3.00,-3.00,5.66,-0.25,5.86,22.11,17.25,0.00,0.00,0.00,0.20,0.20,0,0
[10:54:32.246][S][sensor]: 'TWC Vitals Current L1' >> 0.00 A
[10:54:32.246][S][sensor]: 'TWC Vitals Current L3' >> 0.20 A
[10:54:32.254][I][csv:715]: 1480332,AGG,3.60,3.07,5.86,-3.00,-3.00,5.86,-3.00,-3.00,5.86,-3.00,-3.00,5.66,-0.04,5.86,21.90,17.25,0.00,0.00,0.00,0.20,0.20,0,0
[10:54:32.254][I][csv:715]: 1480381,AGG,3.60,4.56,5.86,-3.00,-4.00,5.86,-3.00,-4.00,5.86,-3.00,-4.00,5.66,0.01,5.86,21.85,17.25,0.00,0.00,0.00,0.20,0.20,0,0
[10:54:32.311][S][sensor]: 'Shelly Time Since Last OK' >> 27 ms
[10:54:32.311][S][sensor]: 'Shelly Active Power L3' >> 1351 W
[10:54:32.555][S][sensor]: 'Shelly Real Current L1' >> 3.60 A
[10:54:32.555][S][sensor]: 'Shelly Active Power L2' >> -742 W
[10:54:32.596][S][sensor]: 'TWC Reported Current L2' >> 17.2 A
[10:54:32.597][S][sensor]: 'Shelly Real Current L3' >> 5.86 A
[10:54:32.597][S][sensor]: 'TWC Vitals Vehicle Current' >> 0.20 A
[10:54:32.597][S][sensor]: 'Shelly Real Current L2' >> 4.56 A
[10:54:32.763][S][sensor]: 'TWC Time Since Last Poll' >> 89 ms
[10:54:32.776][I][csv:715]: 1480907,AGG,3.60,4.56,5.86,-3.00,-4.00,5.86,-3.00,-4.00,5.86,-3.00,-4.00,5.66,0.45,5.86,21.41,17.15,0.00,0.00,0.00,0.20,0.20,0,0
[10:54:32.776][I][csv:715]: 1480922,AGG,3.60,4.56,4.49,-3.00,-4.00,4.49,-3.00,-4.00,4.49,-3.00,-4.00,4.29,0.46,4.49,20.03,17.15,0.00,0.00,0.00,0.20,0.20,0,0
[10:54:32.805][I][csv:715]: 1480966,AGG,3.60,4.56,4.49,-3.00,-4.00,4.49,-3.00,-4.00,4.49,-3.00,-4.00,4.29,0.51,4.49,19.98,17.15,0.00,0.00,0.00,0.20,0.20,0,0
[10:54:33.167][I][vitals:883]: TWC vitals: A=0.00 B=0.00 C=0.20 vehicle=0.20 contactor=open
[10:54:33.167][I][csv:715]: 1481259,AGG,3.60,4.56,4.49,-3.00,-4.00,4.49,-3.00,-4.00,4.49,-3.00,-4.00,4.29,0.80,4.49,19.69,17.25,0.00,0.00,0.00,0.20,0.20,0,0
[10:54:33.167][I][csv:715]: 1481262,AGG,5.07,4.56,4.49,-5.00,-4.00,4.49,-5.00,-4.00,4.49,-5.00,-4.00,4.29,0.80,4.49,19.69,17.25,0.00,0.00,0.00,0.20,0.20,0,0
[10:54:33.168][S][sensor]: 'TWC Poll Interval' >> 204 ms
[10:54:33.168][S][sensor]: 'TWC Vitals Current L2' >> 0.00 A
[10:54:33.180][I][csv:715]: 1481335,AGG,5.07,4.56,4.49,-5.00,-4.00,4.49,-5.00,-4.00,4.49,-5.00,-4.00,4.29,0.88,4.49,19.61,17.25,0.00,0.00,0.00,0.20,0.20,0,0
[10:54:33.372][I][csv:715]: 1481498,AGG,5.07,6.60,4.49,-5.00,-6.00,4.49,-5.00,-6.00,4.49,-5.00,-6.00,4.29,1.04,4.49,19.45,17.25,0.00,0.00,0.00,0.20,0.20,0,0
[10:54:33.885][I][csv:715]: 1481952,AGG,5.07,6.60,4.49,-5.00,-6.00,4.49,-5.00,-6.00,4.49,-5.00,-6.00,4.29,1.49,4.49,19.00,17.15,0.00,0.00,0.00,0.20,0.20,0,0
[10:54:33.885][I][csv:715]: 1481956,AGG,5.07,6.60,2.52,-5.00,-6.00,2.52,-5.00,-6.00,2.52,-5.00,-6.00,2.32,1.50,2.52,17.02,16.71,0.00,0.00,0.00,0.20,0.20,0,0
[10:54:33.885][I][csv:715]: 1481966,AGG,5.07,6.60,2.52,-5.00,-6.00,2.52,-5.00,-6.00,2.52,-5.00,-6.00,2.32,1.51,2.52,17.01,16.71,0.00,0.00,0.00,0.20,0.20,0,0
[10:54:33.886][S][sensor]: 'TWC Reported Current L3' >> 17.2 A
[10:54:33.886][S][sensor]: 'Shelly Active Power L1' >> -1684 W
[10:54:34.191][I][csv:715]: 1482255,AGG,5.07,6.60,2.52,-5.00,-6.00,2.52,-5.00,-6.00,2.52,-5.00,-6.00,2.32,1.80,2.52,16.72,16.59,0.00,0.00,0.00,0.20,0.20,0,0
[10:54:34.191][I][csv:715]: 1482259,AGG,7.14,6.60,2.52,-7.00,-6.00,2.52,-7.00,-6.00,2.52,-7.00,-6.00,2.32,1.80,2.52,16.72,16.59,0.00,0.00,0.00,0.20,0.20,0,0
[10:54:34.191][S][sensor]: 'TWC Vitals Current L1' >> 0.00 A
[10:54:34.191][S][sensor]: 'TWC Vitals Current L3' >> 0.20 A
[10:54:34.208][I][csv:715]: 1482364,AGG,7.14,6.60,2.52,-7.00,-6.00,2.52,-7.00,-6.00,2.52,-7.00,-6.00,2.32,1.90,2.52,16.61,16.51,0.00,0.00,0.00,0.20,0.20,0,0
[10:54:34.303][S][sensor]: 'Shelly Time Since Last OK' >> 100 ms
[10:54:34.303][S][sensor]: 'Shelly Active Power L3' >> 542 W
[10:54:34.308][I][csv:715]: 1482469,AGG,7.14,8.80,2.52,-7.00,-8.00,2.52,-7.00,-8.00,2.52,-7.00,-8.00,2.32,2.01,2.52,16.50,16.43,0.00,0.00,0.00,0.20,0.20,0,0
[10:54:34.499][S][sensor]: 'Shelly Real Current L1' >> 7.14 A
[10:54:34.499][S][sensor]: 'Shelly Active Power L2' >> -1609 W
[10:54:34.499][S][sensor]: 'TWC Reported Current L1' >> 16.4 A
[10:54:34.705][S][sensor]: 'Shelly Real Current L3' >> 2.52 A
[10:54:34.706][S][sensor]: 'TWC Vitals Vehicle Current' >> 0.20 A
[10:54:34.706][S][sensor]: 'Shelly Real Current L2' >> 8.80 A
[10:54:34.740][S][sensor]: 'TWC Time Since Last Poll' >> 44 ms
[10:54:34.762][I][csv:715]: 1482922,AGG,7.14,8.80,2.52,-7.00,-8.00,2.52,-7.00,-8.00,2.52,-7.00,-8.00,2.32,2.46,2.52,16.05,16.05,0.00,0.00,0.00,0.20,0.20,0,0
[10:54:34.772][I][csv:715]: 1482930,AGG,7.14,8.80,0.63,-7.00,-8.00,0.63,-7.00,-8.00,0.63,-7.00,-8.00,0.43,2.47,0.63,14.16,14.11,0.00,0.00,0.00,0.20,0.20,0,0
[10:54:34.808][I][csv:715]: 1482966,AGG,7.14,8.80,0.63,-7.00,-8.00,0.63,-7.00,-8.00,0.63,-7.00,-8.00,0.43,2.51,0.63,14.12,14.07,0.00,0.00,0.00,0.20,0.20,0,0
[10:54:35.215][I][vitals:883]: TWC vitals: A=0.00 B=0.00 C=0.20 vehicle=0.20 contactor=open
[10:54:35.215][I][csv:715]: 1483300,AGG,7.14,8.80,0.63,-7.00,-8.00,0.63,-7.00,-8.00,0.63,-7.00,-8.00,0.43,2.84,0.63,13.79,13.84,0.00,0.00,0.00,0.20,0.20,0,0
[10:54:35.215][I][csv:715]: 1483303,AGG,9.30,8.80,0.63,-9.00,-8.00,0.63,-9.00,-8.00,0.63,-9.00,-8.00,0.43,2.84,0.63,13.78,13.83,0.00,0.00,0.00,0.20,0.20,0,0
[10:54:35.215][S][sensor]: 'TWC Poll Interval' >> 189 ms
[10:54:35.215][S][sensor]: 'TWC Vitals Current L2' >> 0.00 A
[10:54:35.224][I][csv:715]: 1483347,AGG,9.30,8.80,0.63,-9.00,-8.00,0.63,-9.00,-8.00,0.63,-9.00,-8.00,0.43,2.89,0.63,13.74,13.79,0.00,0.00,0.00,0.20,0.20,0,0
[10:54:35.421][I][csv:715]: 1483498,AGG,9.30,9.82,0.63,-9.00,-9.00,0.63,-9.00,-9.00,0.63,-9.00,-9.00,0.43,3.04,0.63,13.59,13.64,0.00,0.00,0.00,0.20,0.20,0,0
[10:54:35.841][I][csv:715]: 1483966,AGG,9.30,9.82,0.63,-9.00,-9.00,0.63,-9.00,-9.00,0.63,-9.00,-9.00,0.43,3.51,0.63,13.12,13.07,0.00,0.00,0.00,0.20,0.20,0,0
[10:54:35.842][I][csv:715]: 1483974,AGG,9.30,9.82,0.63,-9.00,-9.00,0.63,-9.00,-9.00,0.63,-9.00,-9.00,0.43,3.51,0.63,13.11,13.06,0.00,0.00,0.00,0.20,0.20,0,0
[10:54:35.889][I][csv:715]: 1483978,AGG,9.30,9.82,0.79,-9.00,-9.00,0.79,-9.00,-9.00,0.79,-9.00,-9.00,0.59,3.52,0.79,13.27,13.22,0.00,0.00,0.00,0.20,0.20,0,0
[10:54:35.906][S][sensor]: 'Shelly Active Power L1' >> -2428 W
[10:54:36.047][I][csv:715]: 1484138,AGG,9.30,9.82,0.79,-9.00,-9.00,-0.00,-9.00,-9.00,-0.00,-9.00,-9.00,-0.20,3.68,-0.00,12.32,12.37,0.00,0.00,0.00,0.20,0.20,0,0
[10:54:36.241][I][csv:715]: 1484159,AGG,10.42,9.82,0.79,-10.00,-9.00,-0.00,-10.00,-9.00,-0.00,-10.00,-9.00,-0.20,3.70,-0.00,12.30,12.35,0.00,0.00,0.00,0.20,0.20,0,0
[10:54:36.241][S][sensor]: 'TWC Vitals Current L1' >> 0.00 A
[10:54:36.241][S][sensor]: 'TWC Vitals Current L3' >> 0.20 A
[10:54:36.311][I][csv:715]: 1484351,AGG,10.42,9.82,0.79,-10.00,-9.00,-0.00,-10.00,-9.00,-0.00,-10.00,-9.00,-0.20,3.89,-0.00,12.11,12.16,0.00,0.00,0.00,0.20,0.20,0,0
[10:54:36.312][S][sensor]: 'Shelly Time Since Last OK' >> 8 ms
[10:54:36.312][S][sensor]: 'Shelly Active Power L3' >> -162 W
[10:54:36.321][I][csv:715]: 1484479,AGG,10.42,10.69,0.79,-10.00,-10.00,-0.00,-10.00,-10.00,-0.00,-10.00,-10.00,-0.20,4.02,-0.00,11.98,12.03,0.00,0.00,0.00,0.20,0.20,0,0
[10:54:36.549][S][sensor]: 'Shelly Real Current L1' >> 10.42 A
[10:54:36.549][S][sensor]: 'Shelly Active Power L2' >> -2371 W
[10:54:36.602][S][sensor]: 'Shelly Real Current L3' >> 0.79 A
[10:54:36.602][S][sensor]: 'TWC Vitals Vehicle Current' >> 0.20 A
[10:54:36.602][S][sensor]: 'Shelly Real Current L2' >> 10.69 A
[10:54:36.751][S][sensor]: 'TWC Time Since Last Poll' >> 1 ms
[10:54:36.774][I][csv:715]: 1484935,AGG,10.42,10.69,0.79,-10.00,-10.00,-0.00,-10.00,-10.00,-0.00,-10.00,-10.00,-0.20,4.48,-0.00,11.52,11.47,0.00,0.00,0.00,0.20,0.20,0,0
[10:54:36.791][I][csv:715]: 1484948,AGG,10.42,10.69,1.43,-10.00,-10.00,-1.00,-10.00,-10.00,-1.00,-10.00,-10.00,-1.20,4.49,-1.00,10.51,10.46,0.00,0.00,0.00,0.20,0.20,0,0
[10:54:36.806][I][csv:715]: 1484966,AGG,10.42,10.69,1.43,-10.00,-10.00,-1.00,-10.00,-10.00,-1.00,-10.00,-10.00,-1.20,4.51,-1.00,10.49,10.44,0.00,0.00,0.00,0.20,0.20,0,0
[10:54:37.161][I][vitals:883]: TWC vitals: A=0.00 B=0.00 C=0.20 vehicle=0.20 contactor=open
[10:54:37.161][I][csv:715]: 1485258,AGG,10.42,10.69,1.43,-10.00,-10.00,-1.00,-10.00,-10.00,-1.00,-10.00,-10.00,-1.20,4.80,-1.00,10.20,10.25,0.00,0.00,0.00,0.20,0.20,0,0
[10:54:37.161][I][csv:715]: 1485263,AGG,11.17,10.69,1.43,-11.00,-10.00,-1.00,-11.00,-10.00,-1.00,-11.00,-10.00,-1.20,4.80,-1.00,10.20,10.25,0.00,0.00,0.00,0.20,0.20,0,0
[10:54:37.161][S][sensor]: 'TWC Poll Interval' >> 196 ms
[10:54:37.161][S][sensor]: 'TWC Vitals Current L2' >> 0.00 A
[10:54:37.195][I][csv:715]: 1485356,AGG,11.17,10.69,1.43,-11.00,-10.00,-1.00,-11.00,-10.00,-1.00,-11.00,-10.00,-1.20,4.90,-1.00,10.10,10.15,0.00,0.00,0.00,0.20,0.20,0,0
[10:54:37.366][I][csv:715]: 1485499,AGG,11.17,10.62,1.43,-11.00,-10.00,-1.00,-11.00,-10.00,-1.00,-11.00,-10.00,-1.20,5.04,-1.00,9.96,10.01,0.00,0.00,0.00,0.20,0.20,0,0
[10:54:37.673][S][sensor]: 'TWC Reported Current L2' >> 10.0 A
[10:54:37.878][I][csv:715]: 1485942,AGG,11.17,10.62,1.43,-11.00,-10.00,-1.00,-11.00,-10.00,-1.00,-11.00,-10.00,-1.20,5.48,-1.00,9.52,9.47,0.00,0.00,0.00,0.20,0.20,0,0
[10:54:37.896][I][csv:715]: 1485955,AGG,11.17,10.62,1.40,-11.00,-10.00,-1.00,-11.00,-10.00,-1.00,-11.00,-10.00,-1.20,5.50,-1.00,9.50,9.45,0.00,0.00,0.00,0.20,0.20,0,0
[10:54:37.896][I][csv:715]: 1485966,AGG,11.17,10.62,1.40,-11.00,-10.00,-1.00,-11.00,-10.00,-1.00,-11.00,-10.00,-1.20,5.51,-1.00,9.49,9.44,0.00,0.00,0.00,0.20,0.20,0,0
[10:54:37.896][S][sensor]: 'Shelly Active Power L1' >> -2598 W
[10:54:38.185][I][csv:715]: 1486249,AGG,11.17,10.62,1.40,-11.00,-10.00,-1.00,-11.00,-10.00,-1.00,-11.00,-10.00,-1.20,5.79,-1.00,9.21,9.26,0.00,0.00,0.00,0.20,0.20,0,0
[10:54:38.185][I][csv:715]: 1486253,AGG,11.09,10.62,1.40,-11.00,-10.00,-1.00,-11.00,-10.00,-1.00,-11.00,-10.00,-1.20,5.79,-1.00,9.21,9.26,0.00,0.00,0.00,0.20,0.20,0,0
[10:54:38.185][S][sensor]: 'TWC Vitals Current L1' >> 0.00 A
[10:54:38.185][S][sensor]: 'TWC Vitals Current L3' >> 0.20 A
[10:54:38.404][S][sensor]: 'Shelly Time Since Last OK' >> 106 ms
[10:54:38.404][S][sensor]: 'Shelly Active Power L3' >> -317 W
[10:54:38.473][I][csv:715]: 1486475,AGG,11.09,10.62,1.40,-11.00,-10.00,-1.00,-11.00,-10.00,-1.00,-11.00,-10.00,-1.20,6.02,-1.00,8.98,9.03,0.00,0.00,0.00,0.20,0.20,0,0
[10:54:38.473][I][csv:715]: 1486486,AGG,11.09,10.56,1.40,-11.00,-10.00,-1.00,-11.00,-10.00,-1.00,-11.00,-10.00,-1.20,6.03,-1.00,8.97,9.02,0.00,0.00,0.00,0.20,0.20,0,0
[10:54:38.473][S][sensor]: 'Shelly Real Current L1' >> 11.09 A
[10:54:38.474][S][sensor]: 'Shelly Active Power L2' >> -2543 W
[10:54:38.697][S][sensor]: 'Shelly Real Current L3' >> 1.40 A
[10:54:38.697][S][sensor]: 'TWC Vitals Vehicle Current' >> 0.20 A
[10:54:38.697][S][sensor]: 'Shelly Real Current L2' >> 10.56 A
[10:54:38.746][S][sensor]: 'TWC Time Since Last Poll' >> 53 ms
[10:54:38.802][I][csv:715]: 1486957,AGG,11.09,10.56,1.40,-11.00,-10.00,-1.00,-11.00,-10.00,-1.00,-11.00,-10.00,-1.20,6.50,-1.00,8.50,8.45,0.00,0.00,0.00,0.20,0.20,0,0
[10:54:38.816][I][csv:715]: 1486966,AGG,11.09,10.56,1.40,-11.00,-10.00,-1.00,-11.00,-10.00,-1.00,-11.00,-10.00,-1.20,6.51,-1.00,8.49,8.44,0.00,0.00,0.00,0.20,0.20,0,0
[10:54:38.817][I][csv:715]: 1486971,AGG,11.09,10.56,1.36,-11.00,-10.00,-1.00,-11.00,-10.00,-1.00,-11.00,-10.00,-1.20,6.51,-1.00,8.49,8.44,0.00,0.00,0.00,0.20,0.20,0,0
[10:54:39.107][I][vitals:883]: TWC vitals: A=0.00 B=0.00 C=0.30 vehicle=0.30 contactor=closed
[10:54:39.112][I][csv:715]: 1487261,AGG,11.09,10.56,1.36,-11.00,-10.00,-1.00,-11.00,-10.00,-1.00,-11.00,-10.00,-1.30,6.80,-1.00,8.20,8.25,0.00,0.00,0.00,0.30,0.30,1,0
[10:54:39.112][I][csv:715]: 1487265,AGG,11.06,10.56,1.36,-11.00,-10.00,-1.00,-11.00,-10.00,-1.00,-11.00,-10.00,-1.30,6.81,-1.00,8.19,8.24,0.00,0.00,0.00,0.30,0.30,1,0
[10:54:39.113][S][sensor]: 'TWC Reported Current L3' >> 9.0 A
[10:54:39.113][S][sensor]: 'TWC Poll Interval' >> 193 ms
[10:54:39.113][S][sensor]: 'TWC Vitals Current L2' >> 0.00 A
[10:54:39.113][S][binary_sensor]: 'TWC Vitals Contactor Closed' >> ON
[10:54:39.516][I][csv:715]: 1487580,AGG,11.06,10.56,1.36,-11.00,-10.00,-1.00,-11.00,-10.00,-1.00,-11.00,-10.00,-1.30,7.12,-1.00,7.88,7.83,0.00,0.00,0.00,0.30,0.30,1,0
[10:54:39.554][I][csv:715]: 1487584,AGG,11.06,10.58,1.36,-11.00,-10.00,-1.00,-11.00,-10.00,-1.00,-11.00,-10.00,-1.30,7.13,-1.00,7.88,7.82,0.00,0.00,0.00,0.30,0.30,1,0
[10:54:39.554][S][sensor]: 'TWC Reported Current L1' >> 7.8 A
[10:54:39.927][I][csv:715]: 1487966,AGG,11.06,10.58,1.36,-11.00,-10.00,-1.00,-11.00,-10.00,-1.00,-11.00,-10.00,-1.30,7.43,-1.00,7.57,7.52,0.00,0.00,0.00,0.30,0.30,1,0
[10:54:39.927][I][csv:715]: 1487977,AGG,11.06,10.58,1.36,-11.00,-10.00,-1.00,-11.00,-10.00,-1.00,-11.00,-10.00,-1.30,7.43,-1.00,7.57,7.52,0.00,0.00,0.00,0.30,0.30,1,0
[10:54:39.927][I][csv:715]: 1488015,AGG,11.06,10.58,1.39,-11.00,-10.00,-1.00,-11.00,-10.00,-1.00,-11.00,-10.00,-1.30,7.43,-1.00,7.57,7.62,0.00,0.00,0.00,0.30,0.30,1,0
[10:54:39.927][S][sensor]: 'Shelly Active Power L1' >> -2584 W
[10:54:39.999][I][csv:715]: 1488159,AGG,11.06,10.58,1.39,-11.00,-10.00,-1.00,-11.00,-10.00,-1.00,-11.00,-10.00,-1.30,7.43,-1.00,7.57,7.62,0.00,0.00,0.00,0.30,0.30,1,0
[10:54:40.030][I][csv:715]: 1488183,AGG,11.09,10.58,1.39,-11.00,-10.00,-1.00,-11.00,-10.00,-1.00,-11.00,-10.00,-1.30,7.43,-1.00,7.57,7.62,0.00,0.00,0.00,0.30,0.30,1,0
[10:54:40.233][S][sensor]: 'TWC Vitals Current L1' >> 0.00 A
[10:54:40.233][S][sensor]: 'TWC Vitals Current L3' >> 0.30 A
[10:54:40.307][S][sensor]: 'Shelly Time Since Last OK' >> 176 ms
[10:54:40.308][S][sensor]: 'Shelly Active Power L3' >> -311 W
[10:54:40.319][I][csv:715]: 1488479,AGG,11.09,10.58,1.39,-11.00,-10.00,-1.00,-11.00,-10.00,-1.00,-11.00,-10.00,-1.30,7.43,-1.00,7.57,7.62,0.00,0.00,0.00,0.30,0.30,1,0
[10:54:40.336][I][csv:715]: 1488493,AGG,11.09,10.59,1.39,-11.00,-10.00,-1.00,-11.00,-10.00,-1.00,-11.00,-10.00,-1.30,7.43,-1.00,7.57,7.62,0.00,0.00,0.00,0.30,0.30,1,0
[10:54:40.540][S][sensor]: 'Shelly Real Current L1' >> 11.09 A
[10:54:40.541][S][sensor]: 'Shelly Active Power L2' >> -2553 W
[10:54:40.602][S][sensor]: 'Shelly Real Current L3' >> 1.39 A
[10:54:40.602][S][sensor]: 'TWC Vitals Vehicle Current' >> 0.30 A
[10:54:40.602][S][sensor]: 'Shelly Real Current L2' >> 10.59 A
[10:54:40.851][S][sensor]: 'TWC Time Since Last Poll' >> 117 ms
[10:54:40.880][I][csv:715]: 1488966,AGG,11.09,10.59,1.39,-11.00,-10.00,-1.00,-11.00,-10.00,-1.00,-11.00,-10.00,-1.30,7.43,-1.00,7.57,7.52,0.00,0.00,0.00,0.30,0.30,1,0
[10:54:41.155][I][vitals:883]: TWC vitals: A=0.20 B=0.00 C=0.40 vehicle=0.40 contactor=closed
[10:54:41.155][I][csv:715]: 1489260,AGG,11.09,10.59,1.39,-11.00,-10.00,-1.00,-11.00,-10.00,-1.00,-11.20,-10.00,-1.40,7.53,-1.00,7.47,7.52,0.00,0.20,0.00,0.40,0.40,1,0
[10:54:41.155][I][csv:715]: 1489264,AGG,11.09,10.59,1.38,-11.00,-10.00,-1.00,-11.00,-10.00,-1.00,-11.20,-10.00,-1.40,7.53,-1.00,7.47,7.52,0.00,0.20,0.00,0.40,0.40,1,0
[10:54:41.155][I][csv:715]: 1489267,AGG,11.09,10.59,1.38,-11.00,-10.00,-1.00,-11.00,-10.00,-1.00,-11.20,-10.00,-1.40,7.53,-1.00,7.47,7.52,0.00,0.20,0.00,0.40,0.40,1,0
[10:54:41.155][I][csv:715]: 1489271,AGG,11.10,10.59,1.38,-11.00,-10.00,-1.00,-11.00,-10.00,-1.00,-11.20,-10.00,-1.40,7.53,-1.00,7.47,7.52,0.00,0.20,0.00,0.40,0.40,1,0
[10:54:41.155][S][sensor]: 'TWC Poll Interval' >> 212 ms
[10:54:41.155][S][sensor]: 'TWC Vitals Current L2' >> 0.00 A
[10:54:41.162][E][modbus:456]: Attempted to send while transmission blocked
[10:54:41.462][I][csv:715]: 1489526,AGG,11.10,10.59,1.38,-11.00,-10.00,-1.00,-11.00,-10.00,-1.00,-11.20,-10.00,-1.40,7.53,-1.00,7.47,7.42,0.00,0.20,0.00,0.40,0.40,1,0
[10:54:41.669][I][csv:715]: 1489529,AGG,11.10,10.66,1.38,-11.00,-10.00,-1.00,-11.00,-10.00,-1.00,-11.20,-10.00,-1.40,7.53,-1.00,7.47,7.42,0.00,0.20,0.00,0.40,0.40,1,0
[10:54:41.872][I][csv:715]: 1489966,AGG,11.10,10.66,1.38,-11.00,-10.00,-1.00,-11.00,-10.00,-1.00,-11.20,-10.00,-1.40,7.53,-1.00,7.47,7.42,0.00,0.20,0.00,0.40,0.40,1,0
[10:54:41.877][I][csv:715]: 1489981,AGG,11.10,10.66,1.38,-11.00,-10.00,-1.00,-11.00,-10.00,-1.00,-11.20,-10.00,-1.40,7.53,-1.00,7.47,7.42,0.00,0.20,0.00,0.40,0.40,1,0
[10:54:41.877][I][csv:715]: 1490027,AGG,11.10,10.66,1.41,-11.00,-10.00,-1.00,-11.00,-10.00,-1.00,-11.20,-10.00,-1.40,7.53,-1.00,7.47,7.52,0.00,0.20,0.00,0.40,0.40,1,0
[10:54:41.893][S][sensor]: 'Shelly Active Power L1' >> -2551 W
[10:54:42.179][I][csv:715]: 1490243,AGG,11.10,10.66,1.41,-11.00,-10.00,-1.00,-11.00,-10.00,-1.00,-11.20,-10.00,-1.40,7.53,-1.00,7.47,7.52,0.00,0.20,0.00,0.40,0.40,1,0
[10:54:42.179][I][csv:715]: 1490247,AGG,11.12,10.66,1.41,-11.00,-10.00,-1.00,-11.00,-10.00,-1.00,-11.20,-10.00,-1.40,7.53,-1.00,7.47,7.52,0.00,0.20,0.00,0.40,0.40,1,0
[10:54:42.179][S][sensor]: 'TWC Vitals Current L1' >> 0.20 A
[10:54:42.179][S][sensor]: 'TWC Vitals Current L3' >> 0.40 A
[10:54:42.385][S][sensor]: 'Shelly Time Since Last OK' >> 112 ms
[10:54:42.385][S][sensor]: 'Shelly Active Power L3' >> -320 W
[10:54:42.394][I][csv:715]: 1490503,AGG,11.12,10.66,1.41,-11.00,-10.00,-1.00,-11.00,-10.00,-1.00,-11.20,-10.00,-1.40,7.53,-1.00,7.47,7.42,0.00,0.20,0.00,0.40,0.40,1,0
[10:54:42.395][I][csv:715]: 1490509,AGG,11.12,10.72,1.41,-11.00,-10.00,-1.00,-11.00,-10.00,-1.00,-11.20,-10.00,-1.40,7.53,-1.00,7.47,7.42,0.00,0.20,0.00,0.40,0.40,1,0
[10:54:42.479][S][sensor]: 'Shelly Real Current L1' >> 11.12 A
[10:54:42.479][S][sensor]: 'Shelly Active Power L2' >> -2573 W
[10:54:42.649][S][sensor]: 'TWC Reported Current L2' >> 7.4 A
[10:54:42.649][S][sensor]: 'Shelly Real Current L3' >> 1.41 A
[10:54:42.649][S][sensor]: 'TWC Vitals Vehicle Current' >> 0.40 A
[10:54:42.650][S][sensor]: 'Shelly Real Current L2' >> 10.72 A
[10:54:42.749][S][sensor]: 'TWC Time Since Last Poll' >> 175 ms
[10:54:42.811][I][csv:715]: 1490966,AGG,11.12,10.72,1.41,-11.00,-10.00,-1.00,-11.00,-10.00,-1.00,-11.20,-10.00,-1.40,7.53,-1.00,7.47,7.42,0.00,0.20,0.00,0.40,0.40,1,0
[10:54:43.093][I][vitals:883]: TWC vitals: A=0.30 B=0.00 C=0.40 vehicle=0.40 contactor=closed
[10:54:43.104][I][csv:715]: 1491261,AGG,11.12,10.72,1.41,-11.00,-10.00,-1.00,-11.00,-10.00,-1.00,-11.30,-10.00,-1.40,7.57,-1.00,7.43,7.48,0.00,0.30,0.00,0.40,0.40,1,0
[10:54:43.109][I][csv:715]: 1491268,AGG,11.12,10.72,1.41,-11.00,-10.00,-1.00,-11.00,-10.00,-1.00,-11.30,-10.00,-1.40,7.57,-1.00,7.43,7.48,0.00,0.30,0.00,0.40,0.40,1,0
[10:54:43.125][I][csv:715]: 1491273,AGG,11.12,10.72,1.41,-11.00,-10.00,-1.00,-11.00,-10.00,-1.00,-11.30,-10.00,-1.40,7.57,-1.00,7.43,7.48,0.00,0.30,0.00,0.40,0.40,1,0
[10:54:43.125][I][csv:715]: 1491276,AGG,11.10,10.72,1.41,-11.00,-10.00,-1.00,-11.00,-10.00,-1.00,-11.30,-10.00,-1.40,7.57,-1.00,7.43,7.48,0.00,0.30,0.00,0.40,0.40,1,0
[10:54:43.125][S][sensor]: 'TWC Poll Interval' >> 190 ms
[10:54:43.125][S][sensor]: 'TWC Vitals Current L2' >> 0.00 A
[10:54:43.510][I][csv:715]: 1491574,AGG,11.10,10.72,1.41,-11.00,-10.00,-1.00,-11.00,-10.00,-1.00,-11.30,-10.00,-1.40,7.57,-1.00,7.43,7.38,0.00,0.30,0.00,0.40,0.40,1,0
[10:54:43.715][I][csv:715]: 1491578,AGG,11.10,10.64,1.41,-11.00,-10.00,-1.00,-11.00,-10.00,-1.00,-11.30,-10.00,-1.40,7.57,-1.00,7.43,7.38,0.00,0.30,0.00,0.40,0.40,1,0
[10:54:43.921][I][csv:715]: 1491966,AGG,11.10,10.64,1.41,-11.00,-10.00,-1.00,-11.00,-10.00,-1.00,-11.30,-10.00,-1.40,7.57,-1.00,7.43,7.38,0.00,0.30,0.00,0.40,0.40,1,0
[10:54:43.921][I][csv:715]: 1491994,AGG,11.10,10.64,1.41,-11.00,-10.00,-1.00,-11.00,-10.00,-1.00,-11.30,-10.00,-1.40,7.57,-1.00,7.43,7.38,0.00,0.30,0.00,0.40,0.40,1,0
[10:54:43.921][S][sensor]: 'TWC Reported Current L3' >> 7.4 A
[10:54:43.921][S][sensor]: 'Shelly Active Power L1' >> -2553 W
[10:54:43.928][I][csv:715]: 1492058,AGG,11.10,10.64,1.42,-11.00,-10.00,-1.00,-11.00,-10.00,-1.00,-11.30,-10.00,-1.40,7.57,-1.00,7.43,7.48,0.00,0.30,0.00,0.40,0.40,1,0
[10:54:44.124][I][csv:715]: 1492251,AGG,11.10,10.64,1.42,-11.00,-10.00,-1.00,-11.00,-10.00,-1.00,-11.30,-10.00,-1.40,7.57,-1.00,7.43,7.48,0.00,0.30,0.00,0.40,0.40,1,0
[10:54:44.138][I][csv:715]: 1492256,AGG,11.02,10.64,1.42,-11.00,-10.00,-1.00,-11.00,-10.00,-1.00,-11.30,-10.00,-1.40,7.57,-1.00,7.43,7.48,0.00,0.30,0.00,0.40,0.40,1,0
[10:54:44.161][S][sensor]: 'TWC Vitals Current L1' >> 0.30 A
[10:54:44.161][S][sensor]: 'TWC Vitals Current L3' >> 0.40 A
[10:54:44.307][S][sensor]: 'Shelly Time Since Last OK' >> 103 ms
[10:54:44.307][S][sensor]: 'Shelly Active Power L3' >> -315 W
[10:54:44.355][I][csv:715]: 1492512,AGG,11.02,10.64,1.42,-11.00,-10.00,-1.00,-11.00,-10.00,-1.00,-11.30,-10.00,-1.40,7.57,-1.00,7.43,7.38,0.00,0.30,0.00,0.40,0.40,1,0
[10:54:44.367][I][csv:715]: 1492526,AGG,11.02,10.66,1.42,-11.00,-10.00,-1.00,-11.00,-10.00,-1.00,-11.30,-10.00,-1.40,7.57,-1.00,7.43,7.38,0.00,0.30,0.00,0.40,0.40,1,0
[10:54:44.474][S][sensor]: 'Shelly Real Current L1' >> 11.02 A
[10:54:44.474][S][sensor]: 'Shelly Active Power L2' >> -2571 W
[10:54:44.474][S][sensor]: 'TWC Reported Current L1' >> 7.4 A
[10:54:44.608][S][sensor]: 'Shelly Real Current L3' >> 1.42 A
[10:54:44.608][S][sensor]: 'TWC Vitals Vehicle Current' >> 0.40 A
[10:54:44.609][S][sensor]: 'Shelly Real Current L2' >> 10.66 A
[10:54:44.751][S][sensor]: 'TWC Time Since Last Poll' >> 145 ms
[10:54:44.807][I][csv:715]: 1492966,AGG,11.02,10.66,1.42,-11.00,-10.00,-1.00,-11.00,-10.00,-1.00,-11.30,-10.00,-1.40,7.57,-1.00,7.43,7.38,0.00,0.30,0.00,0.40,0.40,1,0
[10:54:45.091][I][vitals:883]: TWC vitals: A=0.40 B=0.00 C=0.40 vehicle=0.40 contactor=closed
[10:54:45.106][I][csv:715]: 1493260,AGG,11.02,10.66,1.42,-11.00,-10.00,-1.00,-11.00,-10.00,-1.00,-11.40,-10.00,-1.40,7.60,-1.00,7.40,7.45,0.00,0.40,0.00,0.40,0.40,1,0
[10:54:45.107][I][csv:715]: 1493263,AGG,11.02,10.66,1.43,-11.00,-10.00,-1.00,-11.00,-10.00,-1.00,-11.40,-10.00,-1.40,7.60,-1.00,7.40,7.45,0.00,0.40,0.00,0.40,0.40,1,0
[10:54:45.129][I][csv:715]: 1493270,AGG,11.02,10.66,1.43,-11.00,-10.00,-1.00,-11.00,-10.00,-1.00,-11.40,-10.00,-1.40,7.60,-1.00,7.40,7.45,0.00,0.40,0.00,0.40,0.40,1,0
[10:54:45.129][I][csv:715]: 1493273,AGG,11.03,10.66,1.43,-11.00,-10.00,-1.00,-11.00,-10.00,-1.00,-11.40,-10.00,-1.40,7.60,-1.00,7.40,7.45,0.00,0.40,0.00,0.40,0.40,1,0
[10:54:45.129][S][sensor]: 'TWC Poll Interval' >> 193 ms
[10:54:45.129][S][sensor]: 'TWC Vitals Current L2' >> 0.00 A
[10:54:45.461][I][csv:715]: 1493621,AGG,11.03,10.66,1.43,-11.00,-10.00,-1.00,-11.00,-10.00,-1.00,-11.40,-10.00,-1.40,7.60,-1.00,7.40,7.35,0.00,0.40,0.00,0.40,0.40,1,0
[10:54:45.466][I][csv:715]: 1493625,AGG,11.03,10.61,1.43,-11.00,-10.00,-1.00,-11.00,-10.00,-1.00,-11.40,-10.00,-1.40,7.60,-1.00,7.40,7.35,0.00,0.40,0.00,0.40,0.40,1,0
[10:54:45.806][I][csv:715]: 1493966,AGG,11.03,10.61,1.43,-11.00,-10.00,-1.00,-11.00,-10.00,-1.00,-11.40,-10.00,-1.40,7.60,-1.00,7.40,7.35,0.00,0.40,0.00,0.40,0.40,1,0
[10:54:45.850][I][csv:715]: 1494010,AGG,11.03,10.61,1.43,-11.00,-10.00,-1.00,-11.00,-10.00,-1.00,-11.40,-10.00,-1.40,7.60,-1.00,7.40,7.45,0.00,0.40,0.00,0.40,0.40,1,0
[10:54:45.888][S][sensor]: 'Shelly Active Power L1' >> -2552 W
[10:54:45.915][I][csv:715]: 1494073,AGG,11.03,10.61,1.42,-11.00,-10.00,-1.00,-11.00,-10.00,-1.00,-11.40,-10.00,-1.40,7.60,-1.00,7.40,7.45,0.00,0.40,0.00,0.40,0.40,1,0
[10:54:46.078][I][csv:715]: 1494237,AGG,11.03,10.61,1.42,-11.00,-10.00,-1.00,-11.00,-10.00,-1.00,-11.40,-10.00,-1.40,7.60,-1.00,7.40,7.45,0.00,0.40,0.00,0.40,0.40,1,0
[10:54:46.091][I][csv:715]: 1494241,AGG,11.03,10.61,1.42,-11.00,-10.00,-1.00,-11.00,-10.00,-1.00,-11.40,-10.00,-1.40,7.60,-1.00,7.40,7.45,0.00,0.40,0.00,0.40,0.40,1,0
[10:54:46.156][S][sensor]: 'TWC Vitals Current L1' >> 0.40 A
[10:54:46.156][S][sensor]: 'TWC Vitals Current L3' >> 0.40 A
[10:54:46.302][S][sensor]: 'Shelly Time Since Last OK' >> 118 ms
[10:54:46.303][S][sensor]: 'Shelly Active Power L3' >> -314 W
[10:54:46.471][S][sensor]: 'Shelly Real Current L1' >> 11.03 A
[10:54:46.471][S][sensor]: 'Shelly Active Power L2' >> -2548 W
[10:54:46.489][I][csv:715]: 1494639,AGG,11.03,10.61,1.42,-11.00,-10.00,-1.00,-11.00,-10.00,-1.00,-11.40,-10.00,-1.40,7.60,-1.00,7.40,7.35,0.00,0.40,0.00,0.40,0.40,1,0
[10:54:46.495][I][csv:715]: 1494643,AGG,11.03,10.63,1.42,-11.00,-10.00,-1.00,-11.00,-10.00,-1.00,-11.40,-10.00,-1.40,7.60,-1.00,7.40,7.35,0.00,0.40,0.00,0.40,0.40,1,0
[10:54:46.603][S][sensor]: 'Shelly Real Current L3' >> 1.42 A
[10:54:46.603][S][sensor]: 'TWC Vitals Vehicle Current' >> 0.40 A
[10:54:46.603][S][sensor]: 'Shelly Real Current L2' >> 10.63 A
[10:54:46.750][S][sensor]: 'TWC Time Since Last Poll' >> 183 ms
[10:54:46.807][I][csv:715]: 1494966,AGG,11.03,10.63,1.42,-11.00,-10.00,-1.00,-11.00,-10.00,-1.00,-11.40,-10.00,-1.40,7.60,-1.00,7.40,7.35,0.00,0.40,0.00,0.40,0.40,1,0
[10:54:47.207][I][vitals:883]: TWC vitals: A=1.80 B=0.00 C=0.40 vehicle=1.70 contactor=closed
[10:54:47.214][I][csv:715]: 1495372,AGG,11.03,10.63,1.42,-11.00,-10.00,-1.00,-11.00,-10.00,-1.00,-12.80,-10.00,-1.40,8.01,-1.00,6.99,7.04,0.00,1.80,0.00,0.40,1.70,1,0
[10:54:47.217][I][csv:715]: 1495377,AGG,11.03,10.63,1.40,-11.00,-10.00,-1.00,-11.00,-10.00,-1.00,-12.80,-10.00,-1.40,8.01,-1.00,6.99,7.04,0.00,1.80,0.00,0.40,1.70,1,0
[10:54:47.223][I][csv:715]: 1495382,AGG,11.03,10.63,1.40,-11.00,-10.00,-1.00,-11.00,-10.00,-1.00,-12.80,-10.00,-1.40,8.02,-1.00,6.98,7.03,0.00,1.80,0.00,0.40,1.70,1,0
[10:54:47.227][I][csv:715]: 1495388,AGG,10.95,10.63,1.40,-10.00,-10.00,-1.00,-10.00,-10.00,-1.00,-11.80,-10.00,-1.40,8.01,-1.00,6.99,7.04,0.00,1.80,0.00,0.40,1.70,1,0
[10:54:47.235][S][sensor]: 'TWC Poll Interval' >> 200 ms
[10:54:47.236][S][sensor]: 'TWC Vitals Current L2' >> 0.00 A
[10:54:47.409][I][csv:715]: 1495567,AGG,10.95,10.63,1.40,-10.00,-10.00,-1.00,-10.00,-10.00,-1.00,-11.80,-10.00,-1.40,7.83,-1.00,7.17,7.12,0.00,1.80,0.00,0.40,1.70,1,0
[10:54:47.413][I][csv:715]: 1495571,AGG,10.95,10.61,1.40,-10.00,-10.00,-1.00,-10.00,-10.00,-1.00,-11.80,-10.00,-1.40,7.83,-1.00,7.17,7.12,0.00,1.80,0.00,0.40,1.70,1,0
[10:54:47.598][S][sensor]: 'TWC Reported Current L2' >> 7.1 A
[10:54:47.808][I][csv:715]: 1495966,AGG,10.95,10.61,1.40,-10.00,-10.00,-1.00,-10.00,-10.00,-1.00,-11.80,-10.00,-1.40,7.73,-1.00,7.27,7.22,0.00,1.80,0.00,0.40,1.70,1,0
[10:54:47.869][I][csv:715]: 1496029,AGG,10.95,10.61,1.40,-10.00,-10.00,-1.00,-10.00,-10.00,-1.00,-11.80,-10.00,-1.40,7.73,-1.00,7.27,7.32,0.00,1.80,0.00,0.40,1.70,1,0
[10:54:47.892][S][sensor]: 'Shelly Active Power L1' >> -2491 W
[10:54:47.940][I][csv:715]: 1496101,AGG,10.95,10.61,1.38,-10.00,-10.00,-1.00,-10.00,-10.00,-1.00,-11.80,-10.00,-1.40,7.73,-1.00,7.27,7.32,0.00,1.80,0.00,0.40,1.70,1,0
[10:54:48.092][I][csv:715]: 1496252,AGG,10.95,10.61,1.38,-10.00,-10.00,-1.00,-10.00,-10.00,-1.00,-11.80,-10.00,-1.40,7.73,-1.00,7.27,7.32,0.00,1.80,0.00,0.40,1.70,1,0
[10:54:48.097][I][csv:715]: 1496256,AGG,10.87,10.61,1.38,-10.00,-10.00,-1.00,-10.00,-10.00,-1.00,-11.80,-10.00,-1.40,7.73,-1.00,7.27,7.32,0.00,1.80,0.00,0.40,1.70,1,0
[10:54:48.161][S][sensor]: 'TWC Vitals Current L1' >> 1.80 A
[10:54:48.162][S][sensor]: 'TWC Vitals Current L3' >> 0.40 A
[10:54:48.306][S][sensor]: 'Shelly Time Since Last OK' >> 103 ms
[10:54:48.307][S][sensor]: 'Shelly Active Power L3' >> -306 W
[10:54:48.436][I][csv:715]: 1496596,AGG,10.87,10.61,1.38,-10.00,-10.00,-1.00,-10.00,-10.00,-1.00,-11.80,-10.00,-1.40,7.73,-1.00,7.27,7.22,0.00,1.80,0.00,0.40,1.70,1,0
[10:54:48.445][I][csv:715]: 1496600,AGG,10.87,10.54,1.38,-10.00,-10.00,-1.00,-10.00,-10.00,-1.00,-11.80,-10.00,-1.40,7.73,-1.00,7.27,7.22,0.00,1.80,0.00,0.40,1.70,1,0
[10:54:48.477][S][sensor]: 'Shelly Real Current L1' >> 10.87 A
[10:54:48.477][S][sensor]: 'Shelly Active Power L2' >> -2547 W
[10:54:48.598][S][sensor]: 'Shelly Real Current L3' >> 1.38 A
[10:54:48.598][S][sensor]: 'TWC Vitals Vehicle Current' >> 1.70 A
[10:54:48.598][S][sensor]: 'Shelly Real Current L2' >> 10.54 A
[10:54:48.745][S][sensor]: 'TWC Time Since Last Poll' >> 8 ms
[10:54:48.807][I][csv:715]: 1496966,AGG,10.87,10.54,1.38,-10.00,-10.00,-1.00,-10.00,-10.00,-1.00,-11.80,-10.00,-1.40,7.73,-1.00,7.27,7.22,0.00,1.80,0.00,0.40,1.70,1,0
[10:54:49.097][I][vitals:883]: TWC vitals: A=1.20 B=0.00 C=0.40 vehicle=1.50 contactor=closed
[10:54:49.106][I][csv:715]: 1497266,AGG,10.87,10.54,1.38,-10.00,-10.00,-1.00,-10.00,-10.00,-1.00,-11.20,-10.00,-1.40,7.53,-1.00,7.47,7.52,0.00,1.20,0.00,0.40,1.50,1,0
[10:54:49.115][I][csv:715]: 1497270,AGG,10.87,10.54,1.37,-10.00,-10.00,-1.00,-10.00,-10.00,-1.00,-11.20,-10.00,-1.40,7.53,-1.00,7.47,7.52,0.00,1.20,0.00,0.40,1.50,1,0
[10:54:49.123][I][csv:715]: 1497274,AGG,10.87,10.54,1.37,-10.00,-10.00,-1.00,-10.00,-10.00,-1.00,-11.20,-10.00,-1.40,7.53,-1.00,7.47,7.52,0.00,1.20,0.00,0.40,1.50,1,0
[10:54:49.123][I][csv:715]: 1497277,AGG,10.52,10.54,1.37,-10.00,-10.00,-1.00,-10.00,-10.00,-1.00,-11.20,-10.00,-1.40,7.53,-1.00,7.47,7.52,0.00,1.20,0.00,0.40,1.50,1,0
[10:54:49.123][S][sensor]: 'TWC Reported Current L3' >> 7.2 A
[10:54:49.123][S][sensor]: 'TWC Poll Interval' >> 194 ms
[10:54:49.123][S][sensor]: 'TWC Vitals Current L2' >> 0.00 A
[10:54:49.128][E][modbus:456]: Attempted to send while transmission blocked
[10:54:49.457][I][csv:715]: 1497615,AGG,10.52,10.54,1.37,-10.00,-10.00,-1.00,-10.00,-10.00,-1.00,-11.20,-10.00,-1.40,7.53,-1.00,7.47,7.42,0.00,1.20,0.00,0.40,1.50,1,0
[10:54:49.463][I][csv:715]: 1497620,AGG,10.52,10.61,1.37,-10.00,-10.00,-1.00,-10.00,-10.00,-1.00,-11.20,-10.00,-1.40,7.53,-1.00,7.47,7.42,0.00,1.20,0.00,0.40,1.50,1,0
[10:54:49.555][S][sensor]: 'TWC Reported Current L1' >> 7.5 A
[10:54:49.891][I][csv:715]: 1497966,AGG,10.52,10.61,1.37,-10.00,-10.00,-1.00,-10.00,-10.00,-1.00,-11.20,-10.00,-1.40,7.53,-1.00,7.47,7.42,0.00,1.20,0.00,0.40,1.50,1,0
[10:54:49.892][S][sensor]: 'Shelly Active Power L1' >> -2183 W
[10:54:49.899][I][csv:715]: 1498058,AGG,10.52,10.61,1.37,-10.00,-10.00,-1.00,-10.00,-10.00,-1.00,-11.20,-10.00,-1.40,7.53,-1.00,7.47,7.52,0.00,1.20,0.00,0.40,1.50,1,0
[10:54:49.952][I][csv:715]: 1498113,AGG,10.52,10.61,1.35,-10.00,-10.00,-1.00,-10.00,-10.00,-1.00,-11.20,-10.00,-1.40,7.53,-1.00,7.47,7.52,0.00,1.20,0.00,0.40,1.50,1,0
[10:54:50.160][S][sensor]: 'TWC Vitals Current L1' >> 1.20 A
[10:54:50.160][S][sensor]: 'TWC Vitals Current L3' >> 0.40 A
[10:54:50.167][I][csv:715]: 1498326,AGG,10.52,10.61,1.35,-10.00,-10.00,-1.00,-10.00,-10.00,-1.00,-11.20,-10.00,-1.40,7.53,-1.00,7.47,7.52,0.00,1.20,0.00,0.40,1.50,1,0
[10:54:50.173][I][csv:715]: 1498332,AGG,9.62,10.61,1.35,-9.00,-10.00,-1.00,-9.00,-10.00,-1.00,-10.20,-10.00,-1.40,7.53,-1.00,7.47,7.52,0.00,1.20,0.00,0.40,1.50,1,0
[10:54:50.306][S][sensor]: 'Shelly Time Since Last OK' >> 27 ms
[10:54:50.306][S][sensor]: 'Shelly Active Power L3' >> -302 W
[10:54:50.470][S][sensor]: 'Shelly Real Current L1' >> 9.62 A
[10:54:50.471][S][sensor]: 'Shelly Active Power L2' >> -2549 W
[10:54:50.478][I][csv:715]: 1498639,AGG,9.62,10.61,1.35,-9.00,-10.00,-1.00,-9.00,-10.00,-1.00,-10.20,-10.00,-1.40,7.22,-1.00,7.78,7.73,0.00,1.20,0.00,0.40,1.50,1,0
[10:54:50.486][I][csv:715]: 1498643,AGG,9.62,10.60,1.35,-9.00,-10.00,-1.00,-9.00,-10.00,-1.00,-10.20,-10.00,-1.40,7.22,-1.00,7.78,7.73,0.00,1.20,0.00,0.40,1.50,1,0
[10:54:50.597][S][sensor]: 'Shelly Real Current L3' >> 1.35 A
[10:54:50.598][S][sensor]: 'TWC Vitals Vehicle Current' >> 1.50 A
[10:54:50.598][S][sensor]: 'Shelly Real Current L2' >> 10.60 A
[10:54:50.766][S][sensor]: 'TWC Time Since Last Poll' >> 73 ms
[10:54:50.806][I][csv:715]: 1498966,AGG,9.62,10.60,1.35,-9.00,-10.00,-1.00,-9.00,-10.00,-1.00,-10.20,-10.00,-1.40,7.20,-1.00,7.80,7.75,0.00,1.20,0.00,0.40,1.50,1,0
[10:54:51.096][I][vitals:883]: TWC vitals: A=3.20 B=0.30 C=0.40 vehicle=3.30 contactor=closed
[10:54:51.104][I][csv:715]: 1499265,AGG,9.62,10.60,1.35,-9.00,-10.00,-1.00,3.20,0.30,0.40,-12.20,-10.30,-1.40,7.50,3.20,11.70,11.75,0.00,3.20,0.30,0.40,3.30,1,1
[10:54:51.110][I][csv:715]: 1499270,AGG,9.62,10.60,1.35,-9.00,-10.00,-1.00,3.20,0.30,0.40,-12.20,-10.30,-1.40,7.50,3.20,11.70,11.75,0.00,3.20,0.30,0.40,3.30,1,1
[10:54:51.116][I][csv:715]: 1499274,AGG,9.62,10.60,1.35,-9.00,-10.00,-1.00,3.20,0.30,0.40,-12.20,-10.30,-1.40,7.51,3.20,11.69,11.74,0.00,3.20,0.30,0.40,3.30,1,1
[10:54:51.121][I][csv:715]: 1499279,AGG,8.62,10.60,1.35,-8.00,-10.00,-1.00,3.20,0.30,0.40,-11.20,-10.30,-1.40,7.51,3.20,11.69,11.74,0.00,3.20,0.30,0.40,3.30,1,1
[10:54:51.123][S][sensor]: 'TWC Poll Interval' >> 193 ms
[10:54:51.123][S][sensor]: 'TWC Vitals Current L2' >> 0.00 A
[10:54:51.505][I][csv:715]: 1499666,AGG,8.62,10.60,1.35,-8.00,-10.00,-1.00,3.20,0.30,0.40,-11.20,-10.30,-1.40,7.63,3.20,11.57,11.52,0.00,3.20,0.30,0.40,3.30,1,1
[10:54:51.521][I][csv:715]: 1499670,AGG,8.62,10.53,1.35,-8.00,-10.00,-1.00,3.20,0.30,0.40,-11.20,-10.30,-1.40,7.63,3.20,11.57,11.52,0.00,3.20,0.30,0.40,3.30,1,1
[10:54:51.807][I][csv:715]: 1499966,AGG,8.62,10.53,1.35,-8.00,-10.00,-1.00,3.20,0.30,0.40,-11.20,-10.30,-1.40,7.63,3.20,11.57,11.52,0.00,3.20,0.30,0.40,3.30,1,1
[10:54:51.892][S][sensor]: 'Shelly Active Power L1' >> -1693 W
[10:54:51.896][I][csv:715]: 1500056,AGG,8.62,10.53,1.35,-8.00,-10.00,-1.00,3.20,0.30,0.40,-11.20,-10.30,-1.40,7.63,3.20,11.57,11.62,0.00,3.20,0.30,0.40,3.30,1,1
[10:54:52.013][I][csv:715]: 1500167,AGG,8.62,10.53,1.34,-8.00,-10.00,-1.00,3.20,0.30,0.40,-11.20,-10.30,-1.40,7.63,3.20,11.57,11.62,0.00,3.20,0.30,0.40,3.30,1,1
[10:54:52.117][I][csv:715]: 1500277,AGG,8.62,10.53,1.34,-8.00,-10.00,-1.00,3.20,0.30,0.40,-11.20,-10.30,-1.40,7.63,3.20,11.57,11.62,0.00,3.20,0.30,0.40,3.30,1,1
[10:54:52.121][I][csv:715]: 1500281,AGG,7.53,10.53,1.34,-7.00,-10.00,-1.00,3.20,0.30,0.40,-10.20,-10.30,-1.40,7.63,3.20,11.57,11.62,0.00,3.20,0.30,0.40,3.30,1,1
[10:54:52.157][S][sensor]: 'TWC Vitals Current L1' >> 3.20 A
[10:54:52.157][S][sensor]: 'TWC Vitals Current L3' >> 0.40 A
[10:54:52.304][S][sensor]: 'Shelly Time Since Last OK' >> 78 ms
[10:54:52.305][S][sensor]: 'Shelly Active Power L3' >> -294 W
[10:54:52.472][S][sensor]: 'Shelly Real Current L1' >> 7.53 A
[10:54:52.473][S][sensor]: 'Shelly Active Power L2' >> -2559 W
[10:54:52.479][I][csv:715]: 1500639,AGG,7.53,10.53,1.34,-7.00,-10.00,-1.00,3.20,0.30,0.40,-10.20,-10.30,-1.40,7.30,3.20,11.90,11.85,0.00,3.20,0.30,0.40,3.30,1,1
[10:54:52.489][I][csv:715]: 1500644,AGG,7.53,10.58,1.34,-7.00,-10.00,-1.00,3.20,0.30,0.40,-10.20,-10.30,-1.40,7.30,3.20,11.90,11.85,0.00,3.20,0.30,0.40,3.30,1,1
[10:54:52.608][S][sensor]: 'TWC Reported Current L2' >> 11.9 A
[10:54:52.608][S][sensor]: 'Shelly Real Current L3' >> 1.34 A
[10:54:52.608][S][sensor]: 'TWC Vitals Vehicle Current' >> 3.30 A
[10:54:52.608][S][sensor]: 'Shelly Real Current L2' >> 10.58 A
[10:54:52.747][S][sensor]: 'TWC Time Since Last Poll' >> 4 ms
[10:54:52.810][I][csv:715]: 1500966,AGG,7.53,10.58,1.34,-7.00,-10.00,-1.00,3.20,0.30,0.40,-10.20,-10.30,-1.40,7.30,3.20,11.90,11.85,0.00,3.20,0.30,0.40,3.30,1,1
[10:54:53.099][I][vitals:883]: TWC vitals: A=5.20 B=0.50 C=0.40 vehicle=5.20 contactor=closed
[10:54:53.106][I][csv:715]: 1501264,AGG,7.53,10.58,1.34,-7.00,-10.00,-1.00,5.20,0.50,0.40,-12.20,-10.50,-1.40,7.60,5.20,13.60,13.65,0.00,5.20,0.50,0.40,5.20,1,1
[10:54:53.108][I][csv:715]: 1501268,AGG,7.53,10.58,1.32,-7.00,-10.00,-1.00,5.20,0.50,0.40,-12.20,-10.50,-1.40,7.60,5.20,13.60,13.65,0.00,5.20,0.50,0.40,5.20,1,1
[10:54:53.117][I][csv:715]: 1501274,AGG,7.53,10.58,1.32,-7.00,-10.00,-1.00,5.20,0.50,0.40,-12.20,-10.50,-1.40,7.61,5.20,13.59,13.64,0.00,5.20,0.50,0.40,5.20,1,1
[10:54:53.122][I][csv:715]: 1501280,AGG,6.48,10.58,1.32,-6.00,-10.00,-1.00,5.20,0.50,0.40,-11.20,-10.50,-1.40,7.61,5.20,13.59,13.64,0.00,5.20,0.50,0.40,5.20,1,1
[10:54:53.123][S][sensor]: 'TWC Poll Interval' >> 194 ms
[10:54:53.123][S][sensor]: 'TWC Vitals Current L2' >> 0.30 A
[10:54:53.128][E][modbus:456]: Attempted to send while transmission blocked
[10:54:53.449][I][csv:715]: 1501610,AGG,6.48,10.58,1.32,-6.00,-10.00,-1.00,5.20,0.50,0.40,-11.20,-10.50,-1.40,7.70,5.20,13.50,13.45,0.00,5.20,0.50,0.40,5.20,1,1
[10:54:53.454][I][csv:715]: 1501614,AGG,6.48,10.53,1.32,-6.00,-10.00,-1.00,5.20,0.50,0.40,-11.20,-10.50,-1.40,7.70,5.20,13.50,13.45,0.00,5.20,0.50,0.40,5.20,1,1
[10:54:53.806][I][csv:715]: 1501966,AGG,6.48,10.53,1.32,-6.00,-10.00,-1.00,5.20,0.50,0.40,-11.20,-10.50,-1.40,7.70,5.20,13.50,13.45,0.00,5.20,0.50,0.40,5.20,1,1
[10:54:53.880][S][sensor]: 'TWC Reported Current L3' >> 13.4 A
[10:54:53.880][S][sensor]: 'Shelly Active Power L1' >> -1317 W
[10:54:53.902][I][csv:715]: 1502062,AGG,6.48,10.53,1.32,-6.00,-10.00,-1.00,5.20,0.50,0.40,-11.20,-10.50,-1.40,7.70,5.20,13.50,13.55,0.00,5.20,0.50,0.40,5.20,1,1
[10:54:54.063][I][csv:715]: 1502223,AGG,6.48,10.53,1.33,-6.00,-10.00,-1.00,5.20,0.50,0.40,-11.20,-10.50,-1.40,7.70,5.20,13.50,13.55,0.00,5.20,0.50,0.40,5.20,1,1
[10:54:54.103][I][csv:715]: 1502262,AGG,6.48,10.53,1.33,-6.00,-10.00,-1.00,5.20,0.50,0.40,-11.20,-10.50,-1.40,7.70,5.20,13.50,13.55,0.00,5.20,0.50,0.40,5.20,1,1
[10:54:54.117][I][csv:715]: 1502277,AGG,5.83,10.53,1.33,-5.00,-10.00,-1.00,5.20,0.50,0.40,-10.20,-10.50,-1.40,7.69,5.20,13.51,13.56,0.00,5.20,0.50,0.40,5.20,1,1
[10:54:54.170][S][sensor]: 'TWC Vitals Current L1' >> 5.20 A
[10:54:54.170][S][sensor]: 'TWC Vitals Current L3' >> 0.40 A
[10:54:54.301][S][sensor]: 'Shelly Time Since Last OK' >> 82 ms
[10:54:54.301][S][sensor]: 'Shelly Active Power L3' >> -291 W
[10:54:54.474][I][csv:715]: 1502633,AGG,5.83,10.53,1.33,-5.00,-10.00,-1.00,5.20,0.50,0.40,-10.20,-10.50,-1.40,7.37,5.20,13.83,13.78,0.00,5.20,0.50,0.40,5.20,1,1
[10:54:54.480][I][csv:715]: 1502637,AGG,5.83,10.52,1.33,-5.00,-10.00,-1.00,5.20,0.50,0.40,-10.20,-10.50,-1.40,7.37,5.20,13.83,13.78,0.00,5.20,0.50,0.40,5.20,1,1
[10:54:54.480][S][sensor]: 'Shelly Real Current L1' >> 5.83 A
[10:54:54.480][S][sensor]: 'Shelly Active Power L2' >> -2539 W
[10:54:54.480][S][sensor]: 'TWC Reported Current L1' >> 13.6 A
[10:54:54.602][S][sensor]: 'Shelly Real Current L3' >> 1.33 A
[10:54:54.602][S][sensor]: 'TWC Vitals Vehicle Current' >> 5.20 A
[10:54:54.602][S][sensor]: 'Shelly Real Current L2' >> 10.52 A
[10:54:54.744][S][sensor]: 'TWC Time Since Last Poll' >> 69 ms
[10:54:54.806][I][csv:715]: 1502966,AGG,5.83,10.52,1.33,-5.00,-10.00,-1.00,5.20,0.50,0.40,-10.20,-10.50,-1.40,7.37,5.20,13.83,13.78,0.00,5.20,0.50,0.40,5.20,1,1
[10:54:55.096][I][vitals:883]: TWC vitals: A=5.20 B=0.50 C=0.40 vehicle=5.20 contactor=closed
[10:54:55.107][I][csv:715]: 1503261,AGG,5.83,10.52,1.33,-5.00,-10.00,-1.00,5.20,0.50,0.40,-10.20,-10.50,-1.40,7.37,5.20,13.83,13.88,0.00,5.20,0.50,0.40,5.20,1,1
[10:54:55.108][I][csv:715]: 1503269,AGG,5.83,10.52,1.57,-5.00,-10.00,-1.00,5.20,0.50,0.40,-10.20,-10.50,-1.40,7.37,5.20,13.83,13.88,0.00,5.20,0.50,0.40,5.20,1,1
[10:54:55.118][I][csv:715]: 1503273,AGG,5.83,10.52,1.57,-5.00,-10.00,-1.00,5.20,0.50,0.40,-10.20,-10.50,-1.40,7.37,5.20,13.83,13.88,0.00,5.20,0.50,0.40,5.20,1,1
[10:54:55.118][S][sensor]: 'TWC Poll Interval' >> 193 ms
[10:54:55.118][S][sensor]: 'TWC Vitals Current L2' >> 0.50 A
[10:54:55.151][I][csv:715]: 1503311,AGG,5.85,10.52,1.57,-5.00,-10.00,-1.00,5.20,0.50,0.40,-10.20,-10.50,-1.40,7.37,5.20,13.83,13.88,0.00,5.20,0.50,0.40,5.20,1,1
[10:54:55.497][I][csv:715]: 1503657,AGG,5.85,10.52,1.57,-5.00,-10.00,-1.00,5.20,0.50,0.40,-10.20,-10.50,-1.40,7.37,5.20,13.83,13.78,0.00,5.20,0.50,0.40,5.20,1,1
[10:54:55.502][I][csv:715]: 1503661,AGG,5.85,8.18,1.57,-5.00,-8.00,-1.00,5.20,0.50,0.40,-10.20,-8.50,-1.40,7.36,5.20,13.84,13.79,0.00,5.20,0.50,0.40,5.20,1,1
[10:54:55.693][S][sensor]: 'TWC Control WiFi Signal' >> -24 dBm
[10:54:55.806][I][csv:715]: 1503966,AGG,5.85,8.18,1.57,-5.00,-8.00,-1.00,5.20,0.50,0.40,-10.20,-8.50,-1.40,7.06,5.20,14.14,14.09,0.00,5.20,0.50,0.40,5.20,1,1
[10:54:55.902][S][sensor]: 'Shelly Active Power L1' >> -1293 W
[10:54:55.920][I][csv:715]: 1504078,AGG,5.85,8.18,1.57,-5.00,-8.00,-1.00,5.20,0.50,0.40,-10.20,-8.50,-1.40,6.95,5.20,14.25,14.30,0.00,5.20,0.50,0.40,5.20,1,1
[10:54:56.111][I][csv:715]: 1504270,AGG,5.85,8.18,1.59,-5.00,-8.00,-1.00,5.20,0.50,0.40,-10.20,-8.50,-1.40,6.75,5.20,14.45,14.50,0.00,5.20,0.50,0.40,5.20,1,1
[10:54:56.124][I][csv:715]: 1504277,AGG,5.85,8.18,1.59,-5.00,-8.00,-1.00,5.20,0.50,0.40,-10.20,-8.50,-1.40,6.75,5.20,14.45,14.50,0.00,5.20,0.50,0.40,5.20,1,1
[10:54:56.162][I][csv:715]: 1504322,AGG,4.77,8.18,1.59,-4.00,-8.00,-1.00,5.20,0.50,0.40,-9.20,-8.50,-1.40,6.70,5.20,14.50,14.55,0.00,5.20,0.50,0.40,5.20,1,1
[10:54:56.166][S][sensor]: 'TWC Vitals Current L1' >> 5.20 A
[10:54:56.166][S][sensor]: 'TWC Vitals Current L3' >> 0.40 A
[10:54:56.313][S][sensor]: 'Shelly Time Since Last OK' >> 37 ms
[10:54:56.313][S][sensor]: 'Shelly Active Power L3' >> -356 W
[10:54:56.480][S][sensor]: 'Shelly Real Current L1' >> 4.77 A
[10:54:56.480][S][sensor]: 'Shelly Active Power L2' >> -1566 W
[10:54:56.486][I][csv:715]: 1504646,AGG,4.77,8.18,1.59,-4.00,-8.00,-1.00,5.20,0.50,0.40,-9.20,-8.50,-1.40,6.38,5.20,14.82,14.77,0.00,5.20,0.50,0.40,5.20,1,1
[10:54:56.498][I][csv:715]: 1504651,AGG,4.77,8.18,1.59,-4.00,-8.00,-1.00,5.20,0.50,0.40,-9.20,-8.50,-1.40,6.37,5.20,14.83,14.78,0.00,5.20,0.50,0.40,5.20,1,1
[10:54:56.610][S][sensor]: 'Shelly Real Current L3' >> 1.59 A
[10:54:56.610][S][sensor]: 'TWC Vitals Vehicle Current' >> 5.20 A
[10:54:56.610][S][sensor]: 'Shelly Real Current L2' >> 8.18 A
[10:54:56.610][S][sensor]: 'TWC Control Uptime' >> 1505 s
[10:54:56.736][S][sensor]: 'TWC Time Since Last Poll' >> 14 ms
[10:54:56.806][I][csv_header:709]: ts_ms,mode,real_a,real_b,real_c,signed_a,signed_b,signed_c,corr_a,corr_b,corr_c,household_a,household_b,household_c,desired_avail,worst,o_raw,pub,fve_offset_kw,vitals_a,vitals_b,vitals_c,vitals_vehicle,contactor_closed,car_charging
[10:54:56.816][I][csv:715]: 1504966,AGG,4.77,8.18,1.59,-4.00,-8.00,-1.00,5.20,0.50,0.40,-9.20,-8.50,-1.40,6.37,5.20,14.83,14.78,0.00,5.20,0.50,0.40,5.20,1,1
[10:54:57.123][I][vitals:883]: TWC vitals: A=7.10 B=7.10 C=0.40 vehicle=7.20 contactor=closed
[10:54:57.128][I][csv:715]: 1505288,AGG,4.77,8.18,1.59,-4.00,-8.00,-1.00,7.10,7.10,0.40,-11.10,-15.10,-1.40,6.69,7.10,16.41,16.36,0.00,7.10,7.10,0.40,7.20,1,1
[10:54:57.135][I][csv:715]: 1505294,AGG,4.77,8.18,1.57,-4.00,-8.00,-1.00,7.10,7.10,0.40,-11.10,-15.10,-1.40,6.69,7.10,16.41,16.35,0.00,7.10,7.10,0.40,7.20,1,1
[10:54:57.141][S][sensor]: 'TWC Poll Interval' >> 193 ms
[10:54:57.141][S][sensor]: 'TWC Vitals Current L2' >> 0.50 A
[10:54:57.173][I][csv:715]: 1505332,AGG,4.77,8.18,1.57,-4.00,-8.00,-1.00,7.10,7.10,0.40,-11.10,-15.10,-1.40,6.73,7.10,16.37,16.33,0.00,7.10,7.10,0.40,7.20,1,1
[10:54:57.186][I][csv:715]: 1505345,AGG,3.78,8.18,1.57,-3.00,-8.00,-1.00,7.10,7.10,0.40,-10.10,-15.10,-1.40,6.75,7.10,16.35,16.32,0.00,7.10,7.10,0.40,7.20,1,1
[10:54:57.545][I][csv:715]: 1505705,AGG,3.78,8.18,1.57,-3.00,-8.00,-1.00,7.10,7.10,0.40,-10.10,-15.10,-1.40,7.11,7.10,15.99,15.94,0.00,7.10,7.10,0.40,7.20,1,1
[10:54:57.549][I][csv:715]: 1505709,AGG,3.78,8.18,1.57,-3.00,-8.00,-1.00,7.10,7.10,0.40,-10.10,-15.10,-1.40,7.11,7.10,15.99,15.94,0.00,7.10,7.10,0.40,7.20,1,1
[10:54:57.608][S][sensor]: 'TWC Reported Current L2' >> 16.3 A
[10:54:57.809][I][csv:715]: 1505966,AGG,3.78,8.18,1.57,-3.00,-8.00,-1.00,7.10,7.10,0.40,-10.10,-15.10,-1.40,7.37,7.10,15.73,15.68,0.00,7.10,7.10,0.40,7.20,1,1
[10:54:57.898][S][sensor]: 'Shelly Active Power L1' >> -812 W
[10:54:57.931][I][csv:715]: 1506091,AGG,3.78,8.18,1.57,-3.00,-8.00,-1.00,7.10,7.10,0.40,-10.10,-15.10,-1.40,7.49,7.10,15.61,15.66,0.00,7.10,7.10,0.40,7.20,1,1
[10:54:58.059][I][csv:715]: 1506219,AGG,3.78,8.18,1.63,-3.00,-8.00,-1.00,7.10,7.10,0.40,-10.10,-15.10,-1.40,7.62,7.10,15.48,15.53,0.00,7.10,7.10,0.40,7.20,1,1
[10:54:58.171][S][sensor]: 'TWC Vitals Current L1' >> 7.10 A
[10:54:58.172][S][sensor]: 'TWC Vitals Current L3' >> 0.40 A
[10:54:58.182][I][csv:715]: 1506341,AGG,3.78,8.18,1.63,-3.00,-8.00,-1.00,7.10,7.10,0.40,-10.10,-15.10,-1.40,7.74,7.10,15.36,15.41,0.00,7.10,7.10,0.40,7.20,1,1
[10:54:58.195][I][csv:715]: 1506351,AGG,3.09,8.18,1.63,-3.00,-8.00,-1.00,7.10,7.10,0.40,-10.10,-15.10,-1.40,7.75,7.10,15.35,15.40,0.00,7.10,7.10,0.40,7.20,1,1
[10:54:58.308][S][sensor]: 'Shelly Time Since Last OK' >> 8 ms
[10:54:58.308][S][sensor]: 'Shelly Active Power L3' >> -358 W
[10:54:58.478][S][sensor]: 'Shelly Real Current L1' >> 3.09 A
[10:54:58.478][S][sensor]: 'Shelly Active Power L2' >> -729 W
[10:54:58.485][I][csv:715]: 1506643,AGG,3.09,8.18,1.63,-3.00,-8.00,-1.00,7.10,7.10,0.40,-10.10,-15.10,-1.40,8.04,7.10,15.06,15.01,0.00,7.10,7.10,0.40,7.20,1,1
[10:54:58.496][I][csv:715]: 1506649,AGG,3.09,2.61,1.63,-3.00,-2.00,-1.00,7.10,7.10,0.40,-10.10,-9.10,-1.40,8.04,7.10,15.06,15.01,0.00,7.10,7.10,0.40,7.20,1,1
[10:54:58.606][S][sensor]: 'Shelly Real Current L3' >> 1.63 A
[10:54:58.606][S][sensor]: 'TWC Vitals Vehicle Current' >> 7.20 A
[10:54:58.606][S][sensor]: 'Shelly Real Current L2' >> 2.61 A
[10:54:58.752][S][sensor]: 'TWC Time Since Last Poll' >> 80 ms
[10:54:58.806][I][csv:715]: 1506966,AGG,3.09,2.61,1.63,-3.00,-2.00,-1.00,7.10,7.10,0.40,-10.10,-9.10,-1.40,7.72,7.10,15.38,15.33,0.00,7.10,7.10,0.40,7.20,1,1
[10:54:59.095][I][vitals:883]: TWC vitals: A=8.80 B=8.90 C=0.50 vehicle=8.90 contactor=closed
[10:54:59.105][I][csv:715]: 1507265,AGG,3.09,2.61,1.63,-3.00,-2.00,-1.00,8.80,8.90,0.50,-11.80,-10.90,-1.50,8.02,8.90,16.88,16.71,0.00,8.80,8.90,0.50,8.90,1,1
[10:54:59.108][I][csv:715]: 1507269,AGG,3.09,2.61,1.61,-3.00,-2.00,-1.00,8.80,8.90,0.50,-11.80,-10.90,-1.50,8.02,8.90,16.88,16.71,0.00,8.80,8.90,0.50,8.90,1,1
[10:54:59.114][S][sensor]: 'TWC Reported Current L3' >> 15.0 A
[10:54:59.114][S][sensor]: 'TWC Poll Interval' >> 194 ms
[10:54:59.114][S][sensor]: 'TWC Vitals Current L2' >> 7.10 A
[10:54:59.186][I][csv:715]: 1507346,AGG,3.09,2.61,1.61,-3.00,-2.00,-1.00,8.80,8.90,0.50,-11.80,-10.90,-1.50,8.07,8.90,16.83,16.67,0.00,8.80,8.90,0.50,8.90,1,1
[10:54:59.203][I][csv:715]: 1507361,AGG,2.32,2.61,1.61,-2.00,-2.00,-1.00,8.80,8.90,0.50,-10.80,-10.90,-1.50,8.05,8.90,16.85,16.69,0.00,8.80,8.90,0.50,8.90,1,1
[10:54:59.490][I][csv:715]: 1507650,AGG,2.32,2.61,1.61,-2.00,-2.00,-1.00,8.80,8.90,0.50,-10.80,-10.90,-1.50,7.76,8.90,17.14,16.80,0.00,8.80,8.90,0.50,8.90,1,1
[10:54:59.496][I][csv:715]: 1507655,AGG,2.32,1.84,1.61,-2.00,-1.00,-1.00,8.80,8.90,0.50,-10.80,-9.90,-1.50,7.76,8.90,17.14,16.81,0.00,8.80,8.90,0.50,8.90,1,1
[10:54:59.547][S][sensor]: 'TWC Reported Current L1' >> 16.7 A
[10:54:59.806][I][csv:715]: 1507966,AGG,2.32,1.84,1.61,-2.00,-1.00,-1.00,8.80,8.90,0.50,-10.80,-9.90,-1.50,7.45,8.90,17.45,17.04,0.00,8.80,8.90,0.50,8.90,1,1
[10:54:59.887][S][sensor]: 'Shelly Active Power L1' >> -481 W
[10:54:59.943][I][csv:715]: 1508100,AGG,2.32,1.84,1.61,-2.00,-1.00,-1.00,8.80,8.90,0.50,-10.80,-9.90,-1.50,7.40,8.90,17.50,17.17,0.00,8.80,8.90,0.50,8.90,1,1
[10:55:00.018][I][csv:715]: 1508179,AGG,2.32,1.84,1.66,-2.00,-1.00,-1.00,8.80,8.90,0.50,-10.80,-9.90,-1.50,7.40,8.90,17.50,17.17,0.00,8.80,8.90,0.50,8.90,1,1
[10:55:00.172][S][sensor]: 'TWC Vitals Current L1' >> 8.80 A
[10:55:00.172][S][sensor]: 'TWC Vitals Current L3' >> 0.50 A
[10:55:00.302][S][sensor]: 'Shelly Time Since Last OK' >> 180 ms
[10:55:00.303][S][sensor]: 'Shelly Active Power L3' >> -370 W
[10:55:00.349][I][csv:715]: 1508509,AGG,2.32,1.84,1.66,-2.00,-1.00,-1.00,8.80,8.90,0.50,-10.80,-9.90,-1.50,7.40,8.90,17.50,17.08,0.00,8.80,8.90,0.50,8.90,1,1
[10:55:00.372][I][csv:715]: 1508531,AGG,2.15,1.84,1.66,-2.00,-1.00,-1.00,8.80,8.90,0.50,-10.80,-9.90,-1.50,7.40,8.90,17.50,17.08,0.00,8.80,8.90,0.50,8.90,1,1
[10:55:00.472][S][sensor]: 'Shelly Real Current L1' >> 2.32 A
[10:55:00.472][S][sensor]: 'Shelly Active Power L2' >> -378 W
[10:55:00.513][I][csv:715]: 1508671,AGG,2.15,1.84,1.66,-2.00,-1.00,-1.00,8.80,8.90,0.50,-10.80,-9.90,-1.50,7.40,8.90,17.50,17.08,0.00,8.80,8.90,0.50,8.90,1,1
[10:55:00.522][I][csv:715]: 1508675,AGG,2.15,1.62,1.66,-2.00,-1.00,-1.00,8.80,8.90,0.50,-10.80,-9.90,-1.50,7.40,8.90,17.50,17.08,0.00,8.80,8.90,0.50,8.90,1,1
[10:55:00.609][S][sensor]: 'Shelly Real Current L3' >> 1.66 A
[10:55:00.610][S][sensor]: 'TWC Vitals Vehicle Current' >> 8.90 A
[10:55:00.610][S][sensor]: 'Shelly Real Current L2' >> 1.62 A
[10:55:00.762][S][sensor]: 'TWC Time Since Last Poll' >> 169 ms
[10:55:00.807][I][csv:715]: 1508966,AGG,2.15,1.62,1.66,-2.00,-1.00,-1.00,8.80,8.90,0.50,-10.80,-9.90,-1.50,7.40,8.90,17.50,17.08,0.00,8.80,8.90,0.50,8.90,1,1
[10:55:01.128][I][vitals:883]: TWC vitals: A=8.00 B=8.10 C=1.60 vehicle=8.00 contactor=closed
[10:55:01.138][I][csv:715]: 1509297,AGG,2.15,1.62,1.66,-2.00,-1.00,-1.00,8.00,8.10,1.60,-10.00,-9.10,-2.60,7.23,8.10,16.87,16.70,0.00,8.00,8.10,1.60,8.00,1,1
[10:55:01.142][I][csv:715]: 1509303,AGG,2.15,1.62,1.80,-2.00,-1.00,-1.00,8.00,8.10,1.60,-10.00,-9.10,-2.60,7.23,8.10,16.87,16.70,0.00,8.00,8.10,1.60,8.00,1,1
[10:55:01.149][S][sensor]: 'TWC Poll Interval' >> 216 ms
[10:55:01.150][S][sensor]: 'TWC Vitals Current L2' >> 8.90 A
[10:55:01.437][I][csv:715]: 1509596,AGG,2.15,1.62,1.80,-2.00,-1.00,-1.00,8.00,8.10,1.60,-10.00,-9.10,-2.60,7.23,8.10,16.87,16.60,0.00,8.00,8.10,1.60,8.00,1,1
[10:55:01.443][I][csv:715]: 1509600,AGG,3.25,1.62,1.80,-3.00,-1.00,-1.00,8.00,8.10,1.60,-11.00,-9.10,-2.60,7.24,8.10,16.86,16.60,0.00,8.00,8.10,1.60,8.00,1,1
[10:55:01.475][I][csv:715]: 1509635,AGG,3.25,1.62,1.80,-3.00,-1.00,-1.00,8.00,8.10,1.60,-11.00,-9.10,-2.60,7.27,8.10,16.83,16.57,0.00,8.00,8.10,1.60,8.00,1,1
[10:55:01.500][I][csv:715]: 1509660,AGG,3.25,2.76,1.80,-3.00,-2.00,-1.00,8.00,8.10,1.60,-11.00,-10.10,-2.60,7.30,8.10,16.80,16.55,0.00,8.00,8.10,1.60,8.00,1,1
[10:55:01.809][I][csv:715]: 1509966,AGG,3.25,2.76,1.80,-3.00,-2.00,-1.00,8.00,8.10,1.60,-11.00,-10.10,-2.60,7.60,8.10,16.50,16.32,0.00,8.00,8.10,1.60,8.00,1,1
[10:55:01.896][S][sensor]: 'Shelly Active Power L1' >> -695 W
[10:55:01.951][I][csv:715]: 1510110,AGG,3.25,2.76,1.80,-3.00,-2.00,-1.00,8.00,8.10,1.60,-11.00,-10.10,-2.60,7.75,8.10,16.35,16.31,0.00,8.00,8.10,1.60,8.00,1,1
[10:55:02.094][I][csv:715]: 1510254,AGG,3.25,2.76,2.20,-3.00,-2.00,-2.00,8.00,8.10,1.60,-11.00,-10.10,-3.60,7.89,8.10,16.21,16.21,0.00,8.00,8.10,1.60,8.00,1,1
[10:55:02.173][S][sensor]: 'TWC Vitals Current L1' >> 8.00 A
[10:55:02.173][S][sensor]: 'TWC Vitals Current L3' >> 1.60 A
[10:55:02.316][S][sensor]: 'Shelly Time Since Last OK' >> 105 ms
[10:55:02.316][S][sensor]: 'Shelly Active Power L3' >> -301 W
[10:55:02.361][I][csv:715]: 1510519,AGG,3.25,2.76,2.20,-3.00,-2.00,-2.00,8.00,8.10,1.60,-11.00,-10.10,-3.60,8.16,8.10,15.94,15.89,0.00,8.00,8.10,1.60,8.00,1,1
[10:55:02.392][I][csv:715]: 1510550,AGG,4.19,2.76,2.20,-4.00,-2.00,-2.00,8.00,8.10,1.60,-12.00,-10.10,-3.60,8.19,8.10,15.91,15.86,0.00,8.00,8.10,1.60,8.00,1,1
[10:55:02.483][S][sensor]: 'Shelly Real Current L1' >> 3.25 A
[10:55:02.484][S][sensor]: 'Shelly Active Power L2' >> -616 W
[10:55:02.492][I][csv:715]: 1510641,AGG,4.19,2.76,2.20,-4.00,-2.00,-2.00,8.00,8.10,1.60,-12.00,-10.10,-3.60,8.28,8.10,15.82,15.77,0.00,8.00,8.10,1.60,8.00,1,1
[10:55:02.508][I][csv:715]: 1510668,AGG,4.19,3.75,2.20,-4.00,-3.00,-2.00,8.00,8.10,1.60,-12.00,-11.10,-3.60,8.31,8.10,15.79,15.74,0.00,8.00,8.10,1.60,8.00,1,1
[10:55:02.605][S][sensor]: 'TWC Reported Current L2' >> 15.8 A
[10:55:02.605][S][sensor]: 'Shelly Real Current L3' >> 2.20 A
[10:55:02.606][S][sensor]: 'TWC Vitals Vehicle Current' >> 8.00 A
[10:55:02.606][S][sensor]: 'Shelly Real Current L2' >> 3.75 A
[10:55:02.749][S][sensor]: 'TWC Time Since Last Poll' >> 131 ms
[10:55:02.806][I][csv:715]: 1510966,AGG,4.19,3.75,2.20,-4.00,-3.00,-2.00,8.00,8.10,1.60,-12.00,-11.10,-3.60,8.60,8.10,15.50,15.45,0.00,8.00,8.10,1.60,8.00,1,1
[10:55:03.101][I][vitals:883]: TWC vitals: A=7.00 B=7.10 C=7.00 vehicle=7.10 contactor=closed
[10:55:03.111][I][csv:715]: 1511271,AGG,4.19,3.75,2.20,-4.00,-3.00,-2.00,7.00,7.10,7.00,-11.00,-10.10,-9.00,8.91,7.10,14.19,14.24,0.00,7.00,7.10,7.00,7.10,1,1
[10:55:03.115][I][csv:715]: 1511274,AGG,4.19,3.75,1.37,-4.00,-3.00,-1.00,7.00,7.10,7.00,-11.00,-10.10,-8.00,8.91,7.10,14.19,14.24,0.00,7.00,7.10,7.00,7.10,1,1
[10:55:03.122][S][sensor]: 'TWC Poll Interval' >> 194 ms
[10:55:03.122][S][sensor]: 'TWC Vitals Current L2' >> 8.10 A
[10:55:03.488][I][csv:715]: 1511644,AGG,4.19,3.75,1.37,-4.00,-3.00,1.37,7.00,7.10,7.00,-11.00,-10.10,-5.64,8.91,7.10,14.19,14.14,0.00,7.00,7.10,7.00,7.10,1,1
[10:55:03.493][I][csv:715]: 1511648,AGG,4.30,3.75,1.37,-4.00,-3.00,1.37,7.00,7.10,7.00,-11.00,-10.10,-5.64,8.91,7.10,14.19,14.14,0.00,7.00,7.10,7.00,7.10,1,1
[10:55:03.498][I][csv:715]: 1511654,AGG,4.30,3.75,1.37,-4.00,-3.00,1.37,7.00,7.10,7.00,-11.00,-10.10,-5.64,8.91,7.10,14.19,14.14,0.00,7.00,7.10,7.00,7.10,1,1
[10:55:03.510][I][csv:715]: 1511671,AGG,4.30,3.72,1.37,-4.00,-3.00,1.37,7.00,7.10,7.00,-11.00,-10.10,-5.64,8.91,7.10,14.19,14.14,0.00,7.00,7.10,7.00,7.10,1,1
[10:55:03.807][I][csv:715]: 1511966,AGG,4.30,3.72,1.37,-4.00,-3.00,1.37,7.00,7.10,7.00,-11.00,-10.10,-5.64,8.91,7.10,14.19,14.14,0.00,7.00,7.10,7.00,7.10,1,1
[10:55:03.880][S][sensor]: 'TWC Reported Current L3' >> 14.1 A
[10:55:03.881][S][sensor]: 'Shelly Active Power L1' >> -948 W
[10:55:04.003][I][csv:715]: 1512162,AGG,4.30,3.72,1.37,-4.00,-3.00,1.37,7.00,7.10,7.00,-11.00,-10.10,-5.64,8.91,7.10,14.19,14.24,0.00,7.00,7.10,7.00,7.10,1,1
[10:55:04.047][I][csv:715]: 1512205,AGG,4.30,3.72,5.40,-4.00,-3.00,5.40,7.00,7.10,7.00,-11.00,-10.10,-1.60,8.87,7.10,14.23,14.28,0.00,7.00,7.10,7.00,7.10,1,1
[10:55:04.160][S][sensor]: 'TWC Vitals Current L1' >> 7.00 A
[10:55:04.160][S][sensor]: 'TWC Vitals Current L3' >> 7.00 A
[10:55:04.310][S][sensor]: 'Shelly Time Since Last OK' >> 154 ms
[10:55:04.310][S][sensor]: 'Shelly Active Power L3' >> 1226 W
[10:55:04.499][S][sensor]: 'Shelly Real Current L1' >> 4.30 A
[10:55:04.499][S][sensor]: 'Shelly Active Power L2' >> -858 W
[10:55:04.500][S][sensor]: 'TWC Reported Current L1' >> 14.3 A
[10:55:04.510][I][csv:715]: 1512641,AGG,4.30,3.72,5.40,-4.00,-3.00,5.40,7.00,7.10,7.00,-11.00,-10.10,-1.60,8.43,7.10,14.67,14.62,0.00,7.00,7.10,7.00,7.10,1,1
[10:55:04.510][I][csv:715]: 1512644,AGG,4.09,3.72,5.40,-4.00,-3.00,5.40,7.00,7.10,7.00,-11.00,-10.10,-1.60,8.43,7.10,14.67,14.62,0.00,7.00,7.10,7.00,7.10,1,1
[10:55:04.510][I][csv:715]: 1512661,AGG,4.09,3.72,5.40,-4.00,-3.00,5.40,7.00,7.10,7.00,-11.00,-10.10,-1.60,8.41,7.10,14.69,14.64,0.00,7.00,7.10,7.00,7.10,1,1
[10:55:04.518][I][csv:715]: 1512679,AGG,4.09,3.56,5.40,-4.00,-3.00,5.40,7.00,7.10,7.00,-11.00,-10.10,-1.60,8.39,7.10,14.71,14.66,0.00,7.00,7.10,7.00,7.10,1,1
[10:55:04.602][S][sensor]: 'Shelly Real Current L3' >> 5.40 A
[10:55:04.603][S][sensor]: 'TWC Vitals Vehicle Current' >> 7.10 A
[10:55:04.603][S][sensor]: 'Shelly Real Current L2' >> 3.56 A
[10:55:04.748][S][sensor]: 'TWC Time Since Last Poll' >> 2 ms
[10:55:04.812][I][csv:715]: 1512966,AGG,4.09,3.56,5.40,-4.00,-3.00,5.40,7.00,7.10,7.00,-11.00,-10.10,-1.60,8.11,7.10,14.99,14.94,0.00,7.00,7.10,7.00,7.10,1,1
[10:55:05.096][I][vitals:883]: TWC vitals: A=7.70 B=7.70 C=7.70 vehicle=7.80 contactor=closed
[10:55:05.106][I][csv:715]: 1513265,AGG,4.09,3.56,5.40,-4.00,-3.00,5.40,7.70,7.70,7.70,-11.70,-10.70,-2.30,8.23,7.70,15.47,15.52,0.00,7.70,7.70,7.70,7.80,1,1
[10:55:05.120][I][csv:715]: 1513269,AGG,4.09,3.56,5.77,-4.00,-3.00,5.77,7.70,7.70,7.70,-11.70,-10.70,-1.93,8.23,7.70,15.47,15.52,0.00,7.70,7.70,7.70,7.80,1,1
[10:55:05.121][S][sensor]: 'TWC Poll Interval' >> 194 ms
[10:55:05.121][S][sensor]: 'TWC Vitals Current L2' >> 7.10 A
[10:55:05.534][I][csv:715]: 1513693,AGG,4.09,3.56,5.77,-4.00,-3.00,5.77,7.70,7.70,7.70,-11.70,-10.70,-1.93,8.11,7.70,15.59,15.54,0.00,7.70,7.70,7.70,7.80,1,1
[10:55:05.539][I][csv:715]: 1513697,AGG,3.16,3.56,5.77,-3.00,-3.00,5.77,7.70,7.70,7.70,-10.70,-10.70,-1.93,8.11,7.70,15.59,15.54,0.00,7.70,7.70,7.70,7.80,1,1
[10:55:05.547][I][csv:715]: 1513700,AGG,3.16,3.56,5.77,-3.00,-3.00,5.77,7.70,7.70,7.70,-10.70,-10.70,-1.93,8.10,7.70,15.60,15.55,0.00,7.70,7.70,7.70,7.80,1,1
[10:55:05.547][I][csv:715]: 1513705,AGG,3.16,2.60,5.77,-3.00,-2.00,5.77,7.70,7.70,7.70,-10.70,-9.70,-1.93,8.10,7.70,15.60,15.55,0.00,7.70,7.70,7.70,7.80,1,1
[10:55:05.807][I][csv:715]: 1513966,AGG,3.16,2.60,5.77,-3.00,-2.00,5.77,7.70,7.70,7.70,-10.70,-9.70,-1.93,7.84,7.70,15.86,15.81,0.00,7.70,7.70,7.70,7.80,1,1
[10:55:05.892][S][sensor]: 'Shelly Active Power L1' >> -674 W
[10:55:06.043][I][csv:715]: 1514203,AGG,3.16,2.60,5.77,-3.00,-2.00,5.77,7.70,7.70,7.70,-10.70,-9.70,-1.93,7.60,7.70,16.10,16.15,0.00,7.70,7.70,7.70,7.80,1,1
[10:55:06.059][I][csv:715]: 1514218,AGG,3.16,2.60,6.72,-3.00,-2.00,6.72,7.70,7.70,7.70,-10.70,-9.70,-0.98,7.58,7.70,16.12,16.15,0.00,7.70,7.70,7.70,7.80,1,1
[10:55:06.168][S][sensor]: 'TWC Vitals Current L1' >> 7.70 A
[10:55:06.169][S][sensor]: 'TWC Vitals Current L3' >> 7.70 A
[10:55:06.308][S][sensor]: 'Shelly Time Since Last OK' >> 141 ms
[10:55:06.308][S][sensor]: 'Shelly Active Power L3' >> 1577 W
[10:55:06.478][S][sensor]: 'Shelly Real Current L1' >> 3.16 A
[10:55:06.479][S][sensor]: 'Shelly Active Power L2' >> -566 W
[10:55:06.485][I][csv:715]: 1514644,AGG,3.16,2.60,6.72,-3.00,-2.00,6.72,7.70,7.70,7.70,-10.70,-9.70,-0.98,7.16,7.70,16.54,16.36,0.00,7.70,7.70,7.70,7.80,1,1
[10:55:06.489][I][csv:715]: 1514649,AGG,2.27,2.60,6.72,-2.00,-2.00,6.72,7.70,7.70,7.70,-9.70,-9.70,-0.98,7.15,7.70,16.55,16.36,0.00,7.70,7.70,7.70,7.80,1,1
[10:55:06.509][I][csv:715]: 1514670,AGG,2.27,2.60,6.72,-2.00,-2.00,6.72,7.70,7.70,7.70,-9.70,-9.70,-0.98,7.13,7.70,16.57,16.38,0.00,7.70,7.70,7.70,7.80,1,1
[10:55:06.529][I][csv:715]: 1514690,AGG,2.27,1.80,6.72,-2.00,-1.00,6.72,7.70,7.70,7.70,-9.70,-8.70,-0.98,7.11,7.70,16.59,16.39,0.00,7.70,7.70,7.70,7.80,1,1
[10:55:06.613][S][sensor]: 'Shelly Real Current L3' >> 6.72 A
[10:55:06.613][S][sensor]: 'TWC Vitals Vehicle Current' >> 7.80 A
[10:55:06.613][S][sensor]: 'Shelly Real Current L2' >> 1.80 A
[10:55:06.742][S][sensor]: 'TWC Time Since Last Poll' >> 57 ms
[10:55:06.806][I][csv:715]: 1514966,AGG,2.27,1.80,6.72,-2.00,-1.00,6.72,7.70,7.70,7.70,-9.70,-8.70,-0.98,6.84,7.70,16.86,16.60,0.00,7.70,7.70,7.70,7.80,1,1
[10:55:07.095][I][vitals:883]: TWC vitals: A=9.00 B=9.10 C=9.10 vehicle=9.10 contactor=closed
[10:55:07.106][I][csv:715]: 1515266,AGG,2.27,1.80,6.72,-2.00,-1.00,6.72,9.00,9.10,9.10,-11.00,-10.10,-2.38,7.14,9.10,17.96,17.25,0.00,9.00,9.10,9.10,9.10,1,1
[10:55:07.110][I][csv:715]: 1515269,AGG,2.27,1.80,7.66,-2.00,-1.00,7.66,9.00,9.10,9.10,-11.00,-10.10,-1.44,7.14,9.10,17.96,17.25,0.00,9.00,9.10,9.10,9.10,1,1
[10:55:07.115][S][sensor]: 'TWC Poll Interval' >> 194 ms
[10:55:07.115][S][sensor]: 'TWC Vitals Current L2' >> 7.70 A
[10:55:07.478][I][csv:715]: 1515638,AGG,2.27,1.80,7.66,-2.00,-1.00,7.66,9.00,9.10,9.10,-11.00,-10.10,-1.44,7.51,9.10,17.59,17.14,0.00,9.00,9.10,9.10,9.10,1,1
[10:55:07.484][I][csv:715]: 1515642,AGG,2.24,1.80,7.66,-2.00,-1.00,7.66,9.00,9.10,9.10,-11.00,-10.10,-1.44,7.51,9.10,17.59,17.14,0.00,9.00,9.10,9.10,9.10,1,1
[10:55:07.513][I][csv:715]: 1515674,AGG,2.24,1.80,7.66,-2.00,-1.00,7.66,9.00,9.10,9.10,-11.00,-10.10,-1.44,7.51,9.10,17.59,17.14,0.00,9.00,9.10,9.10,9.10,1,1
[10:55:07.535][I][csv:715]: 1515694,AGG,2.24,1.71,7.66,-2.00,-1.00,7.66,9.00,9.10,9.10,-11.00,-10.10,-1.44,7.51,9.10,17.59,17.14,0.00,9.00,9.10,9.10,9.10,1,1
[10:55:07.604][S][sensor]: 'TWC Reported Current L2' >> 17.1 A
[10:55:07.806][I][csv:715]: 1515966,AGG,2.24,1.71,7.66,-2.00,-1.00,7.66,9.00,9.10,9.10,-11.00,-10.10,-1.44,7.51,9.10,17.59,17.14,0.00,9.00,9.10,9.10,9.10,1,1
[10:55:07.902][S][sensor]: 'Shelly Active Power L1' >> -458 W
[10:55:08.098][I][csv:715]: 1516252,AGG,2.24,1.71,7.66,-2.00,-1.00,7.66,9.00,9.10,9.10,-11.00,-10.10,-1.44,7.51,9.10,17.59,17.24,0.00,9.00,9.10,9.10,9.10,1,1
[10:55:08.102][I][csv:715]: 1516256,AGG,2.24,1.71,7.72,-2.00,-1.00,7.72,9.00,9.10,9.10,-11.00,-10.10,-1.38,7.51,9.10,17.59,17.24,0.00,9.00,9.10,9.10,9.10,1,1
[10:55:08.161][S][sensor]: 'TWC Vitals Current L1' >> 9.00 A
[10:55:08.161][S][sensor]: 'TWC Vitals Current L3' >> 9.10 A
[10:55:08.308][S][sensor]: 'Shelly Time Since Last OK' >> 103 ms
[10:55:08.308][S][sensor]: 'Shelly Active Power L3' >> 1779 W
[10:55:08.472][S][sensor]: 'Shelly Real Current L1' >> 2.24 A
[10:55:08.472][S][sensor]: 'Shelly Active Power L2' >> -342 W
[10:55:08.482][I][csv:715]: 1516639,AGG,2.24,1.71,7.72,-2.00,-1.00,7.72,9.00,9.10,9.10,-11.00,-10.10,-1.38,7.49,9.10,17.61,17.15,0.00,9.00,9.10,9.10,9.10,1,1
[10:55:08.489][I][csv:715]: 1516643,AGG,3.02,1.71,7.72,-3.00,-1.00,7.72,9.00,9.10,9.10,-12.00,-10.10,-1.38,7.50,9.10,17.60,17.15,0.00,9.00,9.10,9.10,9.10,1,1
[10:55:08.521][I][csv:715]: 1516681,AGG,3.02,1.71,7.72,-3.00,-1.00,7.72,9.00,9.10,9.10,-12.00,-10.10,-1.38,7.54,9.10,17.56,17.12,0.00,9.00,9.10,9.10,9.10,1,1
[10:55:08.545][I][csv:715]: 1516699,AGG,3.02,2.45,7.72,-3.00,-2.00,7.72,9.00,9.10,9.10,-12.00,-11.10,-1.38,7.55,9.10,17.55,17.11,0.00,9.00,9.10,9.10,9.10,1,1
[10:55:08.609][S][sensor]: 'Shelly Real Current L3' >> 7.72 A
[10:55:08.610][S][sensor]: 'TWC Vitals Vehicle Current' >> 9.10 A
[10:55:08.610][S][sensor]: 'Shelly Real Current L2' >> 2.45 A
[10:55:08.747][S][sensor]: 'TWC Time Since Last Poll' >> 111 ms
[10:55:08.808][I][csv:715]: 1516966,AGG,3.02,2.45,7.72,-3.00,-2.00,7.72,9.00,9.10,9.10,-12.00,-11.10,-1.38,7.82,9.10,17.28,16.91,0.00,9.00,9.10,9.10,9.10,1,1
[10:55:09.100][I][vitals:883]: TWC vitals: A=7.30 B=7.30 C=7.30 vehicle=7.10 contactor=closed
[10:55:09.110][I][csv:715]: 1517269,AGG,3.02,2.45,7.72,-3.00,-2.00,7.72,7.30,7.30,7.72,-10.30,-9.30,0.42,7.52,7.72,16.20,16.20,0.00,7.30,7.30,7.30,7.10,1,1
[10:55:09.119][I][csv:715]: 1517273,AGG,3.02,2.45,6.87,-3.00,-2.00,6.87,7.30,7.30,7.30,-10.30,-9.30,-0.43,7.51,7.30,15.79,15.84,0.00,7.30,7.30,7.30,7.10,1,1
[10:55:09.119][S][sensor]: 'TWC Reported Current L3' >> 17.1 A
[10:55:09.119][S][sensor]: 'TWC Poll Interval' >> 189 ms
[10:55:09.119][S][sensor]: 'TWC Vitals Current L2' >> 9.10 A
[10:55:09.526][I][csv:715]: 1517686,AGG,3.02,2.45,6.87,-3.00,-2.00,6.87,7.30,7.30,7.30,-10.30,-9.30,-0.43,7.10,7.30,16.20,16.10,0.00,7.30,7.30,7.30,7.10,1,1
[10:55:09.530][I][csv:715]: 1517690,AGG,4.06,2.45,6.87,-4.00,-2.00,6.87,7.30,7.30,7.30,-11.30,-9.30,-0.43,7.10,7.30,16.20,16.10,0.00,7.30,7.30,7.30,7.10,1,1
[10:55:09.543][I][csv:715]: 1517695,AGG,4.06,2.45,6.87,-4.00,-2.00,6.87,7.30,7.30,7.30,-11.30,-9.30,-0.43,7.09,7.30,16.21,16.11,0.00,7.30,7.30,7.30,7.10,1,1
[10:55:09.559][S][sensor]: 'TWC Reported Current L1' >> 15.8 A
[10:55:09.570][I][csv:715]: 1517730,AGG,4.06,3.52,6.87,-4.00,-3.00,6.87,7.30,7.30,7.30,-11.30,-10.30,-0.43,7.13,7.30,16.17,16.08,0.00,7.30,7.30,7.30,7.10,1,1
[10:55:09.806][I][csv:715]: 1517966,AGG,4.06,3.52,6.87,-4.00,-3.00,6.87,7.30,7.30,7.30,-11.30,-10.30,-0.43,7.34,7.30,15.96,15.91,0.00,7.30,7.30,7.30,7.10,1,1
[10:55:09.900][S][sensor]: 'Shelly Active Power L1' >> -910 W
[10:55:10.040][I][csv:715]: 1518201,AGG,4.06,3.52,6.87,-4.00,-3.00,6.87,7.30,7.30,7.30,-11.30,-10.30,-0.43,7.34,7.30,15.96,16.01,0.00,7.30,7.30,7.30,7.10,1,1
[10:55:10.078][I][csv:715]: 1518237,AGG,4.06,3.52,5.76,-4.00,-3.00,5.76,7.30,7.30,7.30,-11.30,-10.30,-1.54,7.38,7.30,15.92,15.97,0.00,7.30,7.30,7.30,7.10,1,1
[10:55:10.163][S][sensor]: 'TWC Vitals Current L1' >> 7.30 A
[10:55:10.163][S][sensor]: 'TWC Vitals Current L3' >> 7.30 A
[10:55:10.304][S][sensor]: 'Shelly Time Since Last OK' >> 122 ms
[10:55:10.305][S][sensor]: 'Shelly Active Power L3' >> 1333 W
[10:55:10.484][S][sensor]: 'Shelly Real Current L1' >> 4.06 A
[10:55:10.484][S][sensor]: 'Shelly Active Power L2' >> -817 W
[10:55:10.610][S][sensor]: 'Shelly Real Current L3' >> 5.76 A
[10:55:10.611][S][sensor]: 'TWC Vitals Vehicle Current' >> 7.10 A
[10:55:10.611][S][sensor]: 'Shelly Real Current L2' >> 3.52 A
[10:55:10.743][S][sensor]: 'TWC Time Since Last Poll' >> 173 ms
[10:55:10.807][I][csv:715]: 1518966,AGG,4.06,3.52,5.76,-4.00,-3.00,5.76,7.30,7.30,7.30,-11.30,-10.30,-1.54,7.71,7.30,15.59,15.54,0.00,7.30,7.30,7.30,7.10,1,1
[10:55:11.099][I][vitals:883]: TWC vitals: A=7.50 B=7.60 C=7.60 vehicle=7.80 contactor=closed
[10:55:11.109][S][sensor]: 'TWC Poll Interval' >> 198 ms
[10:55:11.109][S][sensor]: 'TWC Vitals Current L2' >> 7.30 A
[10:55:11.473][I][csv:715]: 1519632,AGG,4.06,3.52,5.76,-4.00,-3.00,5.76,7.50,7.60,7.60,-11.50,-10.60,-1.84,7.98,7.60,15.62,15.57,0.00,7.50,7.60,7.60,7.80,1,1
[10:55:11.481][I][csv:715]: 1519636,AGG,3.06,3.52,5.76,-3.00,-3.00,5.76,7.50,7.60,7.60,-10.50,-10.60,-1.84,7.97,7.60,15.63,15.58,0.00,7.50,7.60,7.60,7.80,1,1
[10:55:11.484][I][csv:715]: 1519641,AGG,3.06,3.52,5.76,-3.00,-3.00,5.76,7.50,7.60,7.60,-10.50,-10.60,-1.84,7.97,7.60,15.63,15.58,0.00,7.50,7.60,7.60,7.80,1,1
[10:55:11.484][I][csv:715]: 1519644,AGG,3.06,2.57,5.76,-3.00,-2.00,5.76,7.50,7.60,7.60,-10.50,-9.60,-1.84,7.97,7.60,15.63,15.58,0.00,7.50,7.60,7.60,7.80,1,1
[10:55:11.490][I][csv:715]: 1519649,AGG,3.06,2.57,5.76,-3.00,-2.00,5.76,7.50,7.60,7.60,-10.50,-9.60,-1.84,7.96,7.60,15.64,15.59,0.00,7.50,7.60,7.60,7.80,1,1
[10:55:11.495][I][csv:715]: 1519655,AGG,3.06,2.57,6.81,-3.00,-2.00,6.81,7.50,7.60,7.60,-10.50,-9.60,-0.79,7.96,7.60,15.64,15.59,0.00,7.50,7.60,7.60,7.80,1,1
[10:55:11.807][I][csv:715]: 1519966,AGG,3.06,2.57,6.81,-3.00,-2.00,6.81,7.50,7.60,7.60,-10.50,-9.60,-0.79,7.64,7.60,15.96,15.91,0.00,7.50,7.60,7.60,7.80,1,1
[10:55:11.901][S][sensor]: 'Shelly Active Power L1' >> -659 W
[10:55:12.165][S][sensor]: 'TWC Vitals Current L1' >> 7.50 A
[10:55:12.165][S][sensor]: 'TWC Vitals Current L3' >> 7.60 A
[10:55:12.308][S][sensor]: 'Shelly Time Since Last OK' >> 704 ms
[10:55:12.308][S][sensor]: 'Shelly Active Power L3' >> 1571 W
[10:55:12.495][S][sensor]: 'Shelly Real Current L1' >> 3.06 A
[10:55:12.495][S][sensor]: 'Shelly Active Power L2' >> -565 W
[10:55:12.501][I][csv:715]: 1520650,AGG,3.06,2.57,6.81,-3.00,-2.00,6.81,7.50,7.60,7.60,-10.50,-9.60,-0.79,6.96,7.60,16.64,16.43,0.00,7.50,7.60,7.60,7.80,1,1
[10:55:12.501][I][csv:715]: 1520654,AGG,2.87,2.57,6.81,-2.00,-2.00,6.81,7.50,7.60,7.60,-9.50,-9.60,-0.79,6.96,7.60,16.64,16.43,0.00,7.50,7.60,7.60,7.80,1,1
[10:55:12.501][I][csv:715]: 1520658,AGG,2.87,2.57,6.81,-2.00,-2.00,6.81,7.50,7.60,7.60,-9.50,-9.60,-0.79,6.96,7.60,16.64,16.43,0.00,7.50,7.60,7.60,7.80,1,1
[10:55:12.505][I][csv:715]: 1520662,AGG,2.87,2.32,6.81,-2.00,-2.00,6.81,7.50,7.60,7.60,-9.50,-9.60,-0.79,6.95,7.60,16.65,16.44,0.00,7.50,7.60,7.60,7.80,1,1
[10:55:12.513][I][csv:715]: 1520666,AGG,2.87,2.32,6.81,-2.00,-2.00,6.81,7.50,7.60,7.60,-9.50,-9.60,-0.79,6.95,7.60,16.65,16.44,0.00,7.50,7.60,7.60,7.80,1,1
[10:55:12.517][I][csv:715]: 1520672,AGG,2.87,2.32,7.02,-2.00,-2.00,7.02,7.50,7.60,7.60,-9.50,-9.60,-0.58,6.94,7.60,16.66,16.44,0.00,7.50,7.60,7.60,7.80,1,1
[10:55:12.622][S][sensor]: 'TWC Reported Current L2' >> 16.4 A
[10:55:12.622][S][sensor]: 'Shelly Real Current L3' >> 7.02 A
[10:55:12.622][S][sensor]: 'TWC Vitals Vehicle Current' >> 7.80 A
[10:55:12.623][S][sensor]: 'Shelly Real Current L2' >> 2.32 A
[10:55:12.753][S][sensor]: 'TWC Time Since Last Poll' >> 118 ms
[10:55:12.808][I][csv:715]: 1520966,AGG,2.87,2.32,7.02,-2.00,-2.00,7.02,7.50,7.60,7.60,-9.50,-9.60,-0.58,6.65,7.60,16.95,16.66,0.00,7.50,7.60,7.60,7.80,1,1
[10:55:13.099][I][vitals:883]: TWC vitals: A=8.90 B=8.90 C=8.90 vehicle=9.00 contactor=closed
[10:55:13.110][S][sensor]: 'TWC Poll Interval' >> 183 ms
[10:55:13.110][S][sensor]: 'TWC Vitals Current L2' >> 7.60 A
[10:55:13.523][I][csv:715]: 1521682,AGG,2.87,2.32,7.02,-2.00,-2.00,7.02,8.90,8.90,8.90,-10.90,-10.90,-1.88,7.36,8.90,17.54,17.10,0.00,8.90,8.90,8.90,9.00,1,1
[10:55:13.528][I][csv:715]: 1521686,AGG,2.07,2.32,7.02,-2.00,-2.00,7.02,8.90,8.90,8.90,-10.90,-10.90,-1.88,7.37,8.90,17.53,17.10,0.00,8.90,8.90,8.90,9.00,1,1
[10:55:13.532][I][csv:715]: 1521691,AGG,2.07,2.32,7.02,-2.00,-2.00,7.02,8.90,8.90,8.90,-10.90,-10.90,-1.88,7.37,8.90,17.53,17.10,0.00,8.90,8.90,8.90,9.00,1,1
[10:55:13.536][I][csv:715]: 1521696,AGG,2.07,1.55,7.02,-2.00,-1.00,7.02,8.90,8.90,8.90,-10.90,-9.90,-1.88,7.38,8.90,17.52,17.09,0.00,8.90,8.90,8.90,9.00,1,1
[10:55:13.541][I][csv:715]: 1521700,AGG,2.07,1.55,7.02,-2.00,-1.00,7.02,8.90,8.90,8.90,-10.90,-9.90,-1.88,7.38,8.90,17.52,17.09,0.00,8.90,8.90,8.90,9.00,1,1
[10:55:13.546][I][csv:715]: 1521705,AGG,2.07,1.55,7.86,-2.00,-1.00,7.86,8.90,8.90,8.90,-10.90,-9.90,-1.04,7.38,8.90,17.52,17.09,0.00,8.90,8.90,8.90,9.00,1,1
[10:55:13.807][I][csv:715]: 1521966,AGG,2.07,1.55,7.86,-2.00,-1.00,7.86,8.90,8.90,8.90,-10.90,-9.90,-1.04,7.28,8.90,17.62,17.15,0.00,8.90,8.90,8.90,9.00,1,1
[10:55:13.889][S][sensor]: 'TWC Reported Current L3' >> 17.1 A
[10:55:13.889][S][sensor]: 'Shelly Active Power L1' >> -414 W
[10:55:14.158][S][sensor]: 'TWC Vitals Current L1' >> 8.90 A
[10:55:14.158][S][sensor]: 'TWC Vitals Current L3' >> 8.90 A
[10:55:14.301][S][sensor]: 'Shelly Time Since Last OK' >> 654 ms
[10:55:14.302][S][sensor]: 'Shelly Active Power L3' >> 1822 W
[10:55:14.469][S][sensor]: 'Shelly Real Current L1' >> 2.07 A
[10:55:14.469][S][sensor]: 'Shelly Active Power L2' >> -296 W
[10:55:14.469][S][sensor]: 'TWC Reported Current L1' >> 17.2 A
[10:55:14.476][I][csv:715]: 1522634,AGG,2.07,1.55,7.86,-2.00,-1.00,7.86,8.90,8.90,8.90,-10.90,-9.90,-1.04,7.28,8.90,17.62,17.15,0.00,8.90,8.90,8.90,9.00,1,1
[10:55:14.480][I][csv:715]: 1522639,AGG,2.19,1.55,7.86,-2.00,-1.00,7.86,8.90,8.90,8.90,-10.90,-9.90,-1.04,7.28,8.90,17.62,17.15,0.00,8.90,8.90,8.90,9.00,1,1
[10:55:14.485][I][csv:715]: 1522644,AGG,2.19,1.55,7.86,-2.00,-1.00,7.86,8.90,8.90,8.90,-10.90,-9.90,-1.04,7.28,8.90,17.62,17.15,0.00,8.90,8.90,8.90,9.00,1,1
[10:55:14.492][I][csv:715]: 1522652,AGG,2.19,1.68,7.86,-2.00,-1.00,7.86,8.90,8.90,8.90,-10.90,-9.90,-1.04,7.28,8.90,17.62,17.15,0.00,8.90,8.90,8.90,9.00,1,1
[10:55:14.515][I][csv:715]: 1522674,AGG,2.19,1.68,7.86,-2.00,-1.00,7.86,8.90,8.90,8.90,-10.90,-9.90,-1.04,7.28,8.90,17.62,17.15,0.00,8.90,8.90,8.90,9.00,1,1
[10:55:14.522][I][csv:715]: 1522681,AGG,2.19,1.68,7.72,-2.00,-1.00,7.72,8.90,8.90,8.90,-10.90,-9.90,-1.18,7.29,8.90,17.61,17.15,0.00,8.90,8.90,8.90,9.00,1,1
[10:55:14.626][S][sensor]: 'Shelly Real Current L3' >> 7.86 A
[10:55:14.626][S][sensor]: 'TWC Vitals Vehicle Current' >> 9.00 A
[10:55:14.626][S][sensor]: 'Shelly Real Current L2' >> 1.68 A
[10:55:14.741][S][sensor]: 'TWC Time Since Last Poll' >> 186 ms
[10:55:14.806][I][csv:715]: 1522966,AGG,2.19,1.68,7.72,-2.00,-1.00,7.72,8.90,8.90,8.90,-10.90,-9.90,-1.18,7.33,8.90,17.57,17.13,0.00,8.90,8.90,8.90,9.00,1,1
[10:55:15.099][I][vitals:883]: TWC vitals: A=8.30 B=8.30 C=8.30 vehicle=8.10 contactor=closed
[10:55:15.108][S][sensor]: 'TWC Poll Interval' >> 203 ms
[10:55:15.108][S][sensor]: 'TWC Vitals Current L2' >> 8.90 A
[10:55:15.571][I][csv:715]: 1523730,AGG,2.19,1.68,7.72,-2.00,-1.00,7.72,8.30,8.30,8.30,-10.30,-9.30,-0.58,6.73,8.30,17.57,17.13,0.00,8.30,8.30,8.30,8.10,1,1
[10:55:15.576][I][csv:715]: 1523734,AGG,3.11,1.68,7.72,-3.00,-1.00,7.72,8.30,8.30,8.30,-11.30,-9.30,-0.58,6.73,8.30,17.57,17.13,0.00,8.30,8.30,8.30,8.10,1,1
[10:55:15.582][I][csv:715]: 1523739,AGG,3.11,1.68,7.72,-3.00,-1.00,7.72,8.30,8.30,8.30,-11.30,-9.30,-0.58,6.74,8.30,17.56,17.12,0.00,8.30,8.30,8.30,8.10,1,1
[10:55:15.584][I][csv:715]: 1523742,AGG,3.11,2.57,7.72,-3.00,-2.00,7.72,8.30,8.30,8.30,-11.30,-10.30,-0.58,6.74,8.30,17.56,17.12,0.00,8.30,8.30,8.30,8.10,1,1
[10:55:15.590][I][csv:715]: 1523749,AGG,3.11,2.57,7.72,-3.00,-2.00,7.72,8.30,8.30,8.30,-11.30,-10.30,-0.58,6.75,8.30,17.55,17.12,0.00,8.30,8.30,8.30,8.10,1,1
[10:55:15.595][I][csv:715]: 1523754,AGG,3.11,2.57,6.72,-3.00,-2.00,6.72,8.30,8.30,8.30,-11.30,-10.30,-1.58,6.75,8.30,17.55,17.11,0.00,8.30,8.30,8.30,8.10,1,1
[10:55:15.807][I][csv:715]: 1523966,AGG,3.11,2.57,6.72,-3.00,-2.00,6.72,8.30,8.30,8.30,-11.30,-10.30,-1.58,6.96,8.30,17.34,16.95,0.00,8.30,8.30,8.30,8.10,1,1
[10:55:15.899][S][sensor]: 'Shelly Active Power L1' >> -682 W
[10:55:16.156][S][sensor]: 'TWC Vitals Current L1' >> 8.30 A
[10:55:16.156][S][sensor]: 'TWC Vitals Current L3' >> 8.30 A
[10:55:16.304][S][sensor]: 'Shelly Time Since Last OK' >> 605 ms
[10:55:16.305][S][sensor]: 'Shelly Active Power L3' >> 1553 W
[10:55:16.469][S][sensor]: 'Shelly Real Current L1' >> 3.11 A
[10:55:16.469][S][sensor]: 'Shelly Active Power L2' >> -577 W
[10:55:16.479][I][csv:715]: 1524632,AGG,3.11,2.57,6.72,-3.00,-2.00,6.72,8.30,8.30,8.30,-11.30,-10.30,-1.58,7.63,8.30,16.67,16.45,0.00,8.30,8.30,8.30,8.10,1,1
[10:55:16.501][I][csv:715]: 1524659,AGG,4.09,2.57,6.72,-4.00,-2.00,6.72,8.30,8.30,8.30,-12.30,-10.30,-1.58,7.66,8.30,16.64,16.43,0.00,8.30,8.30,8.30,8.10,1,1
[10:55:16.507][I][csv:715]: 1524663,AGG,4.09,2.57,6.72,-4.00,-2.00,6.72,8.30,8.30,8.30,-12.30,-10.30,-1.58,7.66,8.30,16.64,16.43,0.00,8.30,8.30,8.30,8.10,1,1
[10:55:16.512][I][csv:715]: 1524670,AGG,4.09,3.59,6.72,-4.00,-3.00,6.72,8.30,8.30,8.30,-12.30,-11.30,-1.58,7.67,8.30,16.63,16.43,0.00,8.30,8.30,8.30,8.10,1,1
[10:55:16.537][I][csv:715]: 1524686,AGG,4.09,3.59,6.72,-4.00,-3.00,6.72,8.30,8.30,8.30,-12.30,-11.30,-1.58,7.68,8.30,16.62,16.41,0.00,8.30,8.30,8.30,8.10,1,1
[10:55:16.552][I][csv:715]: 1524710,AGG,4.09,3.59,5.78,-4.00,-3.00,5.78,8.30,8.30,8.30,-12.30,-11.30,-2.52,7.71,8.30,16.59,16.40,0.00,8.30,8.30,8.30,8.10,1,1
[10:55:16.634][S][sensor]: 'Shelly Real Current L3' >> 6.72 A
[10:55:16.634][S][sensor]: 'TWC Vitals Vehicle Current' >> 8.10 A
[10:55:16.634][S][sensor]: 'Shelly Real Current L2' >> 3.59 A
[10:55:16.741][S][sensor]: 'TWC Time Since Last Poll' >> 156 ms
[10:55:16.807][I][csv:715]: 1524966,AGG,4.09,3.59,5.78,-4.00,-3.00,5.78,8.30,8.30,8.30,-12.30,-11.30,-2.52,7.96,8.30,16.34,16.20,0.00,8.30,8.30,8.30,8.10,1,1
[10:55:17.101][I][vitals:883]: TWC vitals: A=7.00 B=7.10 C=7.10 vehicle=7.10 contactor=closed
[10:55:17.115][S][sensor]: 'TWC Poll Interval' >> 194 ms
[10:55:17.116][S][sensor]: 'TWC Vitals Current L2' >> 8.30 A
[10:55:17.515][I][csv:715]: 1525674,AGG,4.09,3.59,5.78,-4.00,-3.00,5.78,7.00,7.10,7.10,-11.00,-10.10,-1.32,7.47,7.10,15.63,15.58,0.00,7.00,7.10,7.10,7.10,1,1
[10:55:17.519][I][csv:715]: 1525678,AGG,4.08,3.59,5.78,-4.00,-3.00,5.78,7.00,7.10,7.10,-11.00,-10.10,-1.32,7.47,7.10,15.63,15.58,0.00,7.00,7.10,7.10,7.10,1,1
[10:55:17.526][I][csv:715]: 1525683,AGG,4.08,3.59,5.78,-4.00,-3.00,5.78,7.00,7.10,7.10,-11.00,-10.10,-1.32,7.47,7.10,15.63,15.58,0.00,7.00,7.10,7.10,7.10,1,1
[10:55:17.527][I][csv:715]: 1525686,AGG,4.08,3.52,5.78,-4.00,-3.00,5.78,7.00,7.10,7.10,-11.00,-10.10,-1.32,7.47,7.10,15.63,15.58,0.00,7.00,7.10,7.10,7.10,1,1
[10:55:17.534][I][csv:715]: 1525694,AGG,4.08,3.52,5.78,-4.00,-3.00,5.78,7.00,7.10,7.10,-11.00,-10.10,-1.32,7.47,7.10,15.63,15.58,0.00,7.00,7.10,7.10,7.10,1,1
[10:55:17.543][I][csv:715]: 1525702,AGG,4.08,3.52,5.76,-4.00,-3.00,5.76,7.00,7.10,7.10,-11.00,-10.10,-1.34,7.48,7.10,15.62,15.57,0.00,7.00,7.10,7.10,7.10,1,1
[10:55:17.647][S][sensor]: 'TWC Reported Current L2' >> 15.6 A
[10:55:17.807][I][csv:715]: 1525966,AGG,4.08,3.52,5.76,-4.00,-3.00,5.76,7.00,7.10,7.10,-11.00,-10.10,-1.34,7.48,7.10,15.62,15.57,0.00,7.00,7.10,7.10,7.10,1,1
[10:55:17.902][S][sensor]: 'Shelly Active Power L1' >> -906 W
[10:55:18.168][S][sensor]: 'TWC Vitals Current L1' >> 7.00 A
[10:55:18.168][S][sensor]: 'TWC Vitals Current L3' >> 7.10 A
[10:55:18.313][S][sensor]: 'Shelly Time Since Last OK' >> 657 ms
[10:55:18.314][S][sensor]: 'Shelly Active Power L3' >> 1334 W
[10:55:18.483][S][sensor]: 'Shelly Real Current L1' >> 4.08 A
[10:55:18.483][S][sensor]: 'Shelly Active Power L2' >> -818 W
[10:55:18.489][I][csv:715]: 1526647,AGG,4.08,3.52,5.76,-4.00,-3.00,5.76,7.00,7.10,7.10,-11.00,-10.10,-1.34,7.48,7.10,15.62,15.57,0.00,7.00,7.10,7.10,7.10,1,1
[10:55:18.504][I][csv:715]: 1526661,AGG,4.07,3.52,5.76,-4.00,-3.00,5.76,7.00,7.10,7.10,-11.00,-10.10,-1.34,7.48,7.10,15.62,15.57,0.00,7.00,7.10,7.10,7.10,1,1
[10:55:18.515][I][csv:715]: 1526674,AGG,4.07,3.52,5.76,-4.00,-3.00,5.76,7.00,7.10,7.10,-11.00,-10.10,-1.34,7.48,7.10,15.62,15.57,0.00,7.00,7.10,7.10,7.10,1,1
[10:55:18.529][I][csv:715]: 1526688,AGG,4.07,3.56,5.76,-4.00,-3.00,5.76,7.00,7.10,7.10,-11.00,-10.10,-1.34,7.48,7.10,15.62,15.57,0.00,7.00,7.10,7.10,7.10,1,1
[10:55:18.538][I][csv:715]: 1526698,AGG,4.07,3.56,5.76,-4.00,-3.00,5.76,7.00,7.10,7.10,-11.00,-10.10,-1.34,7.48,7.10,15.62,15.57,0.00,7.00,7.10,7.10,7.10,1,1
[10:55:18.549][I][csv:715]: 1526707,AGG,4.07,3.56,5.76,-4.00,-3.00,5.76,7.00,7.10,7.10,-11.00,-10.10,-1.34,7.48,7.10,15.62,15.57,0.00,7.00,7.10,7.10,7.10,1,1
[10:55:18.627][S][sensor]: 'Shelly Real Current L3' >> 5.76 A
[10:55:18.628][S][sensor]: 'TWC Vitals Vehicle Current' >> 7.10 A
[10:55:18.628][S][sensor]: 'Shelly Real Current L2' >> 3.56 A
[10:55:18.740][S][sensor]: 'TWC Time Since Last Poll' >> 123 ms
[10:55:18.807][I][csv:715]: 1526966,AGG,4.07,3.56,5.76,-4.00,-3.00,5.76,7.00,7.10,7.10,-11.00,-10.10,-1.34,7.48,7.10,15.62,15.57,0.00,7.00,7.10,7.10,7.10,1,1
[10:55:19.100][I][vitals:883]: TWC vitals: A=7.10 B=7.10 C=7.10 vehicle=7.10 contactor=closed
[10:55:19.109][S][sensor]: 'TWC Reported Current L3' >> 15.6 A
[10:55:19.109][S][sensor]: 'TWC Poll Interval' >> 193 ms
[10:55:19.109][S][sensor]: 'TWC Vitals Current L2' >> 7.10 A
[10:55:19.556][S][sensor]: 'TWC Reported Current L1' >> 15.6 A
[10:55:19.566][I][csv:715]: 1527725,AGG,4.07,3.56,5.76,-4.00,-3.00,5.76,7.10,7.10,7.10,-11.10,-10.10,-1.34,7.51,7.10,15.59,15.54,0.00,7.10,7.10,7.10,7.10,1,1
[10:55:19.571][I][csv:715]: 1527728,AGG,3.90,3.56,5.76,-3.00,-3.00,5.76,7.10,7.10,7.10,-10.10,-10.10,-1.34,7.51,7.10,15.59,15.54,0.00,7.10,7.10,7.10,7.10,1,1
[10:55:19.576][I][csv:715]: 1527733,AGG,3.90,3.56,5.76,-3.00,-3.00,5.76,7.10,7.10,7.10,-10.10,-10.10,-1.34,7.50,7.10,15.60,15.55,0.00,7.10,7.10,7.10,7.10,1,1
[10:55:19.579][I][csv:715]: 1527737,AGG,3.90,3.34,5.76,-3.00,-3.00,5.76,7.10,7.10,7.10,-10.10,-10.10,-1.34,7.50,7.10,15.60,15.55,0.00,7.10,7.10,7.10,7.10,1,1
[10:55:19.585][I][csv:715]: 1527744,AGG,3.90,3.34,5.76,-3.00,-3.00,5.76,7.10,7.10,7.10,-10.10,-10.10,-1.34,7.49,7.10,15.61,15.56,0.00,7.10,7.10,7.10,7.10,1,1
[10:55:19.593][I][csv:715]: 1527749,AGG,3.90,3.34,5.95,-3.00,-3.00,5.95,7.10,7.10,7.10,-10.10,-10.10,-1.15,7.49,7.10,15.61,15.56,0.00,7.10,7.10,7.10,7.10,1,1
[10:55:19.807][I][csv:715]: 1527966,AGG,3.90,3.34,5.95,-3.00,-3.00,5.95,7.10,7.10,7.10,-10.10,-10.10,-1.15,7.27,7.10,15.83,15.78,0.00,7.10,7.10,7.10,7.10,1,1
[10:55:19.897][S][sensor]: 'Shelly Active Power L1' >> -851 W
[10:55:20.175][S][sensor]: 'TWC Vitals Current L1' >> 7.10 A
[10:55:20.176][S][sensor]: 'TWC Vitals Current L3' >> 7.10 A
[10:55:20.315][S][sensor]: 'Shelly Time Since Last OK' >> 610 ms
[10:55:20.316][S][sensor]: 'Shelly Active Power L3' >> 1395 W
[10:55:20.484][S][sensor]: 'Shelly Real Current L1' >> 3.90 A
[10:55:20.484][S][sensor]: 'Shelly Active Power L2' >> -750 W
[10:55:20.493][I][csv:715]: 1528649,AGG,3.90,3.34,5.95,-3.00,-3.00,5.95,7.10,7.10,7.10,-10.10,-10.10,-1.15,7.12,7.10,15.98,15.93,0.00,7.10,7.10,7.10,7.10,1,1
[10:55:20.515][I][csv:715]: 1528670,AGG,3.16,3.34,5.95,-3.00,-3.00,5.95,7.10,7.10,7.10,-10.10,-10.10,-1.15,7.12,7.10,15.98,15.93,0.00,7.10,7.10,7.10,7.10,1,1
[10:55:20.522][I][csv:715]: 1528682,AGG,3.16,3.34,5.95,-3.00,-3.00,5.95,7.10,7.10,7.10,-10.10,-10.10,-1.15,7.12,7.10,15.98,15.93,0.00,7.10,7.10,7.10,7.10,1,1
[10:55:20.537][I][csv:715]: 1528697,AGG,3.16,2.60,5.95,-3.00,-2.00,5.95,7.10,7.10,7.10,-10.10,-9.10,-1.15,7.10,7.10,16.00,15.95,0.00,7.10,7.10,7.10,7.10,1,1
[10:55:20.547][I][csv:715]: 1528707,AGG,3.16,2.60,5.95,-3.00,-2.00,5.95,7.10,7.10,7.10,-10.10,-9.10,-1.15,7.09,7.10,16.01,16.05,0.00,7.10,7.10,7.10,7.10,1,1
[10:55:20.560][I][csv:715]: 1528720,AGG,3.16,2.60,6.75,-3.00,-2.00,6.75,7.10,7.10,7.10,-10.10,-9.10,-0.35,7.08,7.10,16.02,16.05,0.00,7.10,7.10,7.10,7.10,1,1
[10:55:20.628][S][sensor]: 'Shelly Real Current L3' >> 5.95 A
[10:55:20.629][S][sensor]: 'TWC Vitals Vehicle Current' >> 7.10 A
[10:55:20.629][S][sensor]: 'Shelly Real Current L2' >> 2.60 A
[10:55:20.738][S][sensor]: 'TWC Time Since Last Poll' >> 175 ms
[10:55:20.807][I][csv:715]: 1528966,AGG,3.16,2.60,6.75,-3.00,-2.00,6.75,7.10,7.10,7.10,-10.10,-9.10,-0.35,6.83,7.10,16.27,16.15,0.00,7.10,7.10,7.10,7.10,1,1
[10:55:21.102][I][vitals:883]: TWC vitals: A=8.00 B=8.10 C=8.10 vehicle=8.10 contactor=closed
[10:55:21.111][S][sensor]: 'TWC Poll Interval' >> 195 ms
[10:55:21.111][S][sensor]: 'TWC Vitals Current L2' >> 7.10 A
[10:55:21.615][I][csv:715]: 1529772,AGG,3.16,2.60,6.75,-3.00,-2.00,6.75,8.00,8.10,8.10,-11.00,-10.10,-1.35,7.48,8.10,16.62,16.41,0.00,8.00,8.10,8.10,8.10,1,1
[10:55:21.620][I][csv:715]: 1529775,AGG,2.93,2.60,6.75,-2.00,-2.00,6.75,8.00,8.10,8.10,-10.00,-10.10,-1.35,7.48,8.10,16.62,16.41,0.00,8.00,8.10,8.10,8.10,1,1
[10:55:21.620][I][csv:715]: 1529779,AGG,2.93,2.60,6.75,-2.00,-2.00,6.75,8.00,8.10,8.10,-10.00,-10.10,-1.35,7.48,8.10,16.62,16.42,0.00,8.00,8.10,8.10,8.10,1,1
[10:55:21.625][I][csv:715]: 1529783,AGG,2.93,2.37,6.75,-2.00,-2.00,6.75,8.00,8.10,8.10,-10.00,-10.10,-1.35,7.47,8.10,16.63,16.42,0.00,8.00,8.10,8.10,8.10,1,1
[10:55:21.629][I][csv:715]: 1529787,AGG,2.93,2.37,6.75,-2.00,-2.00,6.75,8.00,8.10,8.10,-10.00,-10.10,-1.35,7.47,8.10,16.63,16.42,0.00,8.00,8.10,8.10,8.10,1,1
[10:55:21.634][I][csv:715]: 1529792,AGG,2.93,2.37,6.99,-2.00,-2.00,6.99,8.00,8.10,8.10,-10.00,-10.10,-1.11,7.46,8.10,16.64,16.43,0.00,8.00,8.10,8.10,8.10,1,1
[10:55:21.806][I][csv:715]: 1529966,AGG,2.93,2.37,6.99,-2.00,-2.00,6.99,8.00,8.10,8.10,-10.00,-10.10,-1.11,7.29,8.10,16.81,16.56,0.00,8.00,8.10,8.10,8.10,1,1
[10:55:21.891][S][sensor]: 'Shelly Active Power L1' >> -618 W
[10:55:22.171][S][sensor]: 'TWC Vitals Current L1' >> 8.00 A
[10:55:22.171][S][sensor]: 'TWC Vitals Current L3' >> 8.10 A
[10:55:22.301][S][sensor]: 'Shelly Time Since Last OK' >> 567 ms
[10:55:22.302][S][sensor]: 'Shelly Active Power L3' >> 1631 W
[10:55:22.477][S][sensor]: 'Shelly Real Current L1' >> 2.93 A
[10:55:22.478][S][sensor]: 'Shelly Active Power L2' >> -504 W
[10:55:22.498][I][csv:715]: 1530656,AGG,2.93,2.37,6.99,-2.00,-2.00,6.99,8.00,8.10,8.10,-10.00,-10.10,-1.11,7.07,8.10,17.03,16.72,0.00,8.00,8.10,8.10,8.10,1,1
[10:55:22.525][I][csv:715]: 1530680,AGG,3.13,2.37,6.99,-3.00,-2.00,6.99,8.00,8.10,8.10,-11.00,-10.10,-1.11,7.09,8.10,17.01,16.71,0.00,8.00,8.10,8.10,8.10,1,1
[10:55:22.541][I][csv:715]: 1530699,AGG,3.13,2.37,6.99,-3.00,-2.00,6.99,8.00,8.10,8.10,-11.00,-10.10,-1.11,7.11,8.10,16.99,16.69,0.00,8.00,8.10,8.10,8.10,1,1
[10:55:22.564][I][csv:715]: 1530714,AGG,3.13,2.63,6.99,-3.00,-2.00,6.99,8.00,8.10,8.10,-11.00,-10.10,-1.11,7.13,8.10,16.97,16.68,0.00,8.00,8.10,8.10,8.10,1,1
[10:55:22.569][I][csv:715]: 1530721,AGG,3.13,2.63,6.99,-3.00,-2.00,6.99,8.00,8.10,8.10,-11.00,-10.10,-1.11,7.13,8.10,16.97,16.68,0.00,8.00,8.10,8.10,8.10,1,1
[10:55:22.578][I][csv:715]: 1530734,AGG,3.13,2.63,6.76,-3.00,-2.00,6.76,8.00,8.10,8.10,-11.00,-10.10,-1.34,7.15,8.10,16.95,16.67,0.00,8.00,8.10,8.10,8.10,1,1
[10:55:22.622][S][sensor]: 'Shelly Real Current L3' >> 6.99 A
[10:55:22.622][S][sensor]: 'TWC Reported Current L2' >> 16.7 A
[10:55:22.623][S][sensor]: 'TWC Vitals Vehicle Current' >> 8.10 A
[10:55:22.623][S][sensor]: 'Shelly Real Current L2' >> 2.63 A
[10:55:22.736][S][sensor]: 'TWC Time Since Last Poll' >> 142 ms
[10:55:22.841][I][csv:715]: 1530966,AGG,3.13,2.63,6.76,-3.00,-2.00,6.76,8.00,8.10,8.10,-11.00,-10.10,-1.34,7.38,8.10,16.72,16.49,0.00,8.00,8.10,8.10,8.10,1,1
[10:55:23.102][I][vitals:883]: TWC vitals: A=8.00 B=8.10 C=8.10 vehicle=8.10 contactor=closed
[10:55:23.131][S][sensor]: 'TWC Poll Interval' >> 192 ms
[10:55:23.131][S][sensor]: 'TWC Vitals Current L2' >> 8.10 A
[10:55:23.558][I][csv:715]: 1531716,AGG,3.13,2.63,6.76,-3.00,-2.00,6.76,8.00,8.10,8.10,-11.00,-10.10,-1.34,7.48,8.10,16.62,16.42,0.00,8.00,8.10,8.10,8.10,1,1
[10:55:23.568][I][csv:715]: 1531719,AGG,3.13,2.63,6.76,-3.00,-2.00,6.76,8.00,8.10,8.10,-11.00,-10.10,-1.34,7.48,8.10,16.62,16.42,0.00,8.00,8.10,8.10,8.10,1,1
[10:55:23.568][I][csv:715]: 1531722,AGG,3.13,2.63,6.76,-3.00,-2.00,6.76,8.00,8.10,8.10,-11.00,-10.10,-1.34,7.48,8.10,16.62,16.42,0.00,8.00,8.10,8.10,8.10,1,1
[10:55:23.569][I][csv:715]: 1531726,AGG,3.13,2.57,6.76,-3.00,-2.00,6.76,8.00,8.10,8.10,-11.00,-10.10,-1.34,7.48,8.10,16.62,16.42,0.00,8.00,8.10,8.10,8.10,1,1
[10:55:23.580][I][csv:715]: 1531732,AGG,3.13,2.57,6.76,-3.00,-2.00,6.76,8.00,8.10,8.10,-11.00,-10.10,-1.34,7.48,8.10,16.62,16.42,0.00,8.00,8.10,8.10,8.10,1,1
[10:55:23.592][I][csv:715]: 1531742,AGG,3.13,2.57,6.70,-3.00,-2.00,6.70,8.00,8.10,8.10,-11.00,-10.10,-1.40,7.49,8.10,16.61,16.41,0.00,8.00,8.10,8.10,8.10,1,1
[10:55:23.807][I][csv:715]: 1531966,AGG,3.13,2.57,6.70,-3.00,-2.00,6.70,8.00,8.10,8.10,-11.00,-10.10,-1.40,7.50,8.10,16.60,16.40,0.00,8.00,8.10,8.10,8.10,1,1
[10:55:23.885][S][sensor]: 'TWC Reported Current L3' >> 16.4 A
[10:55:23.885][S][sensor]: 'Shelly Active Power L1' >> -686 W
[10:55:24.171][S][sensor]: 'TWC Vitals Current L1' >> 8.00 A
[10:55:24.171][S][sensor]: 'TWC Vitals Current L3' >> 8.10 A
[10:55:24.315][S][sensor]: 'Shelly Time Since Last OK' >> 617 ms
[10:55:24.316][S][sensor]: 'Shelly Active Power L3' >> 1546 W
[10:55:24.484][S][sensor]: 'Shelly Real Current L1' >> 3.13 A
[10:55:24.484][S][sensor]: 'Shelly Active Power L2' >> -573 W
[10:55:24.484][S][sensor]: 'TWC Reported Current L1' >> 16.4 A
[10:55:24.508][I][csv:715]: 1532667,AGG,3.13,2.57,6.70,-3.00,-2.00,6.70,8.00,8.10,8.10,-11.00,-10.10,-1.40,7.50,8.10,16.60,16.40,0.00,8.00,8.10,8.10,8.10,1,1
[10:55:24.534][I][csv:715]: 1532694,AGG,3.17,2.57,6.70,-3.00,-2.00,6.70,8.00,8.10,8.10,-11.00,-10.10,-1.40,7.50,8.10,16.60,16.40,0.00,8.00,8.10,8.10,8.10,1,1
[10:55:24.548][I][csv:715]: 1532707,AGG,3.17,2.57,6.70,-3.00,-2.00,6.70,8.00,8.10,8.10,-11.00,-10.10,-1.40,7.50,8.10,16.60,16.40,0.00,8.00,8.10,8.10,8.10,1,1
[10:55:24.561][I][csv:715]: 1532720,AGG,3.17,2.69,6.70,-3.00,-2.00,6.70,8.00,8.10,8.10,-11.00,-10.10,-1.40,7.50,8.10,16.60,16.40,0.00,8.00,8.10,8.10,8.10,1,1
[10:55:24.577][I][csv:715]: 1532735,AGG,3.17,2.69,6.70,-3.00,-2.00,6.70,8.00,8.10,8.10,-11.00,-10.10,-1.40,7.50,8.10,16.60,16.40,0.00,8.00,8.10,8.10,8.10,1,1
[10:55:24.588][I][csv:715]: 1532748,AGG,3.17,2.69,6.67,-3.00,-2.00,6.67,8.00,8.10,8.10,-11.00,-10.10,-1.43,7.51,8.10,16.59,16.39,0.00,8.00,8.10,8.10,8.10,1,1
[10:55:24.626][S][sensor]: 'Shelly Real Current L3' >> 6.70 A
[10:55:24.626][S][sensor]: 'TWC Vitals Vehicle Current' >> 8.10 A
[10:55:24.626][S][sensor]: 'Shelly Real Current L2' >> 2.69 A
[10:55:24.738][S][sensor]: 'TWC Time Since Last Poll' >> 112 ms
[10:55:24.808][I][csv:715]: 1532966,AGG,3.17,2.69,6.67,-3.00,-2.00,6.67,8.00,8.10,8.10,-11.00,-10.10,-1.43,7.51,8.10,16.59,16.39,0.00,8.00,8.10,8.10,8.10,1,1
[10:55:25.104][I][vitals:883]: TWC vitals: A=8.00 B=8.10 C=8.10 vehicle=8.10 contactor=closed
[10:55:25.111][S][sensor]: 'TWC Poll Interval' >> 194 ms
[10:55:25.111][S][sensor]: 'TWC Vitals Current L2' >> 8.10 A
[10:55:25.608][I][csv:715]: 1533766,AGG,3.17,2.69,6.67,-3.00,-2.00,6.67,8.00,8.10,8.10,-11.00,-10.10,-1.43,7.51,8.10,16.59,16.39,0.00,8.00,8.10,8.10,8.10,1,1
[10:55:25.616][I][csv:715]: 1533770,AGG,3.20,2.69,6.67,-3.00,-2.00,6.67,8.00,8.10,8.10,-11.00,-10.10,-1.43,7.51,8.10,16.59,16.39,0.00,8.00,8.10,8.10,8.10,1,1
[10:55:25.620][I][csv:715]: 1533773,AGG,3.20,2.69,6.67,-3.00,-2.00,6.67,8.00,8.10,8.10,-11.00,-10.10,-1.43,7.51,8.10,16.59,16.39,0.00,8.00,8.10,8.10,8.10,1,1
[10:55:25.620][I][csv:715]: 1533778,AGG,3.20,2.66,6.67,-3.00,-2.00,6.67,8.00,8.10,8.10,-11.00,-10.10,-1.43,7.51,8.10,16.59,16.39,0.00,8.00,8.10,8.10,8.10,1,1
[10:55:25.628][I][csv:715]: 1533783,AGG,3.20,2.66,6.67,-3.00,-2.00,6.67,8.00,8.10,8.10,-11.00,-10.10,-1.43,7.51,8.10,16.59,16.39,0.00,8.00,8.10,8.10,8.10,1,1
[10:55:25.636][I][csv:715]: 1533786,AGG,3.20,2.66,6.65,-3.00,-2.00,6.65,8.00,8.10,8.10,-11.00,-10.10,-1.45,7.51,8.10,16.59,16.39,0.00,8.00,8.10,8.10,8.10,1,1
[10:55:25.808][I][csv:715]: 1533966,AGG,3.20,2.66,6.65,-3.00,-2.00,6.65,8.00,8.10,8.10,-11.00,-10.10,-1.45,7.52,8.10,16.58,16.39,0.00,8.00,8.10,8.10,8.10,1,1
[10:55:25.898][S][sensor]: 'Shelly Active Power L1' >> -697 W
[10:55:26.176][S][sensor]: 'TWC Vitals Current L1' >> 8.00 A
[10:55:26.176][S][sensor]: 'TWC Vitals Current L3' >> 8.10 A
[10:55:26.316][S][sensor]: 'Shelly Time Since Last OK' >> 573 ms
[10:55:26.316][S][sensor]: 'Shelly Active Power L3' >> 1526 W
[10:55:26.476][S][sensor]: 'Shelly Real Current L1' >> 3.20 A
[10:55:26.476][S][sensor]: 'Shelly Active Power L2' >> -597 W
[10:55:26.523][I][csv:715]: 1534681,AGG,3.20,2.66,6.65,-3.00,-2.00,6.65,8.00,8.10,8.10,-11.00,-10.10,-1.45,7.52,8.10,16.58,16.39,0.00,8.00,8.10,8.10,8.10,1,1
[10:55:26.546][I][csv:715]: 1534703,AGG,3.32,2.66,6.65,-3.00,-2.00,6.65,8.00,8.10,8.10,-11.00,-10.10,-1.45,7.52,8.10,16.58,16.39,0.00,8.00,8.10,8.10,8.10,1,1
[10:55:26.560][I][csv:715]: 1534719,AGG,3.32,2.66,6.65,-3.00,-2.00,6.65,8.00,8.10,8.10,-11.00,-10.10,-1.45,7.52,8.10,16.58,16.39,0.00,8.00,8.10,8.10,8.10,1,1
[10:55:26.570][I][csv:715]: 1534729,AGG,3.32,2.81,6.65,-3.00,-2.00,6.65,8.00,8.10,8.10,-11.00,-10.10,-1.45,7.52,8.10,16.58,16.39,0.00,8.00,8.10,8.10,8.10,1,1
[10:55:26.585][I][csv:715]: 1534743,AGG,3.32,2.81,6.65,-3.00,-2.00,6.65,8.00,8.10,8.10,-11.00,-10.10,-1.45,7.52,8.10,16.58,16.39,0.00,8.00,8.10,8.10,8.10,1,1
[10:55:26.603][I][csv:715]: 1534755,AGG,3.32,2.81,6.42,-3.00,-2.00,6.42,8.00,8.10,8.10,-11.00,-10.10,-1.68,7.53,8.10,16.57,16.38,0.00,8.00,8.10,8.10,8.10,1,1
[10:55:26.650][S][sensor]: 'Shelly Real Current L3' >> 6.65 A
[10:55:26.651][S][sensor]: 'TWC Vitals Vehicle Current' >> 8.10 A
[10:55:26.651][S][sensor]: 'Shelly Real Current L2' >> 2.66 A
[10:55:26.755][S][sensor]: 'TWC Time Since Last Poll' >> 165 ms
[10:55:26.835][I][csv:715]: 1534966,AGG,3.32,2.81,6.42,-3.00,-2.00,6.42,8.00,8.10,8.10,-11.00,-10.10,-1.68,7.59,8.10,16.51,16.33,0.00,8.00,8.10,8.10,8.10,1,1
[10:55:27.102][I][vitals:883]: TWC vitals: A=8.00 B=8.00 C=8.00 vehicle=8.00 contactor=closed
[10:55:27.110][S][sensor]: 'TWC Poll Interval' >> 194 ms
[10:55:27.111][S][sensor]: 'TWC Vitals Current L2' >> 8.10 A
[10:55:27.644][S][sensor]: 'TWC Reported Current L2' >> 16.3 A
[10:55:27.650][I][csv:715]: 1535807,AGG,3.32,2.81,6.42,-3.00,-2.00,6.42,8.00,8.00,8.00,-11.00,-10.00,-1.58,7.53,8.00,16.47,16.31,0.00,8.00,8.00,8.00,8.00,1,1
[10:55:27.656][I][csv:715]: 1535810,AGG,3.34,2.81,6.42,-3.00,-2.00,6.42,8.00,8.00,8.00,-11.00,-10.00,-1.58,7.53,8.00,16.47,16.31,0.00,8.00,8.00,8.00,8.00,1,1
[10:55:27.662][I][csv:715]: 1535817,AGG,3.34,2.81,6.42,-3.00,-2.00,6.42,8.00,8.00,8.00,-11.00,-10.00,-1.58,7.53,8.00,16.47,16.31,0.00,8.00,8.00,8.00,8.00,1,1
[10:55:27.662][I][csv:715]: 1535821,AGG,3.34,2.77,6.42,-3.00,-2.00,6.42,8.00,8.00,8.00,-11.00,-10.00,-1.58,7.53,8.00,16.47,16.31,0.00,8.00,8.00,8.00,8.00,1,1
[10:55:27.668][I][csv:715]: 1535825,AGG,3.34,2.77,6.42,-3.00,-2.00,6.42,8.00,8.00,8.00,-11.00,-10.00,-1.58,7.53,8.00,16.47,16.31,0.00,8.00,8.00,8.00,8.00,1,1
[10:55:27.675][I][csv:715]: 1535830,AGG,3.34,2.77,6.37,-3.00,-2.00,6.37,8.00,8.00,8.00,-11.00,-10.00,-1.63,7.53,8.00,16.47,16.30,0.00,8.00,8.00,8.00,8.00,1,1
[10:55:27.807][I][csv:715]: 1535966,AGG,3.34,2.77,6.37,-3.00,-2.00,6.37,8.00,8.00,8.00,-11.00,-10.00,-1.63,7.54,8.00,16.46,16.29,0.00,8.00,8.00,8.00,8.00,1,1
[10:55:27.894][S][sensor]: 'Shelly Active Power L1' >> -735 W
[10:55:28.159][S][sensor]: 'TWC Vitals Current L1' >> 8.00 A
[10:55:28.159][S][sensor]: 'TWC Vitals Current L3' >> 8.00 A
[10:55:28.314][S][sensor]: 'Shelly Time Since Last OK' >> 529 ms
[10:55:28.314][S][sensor]: 'Shelly Active Power L3' >> 1387 W
[10:55:28.482][S][sensor]: 'Shelly Real Current L1' >> 3.34 A
[10:55:28.482][S][sensor]: 'Shelly Active Power L2' >> -640 W
[10:55:28.531][I][csv:715]: 1536690,AGG,3.34,2.77,6.37,-3.00,-2.00,6.37,8.00,8.00,8.00,-11.00,-10.00,-1.63,7.54,8.00,16.46,16.29,0.00,8.00,8.00,8.00,8.00,1,1
[10:55:28.551][I][csv:715]: 1536711,AGG,4.55,2.77,6.37,-4.00,-2.00,6.37,8.00,8.00,8.00,-12.00,-10.00,-1.63,7.56,8.00,16.44,16.28,0.00,8.00,8.00,8.00,8.00,1,1
[10:55:28.570][I][csv:715]: 1536729,AGG,4.55,2.77,6.37,-4.00,-2.00,6.37,8.00,8.00,8.00,-12.00,-10.00,-1.63,7.58,8.00,16.42,16.26,0.00,8.00,8.00,8.00,8.00,1,1
[10:55:28.581][I][csv:715]: 1536741,AGG,4.55,3.97,6.37,-4.00,-3.00,6.37,8.00,8.00,8.00,-12.00,-11.00,-1.63,7.59,8.00,16.41,16.25,0.00,8.00,8.00,8.00,8.00,1,1
[10:55:28.602][I][csv:715]: 1536760,AGG,4.55,3.97,6.37,-4.00,-3.00,6.37,8.00,8.00,8.00,-12.00,-11.00,-1.63,7.61,8.00,16.39,16.24,0.00,8.00,8.00,8.00,8.00,1,1
[10:55:28.608][I][csv:715]: 1536766,AGG,4.55,3.97,4.85,-4.00,-3.00,4.85,8.00,8.00,8.00,-12.00,-11.00,-3.15,7.62,8.00,16.38,16.24,0.00,8.00,8.00,8.00,8.00,1,1
[10:55:28.626][S][sensor]: 'Shelly Real Current L3' >> 6.37 A
[10:55:28.626][S][sensor]: 'TWC Vitals Vehicle Current' >> 8.00 A
[10:55:28.626][S][sensor]: 'Shelly Real Current L2' >> 2.77 A
[10:55:28.750][S][sensor]: 'TWC Time Since Last Poll' >> 113 ms
[10:55:28.807][I][csv:715]: 1536966,AGG,4.55,3.97,4.85,-4.00,-3.00,4.85,8.00,8.00,8.00,-12.00,-11.00,-3.15,7.82,8.00,16.18,16.09,0.00,8.00,8.00,8.00,8.00,1,1
[10:55:29.102][I][vitals:883]: TWC vitals: A=7.00 B=7.00 C=7.00 vehicle=7.10 contactor=closed
[10:55:29.111][S][sensor]: 'TWC Reported Current L3' >> 16.2 A
[10:55:29.111][S][sensor]: 'TWC Poll Interval' >> 189 ms
[10:55:29.112][S][sensor]: 'TWC Vitals Current L2' >> 8.00 A
[10:55:29.557][S][sensor]: 'TWC Reported Current L1' >> 16.1 A
[10:55:29.567][I][csv:715]: 1537722,AGG,4.55,3.97,4.85,-4.00,-3.00,4.85,7.00,7.00,7.00,-11.00,-10.00,-2.15,7.72,7.00,15.28,15.23,0.00,7.00,7.00,7.00,7.10,1,1
[10:55:29.581][I][csv:715]: 1537727,AGG,4.31,3.97,4.85,-4.00,-3.00,4.85,7.00,7.00,7.00,-11.00,-10.00,-2.15,7.72,7.00,15.28,15.23,0.00,7.00,7.00,7.00,7.10,1,1
[10:55:29.589][I][csv:715]: 1537744,AGG,4.31,3.97,4.85,-4.00,-3.00,4.85,7.00,7.00,7.00,-11.00,-10.00,-2.15,7.72,7.00,15.28,15.23,0.00,7.00,7.00,7.00,7.10,1,1
[10:55:29.592][I][csv:715]: 1537751,AGG,4.31,3.73,4.85,-4.00,-3.00,4.85,7.00,7.00,7.00,-11.00,-10.00,-2.15,7.72,7.00,15.28,15.23,0.00,7.00,7.00,7.00,7.10,1,1
[10:55:29.618][I][csv:715]: 1537774,AGG,4.31,3.73,4.85,-4.00,-3.00,4.85,7.00,7.00,7.00,-11.00,-10.00,-2.15,7.72,7.00,15.28,15.23,0.00,7.00,7.00,7.00,7.10,1,1
[10:55:29.626][I][csv:715]: 1537785,AGG,4.31,3.73,5.32,-4.00,-3.00,5.32,7.00,7.00,7.00,-11.00,-10.00,-1.68,7.71,7.00,15.29,15.24,0.00,7.00,7.00,7.00,7.10,1,1
[10:55:29.807][I][csv:715]: 1537966,AGG,4.31,3.73,5.32,-4.00,-3.00,5.32,7.00,7.00,7.00,-11.00,-10.00,-1.68,7.56,7.00,15.44,15.39,0.00,7.00,7.00,7.00,7.10,1,1
[10:55:29.897][S][sensor]: 'Shelly Active Power L1' >> -940 W
[10:55:30.157][S][sensor]: 'TWC Vitals Current L1' >> 7.00 A
[10:55:30.157][S][sensor]: 'TWC Vitals Current L3' >> 7.00 A
[10:55:30.302][S][sensor]: 'Shelly Time Since Last OK' >> 574 ms
[10:55:30.302][S][sensor]: 'Shelly Active Power L3' >> 1194 W
[10:55:30.479][S][sensor]: 'Shelly Real Current L1' >> 4.31 A
[10:55:30.479][S][sensor]: 'Shelly Active Power L2' >> -856 W
[10:55:30.626][I][csv:715]: 1538783,AGG,4.31,3.73,5.32,-4.00,-3.00,5.32,7.00,7.00,7.00,-11.00,-10.00,-1.68,7.56,7.00,15.44,15.39,0.00,7.00,7.00,7.00,7.10,1,1
[10:55:30.634][I][csv:715]: 1538788,AGG,4.33,3.73,5.32,-4.00,-3.00,5.32,7.00,7.00,7.00,-11.00,-10.00,-1.68,7.56,7.00,15.44,15.39,0.00,7.00,7.00,7.00,7.10,1,1
[10:55:30.640][I][csv:715]: 1538793,AGG,4.33,3.73,5.32,-4.00,-3.00,5.32,7.00,7.00,7.00,-11.00,-10.00,-1.68,7.56,7.00,15.44,15.39,0.00,7.00,7.00,7.00,7.10,1,1
[10:55:30.640][I][csv:715]: 1538796,AGG,4.33,3.78,5.32,-4.00,-3.00,5.32,7.00,7.00,7.00,-11.00,-10.00,-1.68,7.56,7.00,15.44,15.39,0.00,7.00,7.00,7.00,7.10,1,1
[10:55:30.649][I][csv:715]: 1538800,AGG,4.33,3.78,5.32,-4.00,-3.00,5.32,7.00,7.00,7.00,-11.00,-10.00,-1.68,7.56,7.00,15.44,15.39,0.00,7.00,7.00,7.00,7.10,1,1
[10:55:30.649][I][csv:715]: 1538803,AGG,4.33,3.78,5.33,-4.00,-3.00,5.33,7.00,7.00,7.00,-11.00,-10.00,-1.67,7.56,7.00,15.44,15.39,0.00,7.00,7.00,7.00,7.10,1,1
[10:55:30.649][S][sensor]: 'Shelly Real Current L3' >> 5.32 A
[10:55:30.650][S][sensor]: 'TWC Vitals Vehicle Current' >> 7.10 A
[10:55:30.650][S][sensor]: 'Shelly Real Current L2' >> 3.73 A
[10:55:30.756][S][sensor]: 'TWC Time Since Last Poll' >> 205 ms
[10:55:30.807][I][csv:715]: 1538966,AGG,4.33,3.78,5.33,-4.00,-3.00,5.33,7.00,7.00,7.00,-11.00,-10.00,-1.67,7.56,7.00,15.44,15.39,0.00,7.00,7.00,7.00,7.10,1,1
[10:55:31.103][I][vitals:883]: TWC vitals: A=7.00 B=7.00 C=7.10 vehicle=7.10 contactor=closed
[10:55:31.112][S][sensor]: 'TWC Poll Interval' >> 206 ms
[10:55:31.112][S][sensor]: 'TWC Vitals Current L2' >> 7.00 A
[10:55:31.650][I][csv:715]: 1539807,AGG,4.33,3.78,5.33,-4.00,-3.00,5.33,7.00,7.00,7.10,-11.00,-10.00,-1.77,7.59,7.10,15.51,15.46,0.00,7.00,7.00,7.10,7.10,1,1
[10:55:31.657][I][csv:715]: 1539811,AGG,4.21,3.78,5.33,-4.00,-3.00,5.33,7.00,7.00,7.10,-11.00,-10.00,-1.77,7.59,7.10,15.51,15.46,0.00,7.00,7.00,7.10,7.10,1,1
[10:55:31.660][I][csv:715]: 1539816,AGG,4.21,3.78,5.33,-4.00,-3.00,5.33,7.00,7.00,7.10,-11.00,-10.00,-1.77,7.59,7.10,15.51,15.46,0.00,7.00,7.00,7.10,7.10,1,1
[10:55:31.661][I][csv:715]: 1539820,AGG,4.21,3.63,5.33,-4.00,-3.00,5.33,7.00,7.00,7.10,-11.00,-10.00,-1.77,7.59,7.10,15.51,15.46,0.00,7.00,7.00,7.10,7.10,1,1
[10:55:31.668][I][csv:715]: 1539824,AGG,4.21,3.63,5.33,-4.00,-3.00,5.33,7.00,7.00,7.10,-11.00,-10.00,-1.77,7.59,7.10,15.51,15.46,0.00,7.00,7.00,7.10,7.10,1,1
[10:55:31.679][I][csv:715]: 1539829,AGG,4.21,3.63,5.46,-4.00,-3.00,5.46,7.00,7.00,7.10,-11.00,-10.00,-1.64,7.59,7.10,15.51,15.46,0.00,7.00,7.00,7.10,7.10,1,1
[10:55:31.807][I][csv:715]: 1539966,AGG,4.21,3.63,5.46,-4.00,-3.00,5.46,7.00,7.00,7.10,-11.00,-10.00,-1.64,7.55,7.10,15.55,15.50,0.00,7.00,7.00,7.10,7.10,1,1
[10:55:31.889][S][sensor]: 'Shelly Active Power L1' >> -896 W
[10:55:32.173][S][sensor]: 'TWC Vitals Current L1' >> 7.00 A
[10:55:32.173][S][sensor]: 'TWC Vitals Current L3' >> 7.10 A
[10:55:32.302][S][sensor]: 'Shelly Time Since Last OK' >> 530 ms
[10:55:32.303][S][sensor]: 'Shelly Active Power L3' >> 1238 W
[10:55:32.479][S][sensor]: 'Shelly Real Current L1' >> 4.21 A
[10:55:32.479][S][sensor]: 'Shelly Active Power L2' >> -814 W
[10:55:32.627][S][sensor]: 'Shelly Real Current L3' >> 5.46 A
[10:55:32.627][S][sensor]: 'TWC Reported Current L2' >> 15.5 A
[10:55:32.627][S][sensor]: 'TWC Vitals Vehicle Current' >> 7.10 A
[10:55:32.627][S][sensor]: 'Shelly Real Current L2' >> 3.63 A
[10:55:32.636][I][csv:715]: 1540791,AGG,4.21,3.63,5.46,-4.00,-3.00,5.46,7.00,7.00,7.10,-11.00,-10.00,-1.64,7.55,7.10,15.55,15.50,0.00,7.00,7.00,7.10,7.10,1,1
[10:55:32.637][I][csv:715]: 1540794,AGG,3.40,3.63,5.46,-3.00,-3.00,5.46,7.00,7.00,7.10,-10.00,-10.00,-1.64,7.54,7.10,15.56,15.51,0.00,7.00,7.00,7.10,7.10,1,1
[10:55:32.643][I][csv:715]: 1540799,AGG,3.40,3.63,5.46,-3.00,-3.00,5.46,7.00,7.00,7.10,-10.00,-10.00,-1.64,7.54,7.10,15.56,15.51,0.00,7.00,7.00,7.10,7.10,1,1
[10:55:32.643][I][csv:715]: 1540802,AGG,3.40,2.89,5.46,-3.00,-2.00,5.46,7.00,7.00,7.10,-10.00,-9.00,-1.64,7.53,7.10,15.57,15.52,0.00,7.00,7.00,7.10,7.10,1,1
[10:55:32.657][I][csv:715]: 1540814,AGG,3.40,2.89,5.46,-3.00,-2.00,5.46,7.00,7.00,7.10,-10.00,-9.00,-1.64,7.52,7.10,15.58,15.53,0.00,7.00,7.00,7.10,7.10,1,1
[10:55:32.664][I][csv:715]: 1540820,AGG,3.40,2.89,6.24,-3.00,-2.00,6.24,7.00,7.00,7.10,-10.00,-9.00,-0.86,7.52,7.10,15.58,15.53,0.00,7.00,7.00,7.10,7.10,1,1
[10:55:32.756][S][sensor]: 'TWC Time Since Last Poll' >> 75 ms
[10:55:32.808][I][csv:715]: 1540966,AGG,3.40,2.89,6.24,-3.00,-2.00,6.24,7.00,7.00,7.10,-10.00,-9.00,-0.86,7.37,7.10,15.73,15.68,0.00,7.00,7.00,7.10,7.10,1,1
[10:55:33.104][I][vitals:883]: TWC vitals: A=8.00 B=8.00 C=8.00 vehicle=8.00 contactor=closed
[10:55:33.117][S][sensor]: 'TWC Poll Interval' >> 193 ms
[10:55:33.117][S][sensor]: 'TWC Vitals Current L2' >> 7.00 A
[10:55:33.597][I][csv:715]: 1541750,AGG,3.40,2.89,6.24,-3.00,-2.00,6.24,8.00,8.00,8.00,-11.00,-10.00,-1.76,7.59,8.00,16.41,16.26,0.00,8.00,8.00,8.00,8.00,1,1
[10:55:33.605][I][csv:715]: 1541755,AGG,3.25,2.89,6.24,-3.00,-2.00,6.24,8.00,8.00,8.00,-11.00,-10.00,-1.76,7.59,8.00,16.41,16.26,0.00,8.00,8.00,8.00,8.00,1,1
[10:55:33.605][I][csv:715]: 1541758,AGG,3.25,2.89,6.24,-3.00,-2.00,6.24,8.00,8.00,8.00,-11.00,-10.00,-1.76,7.59,8.00,16.41,16.26,0.00,8.00,8.00,8.00,8.00,1,1
[10:55:33.612][I][csv:715]: 1541770,AGG,3.25,2.68,6.24,-3.00,-2.00,6.24,8.00,8.00,8.00,-11.00,-10.00,-1.76,7.59,8.00,16.41,16.26,0.00,8.00,8.00,8.00,8.00,1,1
[10:55:33.657][I][csv:715]: 1541813,AGG,3.25,2.68,6.24,-3.00,-2.00,6.24,8.00,8.00,8.00,-11.00,-10.00,-1.76,7.59,8.00,16.41,16.26,0.00,8.00,8.00,8.00,8.00,1,1
[10:55:33.667][I][csv:715]: 1541826,AGG,3.25,2.68,6.42,-3.00,-2.00,6.42,8.00,8.00,8.00,-11.00,-10.00,-1.58,7.57,8.00,16.43,16.27,0.00,8.00,8.00,8.00,8.00,1,1
[10:55:33.807][I][csv:715]: 1541966,AGG,3.25,2.68,6.42,-3.00,-2.00,6.42,8.00,8.00,8.00,-11.00,-10.00,-1.58,7.53,8.00,16.47,16.31,0.00,8.00,8.00,8.00,8.00,1,1
[10:55:33.886][S][sensor]: 'TWC Reported Current L3' >> 16.3 A
[10:55:33.886][S][sensor]: 'Shelly Active Power L1' >> -681 W
[10:55:34.171][S][sensor]: 'TWC Vitals Current L1' >> 8.00 A
[10:55:34.171][S][sensor]: 'TWC Vitals Current L3' >> 8.00 A
[10:55:34.312][S][sensor]: 'Shelly Time Since Last OK' >> 533 ms
[10:55:34.312][S][sensor]: 'Shelly Active Power L3' >> 1467 W
[10:55:34.483][S][sensor]: 'Shelly Real Current L1' >> 3.25 A
[10:55:34.484][S][sensor]: 'Shelly Active Power L2' >> -578 W
[10:55:34.484][S][sensor]: 'TWC Reported Current L1' >> 16.3 A
[10:55:34.630][S][sensor]: 'Shelly Real Current L3' >> 6.42 A
[10:55:34.630][S][sensor]: 'TWC Vitals Vehicle Current' >> 8.00 A
[10:55:34.630][S][sensor]: 'Shelly Real Current L2' >> 2.68 A
[10:55:34.634][I][csv:715]: 1542789,AGG,3.25,2.68,6.42,-3.00,-2.00,6.42,8.00,8.00,8.00,-11.00,-10.00,-1.58,7.53,8.00,16.47,16.31,0.00,8.00,8.00,8.00,8.00,1,1
[10:55:34.634][I][csv:715]: 1542792,AGG,2.42,2.68,6.42,-2.00,-2.00,6.42,8.00,8.00,8.00,-10.00,-10.00,-1.58,7.52,8.00,16.48,16.31,0.00,8.00,8.00,8.00,8.00,1,1
[10:55:34.641][I][csv:715]: 1542797,AGG,2.42,2.68,6.42,-2.00,-2.00,6.42,8.00,8.00,8.00,-10.00,-10.00,-1.58,7.52,8.00,16.48,16.31,0.00,8.00,8.00,8.00,8.00,1,1
[10:55:34.641][I][csv:715]: 1542800,AGG,2.42,1.90,6.42,-2.00,-1.00,6.42,8.00,8.00,8.00,-10.00,-9.00,-1.58,7.52,8.00,16.48,16.31,0.00,8.00,8.00,8.00,8.00,1,1
[10:55:34.657][I][csv:715]: 1542816,AGG,2.42,1.90,6.42,-2.00,-1.00,6.42,8.00,8.00,8.00,-10.00,-9.00,-1.58,7.50,8.00,16.50,16.33,0.00,8.00,8.00,8.00,8.00,1,1
[10:55:34.670][I][csv:715]: 1542830,AGG,2.42,1.90,7.30,-2.00,-1.00,7.30,8.00,8.00,8.00,-10.00,-9.00,-0.70,7.49,8.00,16.51,16.34,0.00,8.00,8.00,8.00,8.00,1,1
[10:55:34.752][S][sensor]: 'TWC Time Since Last Poll' >> 29 ms
[10:55:34.808][I][csv:715]: 1542966,AGG,2.42,1.90,7.30,-2.00,-1.00,7.30,8.00,8.00,8.00,-10.00,-9.00,-0.70,7.35,8.00,16.65,16.44,0.00,8.00,8.00,8.00,8.00,1,1
[10:55:35.105][I][vitals:883]: TWC vitals: A=9.00 B=9.10 C=9.10 vehicle=9.10 contactor=closed
[10:55:35.112][S][sensor]: 'TWC Poll Interval' >> 191 ms
[10:55:35.112][S][sensor]: 'TWC Vitals Current L2' >> 8.00 A
[10:55:35.128][E][modbus:456]: Attempted to send while transmission blocked
[10:55:35.641][I][csv:715]: 1543800,AGG,2.42,1.90,7.30,-2.00,-1.00,7.30,9.00,9.10,9.10,-11.00,-10.10,-1.80,7.63,9.10,17.47,17.05,0.00,9.00,9.10,9.10,9.10,1,1
[10:55:35.648][I][csv:715]: 1543804,AGG,2.31,1.90,7.30,-2.00,-1.00,7.30,9.00,9.10,9.10,-11.00,-10.10,-1.80,7.63,9.10,17.47,17.05,0.00,9.00,9.10,9.10,9.10,1,1
[10:55:35.659][I][csv:715]: 1543808,AGG,2.31,1.90,7.30,-2.00,-1.00,7.30,9.00,9.10,9.10,-11.00,-10.10,-1.80,7.63,9.10,17.47,17.05,0.00,9.00,9.10,9.10,9.10,1,1
[10:55:35.662][I][csv:715]: 1543812,AGG,2.31,1.80,7.30,-2.00,-1.00,7.30,9.00,9.10,9.10,-11.00,-10.10,-1.80,7.63,9.10,17.47,17.05,0.00,9.00,9.10,9.10,9.10,1,1
[10:55:35.667][I][csv:715]: 1543826,AGG,2.31,1.80,7.30,-2.00,-1.00,7.30,9.00,9.10,9.10,-11.00,-10.10,-1.80,7.63,9.10,17.47,17.05,0.00,9.00,9.10,9.10,9.10,1,1
[10:55:35.675][I][csv:715]: 1543835,AGG,2.31,1.80,7.46,-2.00,-1.00,7.46,9.00,9.10,9.10,-11.00,-10.10,-1.64,7.62,9.10,17.48,17.06,0.00,9.00,9.10,9.10,9.10,1,1
[10:55:35.811][I][csv:715]: 1543966,AGG,2.31,1.80,7.46,-2.00,-1.00,7.46,9.00,9.10,9.10,-11.00,-10.10,-1.64,7.58,9.10,17.52,17.09,0.00,9.00,9.10,9.10,9.10,1,1
[10:55:35.898][S][sensor]: 'Shelly Active Power L1' >> -470 W
[10:55:36.178][S][sensor]: 'TWC Vitals Current L1' >> 9.00 A
[10:55:36.178][S][sensor]: 'TWC Vitals Current L3' >> 9.10 A
[10:55:36.314][S][sensor]: 'Shelly Time Since Last OK' >> 524 ms
[10:55:36.314][S][sensor]: 'Shelly Active Power L3' >> 1691 W
[10:55:36.479][S][sensor]: 'Shelly Real Current L1' >> 2.31 A
[10:55:36.479][S][sensor]: 'Shelly Active Power L2' >> -365 W
[10:55:36.622][S][sensor]: 'Shelly Real Current L3' >> 7.46 A
[10:55:36.623][S][sensor]: 'TWC Vitals Vehicle Current' >> 9.10 A
[10:55:36.623][S][sensor]: 'Shelly Real Current L2' >> 1.80 A
[10:55:36.630][I][csv:715]: 1544790,AGG,2.31,1.80,7.46,-2.00,-1.00,7.46,9.00,9.10,9.10,-11.00,-10.10,-1.64,7.58,9.10,17.52,17.09,0.00,9.00,9.10,9.10,9.10,1,1
[10:55:36.636][I][csv:715]: 1544794,AGG,2.33,1.80,7.46,-2.00,-1.00,7.46,9.00,9.10,9.10,-11.00,-10.10,-1.64,7.58,9.10,17.52,17.09,0.00,9.00,9.10,9.10,9.10,1,1
[10:55:36.641][I][csv:715]: 1544798,AGG,2.33,1.80,7.46,-2.00,-1.00,7.46,9.00,9.10,9.10,-11.00,-10.10,-1.64,7.58,9.10,17.52,17.09,0.00,9.00,9.10,9.10,9.10,1,1
[10:55:36.644][I][csv:715]: 1544803,AGG,2.33,1.82,7.46,-2.00,-1.00,7.46,9.00,9.10,9.10,-11.00,-10.10,-1.64,7.58,9.10,17.52,17.09,0.00,9.00,9.10,9.10,9.10,1,1
[10:55:36.678][I][csv:715]: 1544833,AGG,2.33,1.82,7.46,-2.00,-1.00,7.46,9.00,9.10,9.10,-11.00,-10.10,-1.64,7.58,9.10,17.52,17.09,0.00,9.00,9.10,9.10,9.10,1,1
[10:55:36.686][I][csv:715]: 1544846,AGG,2.33,1.82,7.42,-2.00,-1.00,7.42,9.00,9.10,9.10,-11.00,-10.10,-1.68,7.59,9.10,17.51,17.08,0.00,9.00,9.10,9.10,9.10,1,1
[10:55:36.766][S][sensor]: 'TWC Time Since Last Poll' >> 94 ms
[10:55:36.814][I][csv:715]: 1544966,AGG,2.33,1.82,7.42,-2.00,-1.00,7.42,9.00,9.10,9.10,-11.00,-10.10,-1.68,7.59,9.10,17.51,17.08,0.00,9.00,9.10,9.10,9.10,1,1
[10:55:37.105][I][vitals:883]: TWC vitals: A=8.30 B=8.30 C=8.30 vehicle=8.10 contactor=closed
[10:55:37.114][S][sensor]: 'TWC Poll Interval' >> 194 ms
[10:55:37.114][S][sensor]: 'TWC Vitals Current L2' >> 9.10 A
[10:55:37.645][S][sensor]: 'TWC Reported Current L2' >> 17.1 A
[10:55:37.651][I][csv:715]: 1545809,AGG,2.33,1.82,7.42,-2.00,-1.00,7.42,8.30,8.30,8.30,-10.30,-9.30,-0.88,6.83,8.30,17.47,17.06,0.00,8.30,8.30,8.30,8.10,1,1
[10:55:37.656][I][csv:715]: 1545814,AGG,3.27,1.82,7.42,-3.00,-1.00,7.42,8.30,8.30,8.30,-11.30,-9.30,-0.88,6.83,8.30,17.47,17.05,0.00,8.30,8.30,8.30,8.10,1,1
[10:55:37.662][I][csv:715]: 1545819,AGG,3.27,1.82,7.42,-3.00,-1.00,7.42,8.30,8.30,8.30,-11.30,-9.30,-0.88,6.84,8.30,17.46,17.05,0.00,8.30,8.30,8.30,8.10,1,1
[10:55:37.665][I][csv:715]: 1545822,AGG,3.27,2.74,7.42,-3.00,-2.00,7.42,8.30,8.30,8.30,-11.30,-10.30,-0.88,6.84,8.30,17.46,17.05,0.00,8.30,8.30,8.30,8.10,1,1
[10:55:37.682][I][csv:715]: 1545837,AGG,3.27,2.74,7.42,-3.00,-2.00,7.42,8.30,8.30,8.30,-11.30,-10.30,-0.88,6.85,8.30,17.45,17.03,0.00,8.30,8.30,8.30,8.10,1,1
[10:55:37.690][I][csv:715]: 1545849,AGG,3.27,2.74,6.41,-3.00,-2.00,6.41,8.30,8.30,8.30,-11.30,-10.30,-1.89,6.87,8.30,17.43,17.03,0.00,8.30,8.30,8.30,8.10,1,1
[10:55:37.807][I][csv:715]: 1545966,AGG,3.27,2.74,6.41,-3.00,-2.00,6.41,8.30,8.30,8.30,-11.30,-10.30,-1.89,6.98,8.30,17.32,16.94,0.00,8.30,8.30,8.30,8.10,1,1
[10:55:37.894][S][sensor]: 'Shelly Active Power L1' >> -711 W
[10:55:38.160][S][sensor]: 'TWC Vitals Current L1' >> 8.30 A
[10:55:38.160][S][sensor]: 'TWC Vitals Current L3' >> 8.30 A
[10:55:38.305][S][sensor]: 'Shelly Time Since Last OK' >> 510 ms
[10:55:38.305][S][sensor]: 'Shelly Active Power L3' >> 1449 W
[10:55:38.480][S][sensor]: 'Shelly Real Current L1' >> 3.27 A
[10:55:38.480][S][sensor]: 'Shelly Active Power L2' >> -617 W
[10:55:38.624][S][sensor]: 'Shelly Real Current L3' >> 6.41 A
[10:55:38.624][S][sensor]: 'TWC Vitals Vehicle Current' >> 8.10 A
[10:55:38.624][S][sensor]: 'Shelly Real Current L2' >> 2.74 A
[10:55:38.633][I][csv:715]: 1546791,AGG,3.27,2.74,6.41,-3.00,-2.00,6.41,8.30,8.30,8.30,-11.30,-10.30,-1.89,7.81,8.30,16.49,16.32,0.00,8.30,8.30,8.30,8.10,1,1
[10:55:38.640][I][csv:715]: 1546797,AGG,4.25,2.74,6.41,-4.00,-2.00,6.41,8.30,8.30,8.30,-12.30,-10.30,-1.89,7.81,8.30,16.49,16.31,0.00,8.30,8.30,8.30,8.10,1,1
[10:55:38.648][I][csv:715]: 1546803,AGG,4.25,2.74,6.41,-4.00,-2.00,6.41,8.30,8.30,8.30,-12.30,-10.30,-1.89,7.82,8.30,16.48,16.31,0.00,8.30,8.30,8.30,8.10,1,1
[10:55:38.649][I][csv:715]: 1546808,AGG,4.25,3.72,6.41,-4.00,-3.00,6.41,8.30,8.30,8.30,-12.30,-11.30,-1.89,7.83,8.30,16.47,16.31,0.00,8.30,8.30,8.30,8.10,1,1
[10:55:38.688][I][csv:715]: 1546843,AGG,4.25,3.72,6.41,-4.00,-3.00,6.41,8.30,8.30,8.30,-12.30,-11.30,-1.89,7.86,8.30,16.44,16.28,0.00,8.30,8.30,8.30,8.10,1,1
[10:55:38.697][I][csv:715]: 1546856,AGG,4.25,3.72,5.42,-4.00,-3.00,5.42,8.30,8.30,8.30,-12.30,-11.30,-2.88,7.87,8.30,16.43,16.27,0.00,8.30,8.30,8.30,8.10,1,1
[10:55:38.766][S][sensor]: 'TWC Time Since Last Poll' >> 210 ms
[10:55:38.836][I][csv:715]: 1546966,AGG,4.25,3.72,5.42,-4.00,-3.00,5.42,8.30,8.30,8.30,-12.30,-11.30,-2.88,7.98,8.30,16.32,16.19,0.00,8.30,8.30,8.30,8.10,1,1
[10:55:39.104][I][vitals:883]: TWC vitals: A=7.10 B=7.10 C=7.10 vehicle=7.10 contactor=closed
[10:55:39.114][S][sensor]: 'TWC Reported Current L3' >> 16.3 A
[10:55:39.114][S][sensor]: 'TWC Poll Interval' >> 211 ms
[10:55:39.114][S][sensor]: 'TWC Vitals Current L2' >> 8.30 A
[10:55:39.557][S][sensor]: 'TWC Reported Current L1' >> 16.2 A
[10:55:39.597][I][csv:715]: 1547757,AGG,4.25,3.72,5.42,-4.00,-3.00,5.42,7.10,7.10,7.10,-11.10,-10.10,-1.68,7.63,7.10,15.47,15.42,0.00,7.10,7.10,7.10,7.10,1,1
[10:55:39.614][I][csv:715]: 1547771,AGG,4.27,3.72,5.42,-4.00,-3.00,5.42,7.10,7.10,7.10,-11.10,-10.10,-1.68,7.63,7.10,15.47,15.42,0.00,7.10,7.10,7.10,7.10,1,1
[10:55:39.630][I][csv:715]: 1547789,AGG,4.27,3.72,5.42,-4.00,-3.00,5.42,7.10,7.10,7.10,-11.10,-10.10,-1.68,7.63,7.10,15.47,15.42,0.00,7.10,7.10,7.10,7.10,1,1
[10:55:39.644][I][csv:715]: 1547802,AGG,4.27,3.70,5.42,-4.00,-3.00,5.42,7.10,7.10,7.10,-11.10,-10.10,-1.68,7.63,7.10,15.47,15.42,0.00,7.10,7.10,7.10,7.10,1,1
[10:55:39.699][I][csv:715]: 1547853,AGG,4.27,3.70,5.42,-4.00,-3.00,5.42,7.10,7.10,7.10,-11.10,-10.10,-1.68,7.63,7.10,15.47,15.42,0.00,7.10,7.10,7.10,7.10,1,1
[10:55:39.708][I][csv:715]: 1547866,AGG,4.27,3.70,5.42,-4.00,-3.00,5.42,7.10,7.10,7.10,-11.10,-10.10,-1.68,7.63,7.10,15.47,15.42,0.00,7.10,7.10,7.10,7.10,1,1
[10:55:39.808][I][csv:715]: 1547966,AGG,4.27,3.70,5.42,-4.00,-3.00,5.42,7.10,7.10,7.10,-11.10,-10.10,-1.68,7.63,7.10,15.47,15.42,0.00,7.10,7.10,7.10,7.10,1,1
[10:55:39.896][S][sensor]: 'Shelly Active Power L1' >> -933 W
[10:55:40.170][S][sensor]: 'TWC Vitals Current L1' >> 7.10 A
[10:55:40.170][S][sensor]: 'TWC Vitals Current L3' >> 7.10 A
[10:55:40.307][S][sensor]: 'Shelly Time Since Last OK' >> 493 ms
[10:55:40.308][S][sensor]: 'Shelly Active Power L3' >> 1226 W
[10:55:40.476][S][sensor]: 'Shelly Real Current L1' >> 4.27 A
[10:55:40.476][S][sensor]: 'Shelly Active Power L2' >> -856 W
[10:55:40.626][S][sensor]: 'Shelly Real Current L3' >> 5.42 A
[10:55:40.626][S][sensor]: 'TWC Vitals Vehicle Current' >> 7.10 A
[10:55:40.626][S][sensor]: 'Shelly Real Current L2' >> 3.70 A
[10:55:40.637][I][csv:715]: 1548788,AGG,4.27,3.70,5.42,-4.00,-3.00,5.42,7.10,7.10,7.10,-11.10,-10.10,-1.68,7.63,7.10,15.47,15.42,0.00,7.10,7.10,7.10,7.10,1,1
[10:55:40.645][I][csv:715]: 1548793,AGG,4.24,3.70,5.42,-4.00,-3.00,5.42,7.10,7.10,7.10,-11.10,-10.10,-1.68,7.63,7.10,15.47,15.42,0.00,7.10,7.10,7.10,7.10,1,1
[10:55:40.645][I][csv:715]: 1548797,AGG,4.24,3.70,5.42,-4.00,-3.00,5.42,7.10,7.10,7.10,-11.10,-10.10,-1.68,7.63,7.10,15.47,15.42,0.00,7.10,7.10,7.10,7.10,1,1
[10:55:40.656][I][csv:715]: 1548814,AGG,4.24,3.70,5.42,-4.00,-3.00,5.42,7.10,7.10,7.10,-11.10,-10.10,-1.68,7.63,7.10,15.47,15.42,0.00,7.10,7.10,7.10,7.10,1,1
[10:55:40.707][I][csv:715]: 1548865,AGG,4.24,3.70,5.42,-4.00,-3.00,5.42,7.10,7.10,7.10,-11.10,-10.10,-1.68,7.63,7.10,15.47,15.42,0.00,7.10,7.10,7.10,7.10,1,1
[10:55:40.724][I][csv:715]: 1548870,AGG,4.24,3.70,5.43,-4.00,-3.00,5.43,7.10,7.10,7.10,-11.10,-10.10,-1.67,7.62,7.10,15.48,15.43,0.00,7.10,7.10,7.10,7.10,1,1
[10:55:40.766][S][sensor]: 'TWC Time Since Last Poll' >> 82 ms
[10:55:40.807][I][csv:715]: 1548966,AGG,4.24,3.70,5.43,-4.00,-3.00,5.43,7.10,7.10,7.10,-11.10,-10.10,-1.67,7.62,7.10,15.48,15.43,0.00,7.10,7.10,7.10,7.10,1,1
[10:55:41.102][I][vitals:883]: TWC vitals: A=7.10 B=7.10 C=7.10 vehicle=7.10 contactor=closed
[10:55:41.113][S][sensor]: 'TWC Poll Interval' >> 192 ms
[10:55:41.113][S][sensor]: 'TWC Vitals Current L2' >> 7.10 A
[10:55:41.684][I][csv:715]: 1549841,AGG,4.24,3.70,5.43,-4.00,-3.00,5.43,7.10,7.10,7.10,-11.10,-10.10,-1.67,7.62,7.10,15.48,15.43,0.00,7.10,7.10,7.10,7.10,1,1
[10:55:41.688][I][csv:715]: 1549845,AGG,4.05,3.70,5.43,-4.00,-3.00,5.43,7.10,7.10,7.10,-11.10,-10.10,-1.67,7.62,7.10,15.48,15.43,0.00,7.10,7.10,7.10,7.10,1,1
[10:55:41.693][I][csv:715]: 1549848,AGG,4.05,3.70,5.43,-4.00,-3.00,5.43,7.10,7.10,7.10,-11.10,-10.10,-1.67,7.62,7.10,15.48,15.43,0.00,7.10,7.10,7.10,7.10,1,1
[10:55:41.700][I][csv:715]: 1549853,AGG,4.05,3.48,5.43,-4.00,-3.00,5.43,7.10,7.10,7.10,-11.10,-10.10,-1.67,7.62,7.10,15.48,15.43,0.00,7.10,7.10,7.10,7.10,1,1
[10:55:41.716][I][csv:715]: 1549872,AGG,4.05,3.48,5.43,-4.00,-3.00,5.43,7.10,7.10,7.10,-11.10,-10.10,-1.67,7.62,7.10,15.48,15.43,0.00,7.10,7.10,7.10,7.10,1,1
[10:55:41.729][I][csv:715]: 1549885,AGG,4.05,3.48,5.66,-4.00,-3.00,5.66,7.10,7.10,7.10,-11.10,-10.10,-1.44,7.61,7.10,15.49,15.44,0.00,7.10,7.10,7.10,7.10,1,1
[10:55:41.809][I][csv:715]: 1549966,AGG,4.05,3.48,5.66,-4.00,-3.00,5.66,7.10,7.10,7.10,-11.10,-10.10,-1.44,7.55,7.10,15.55,15.50,0.00,7.10,7.10,7.10,7.10,1,1
[10:55:41.901][S][sensor]: 'Shelly Active Power L1' >> -868 W
[10:55:42.170][S][sensor]: 'TWC Vitals Current L1' >> 7.10 A
[10:55:42.170][S][sensor]: 'TWC Vitals Current L3' >> 7.10 A
[10:55:42.311][S][sensor]: 'Shelly Time Since Last OK' >> 474 ms
[10:55:42.311][S][sensor]: 'Shelly Active Power L3' >> 1298 W
[10:55:42.468][S][sensor]: 'Shelly Real Current L1' >> 4.05 A
[10:55:42.468][S][sensor]: 'Shelly Active Power L2' >> -782 W
[10:55:42.633][S][sensor]: 'Shelly Real Current L3' >> 5.66 A
[10:55:42.633][S][sensor]: 'TWC Reported Current L2' >> 15.5 A
[10:55:42.633][S][sensor]: 'TWC Vitals Vehicle Current' >> 7.10 A
[10:55:42.633][S][sensor]: 'Shelly Real Current L2' >> 3.48 A
[10:55:42.651][I][csv:715]: 1550798,AGG,4.05,3.48,5.66,-4.00,-3.00,5.66,7.10,7.10,7.10,-11.10,-10.10,-1.44,7.55,7.10,15.55,15.50,0.00,7.10,7.10,7.10,7.10,1,1
[10:55:42.656][I][csv:715]: 1550801,AGG,3.16,3.48,5.66,-3.00,-3.00,5.66,7.10,7.10,7.10,-10.10,-10.10,-1.44,7.54,7.10,15.56,15.51,0.00,7.10,7.10,7.10,7.10,1,1
[10:55:42.657][I][csv:715]: 1550807,AGG,3.16,3.48,5.66,-3.00,-3.00,5.66,7.10,7.10,7.10,-10.10,-10.10,-1.44,7.54,7.10,15.56,15.51,0.00,7.10,7.10,7.10,7.10,1,1
[10:55:42.666][I][csv:715]: 1550825,AGG,3.16,2.70,5.66,-3.00,-2.00,5.66,7.10,7.10,7.10,-10.10,-9.10,-1.44,7.52,7.10,15.58,15.53,0.00,7.10,7.10,7.10,7.10,1,1
[10:55:42.718][I][csv:715]: 1550876,AGG,3.16,2.70,5.66,-3.00,-2.00,5.66,7.10,7.10,7.10,-10.10,-9.10,-1.44,7.47,7.10,15.63,15.58,0.00,7.10,7.10,7.10,7.10,1,1
[10:55:42.743][I][csv:715]: 1550898,AGG,3.16,2.70,6.64,-3.00,-2.00,6.64,7.10,7.10,7.10,-10.10,-9.10,-0.46,7.45,7.10,15.65,15.60,0.00,7.10,7.10,7.10,7.10,1,1
[10:55:42.759][S][sensor]: 'TWC Time Since Last Poll' >> 18 ms
[10:55:42.807][I][csv:715]: 1550966,AGG,3.16,2.70,6.64,-3.00,-2.00,6.64,7.10,7.10,7.10,-10.10,-9.10,-0.46,7.38,7.10,15.72,15.67,0.00,7.10,7.10,7.10,7.10,1,1
[10:55:43.106][I][vitals:883]: TWC vitals: A=8.00 B=8.10 C=8.10 vehicle=8.10 contactor=closed
[10:55:43.116][S][sensor]: 'TWC Poll Interval' >> 202 ms
[10:55:43.116][S][sensor]: 'TWC Vitals Current L2' >> 7.10 A
[10:55:43.120][E][modbus:456]: Attempted to send while transmission blocked
[10:55:43.731][I][csv:715]: 1551889,AGG,3.16,2.70,6.64,-3.00,-2.00,6.64,8.00,8.10,8.10,-11.00,-10.10,-1.47,7.52,8.10,16.58,16.38,0.00,8.00,8.10,8.10,8.10,1,1
[10:55:43.741][I][csv:715]: 1551893,AGG,3.00,2.70,6.64,-2.00,-2.00,6.64,8.00,8.10,8.10,-10.00,-10.10,-1.47,7.52,8.10,16.58,16.39,0.00,8.00,8.10,8.10,8.10,1,1
[10:55:43.741][I][csv:715]: 1551896,AGG,3.00,2.70,6.64,-2.00,-2.00,6.64,8.00,8.10,8.10,-10.00,-10.10,-1.47,7.51,8.10,16.59,16.39,0.00,8.00,8.10,8.10,8.10,1,1
[10:55:43.748][I][csv:715]: 1551902,AGG,3.00,2.48,6.64,-2.00,-2.00,6.64,8.00,8.10,8.10,-10.00,-10.10,-1.47,7.51,8.10,16.59,16.39,0.00,8.00,8.10,8.10,8.10,1,1
[10:55:43.748][I][csv:715]: 1551905,AGG,3.00,2.48,6.64,-2.00,-2.00,6.64,8.00,8.10,8.10,-10.00,-10.10,-1.47,7.51,8.10,16.59,16.40,0.00,8.00,8.10,8.10,8.10,1,1
[10:55:43.766][I][csv:715]: 1551910,AGG,3.00,2.48,6.87,-2.00,-2.00,6.87,8.00,8.10,8.10,-10.00,-10.10,-1.23,7.50,8.10,16.60,16.40,0.00,8.00,8.10,8.10,8.10,1,1
[10:55:43.807][I][csv:715]: 1551966,AGG,3.00,2.48,6.87,-2.00,-2.00,6.87,8.00,8.10,8.10,-10.00,-10.10,-1.23,7.44,8.10,16.66,16.44,0.00,8.00,8.10,8.10,8.10,1,1
[10:55:43.877][S][sensor]: 'TWC Reported Current L3' >> 16.4 A
[10:55:43.877][S][sensor]: 'Shelly Active Power L1' >> -635 W
[10:55:44.163][S][sensor]: 'TWC Vitals Current L1' >> 8.00 A
[10:55:44.163][S][sensor]: 'TWC Vitals Current L3' >> 8.10 A
[10:55:44.315][S][sensor]: 'Shelly Time Since Last OK' >> 449 ms
[10:55:44.316][S][sensor]: 'Shelly Active Power L3' >> 1593 W
[10:55:44.477][S][sensor]: 'Shelly Real Current L1' >> 3.00 A
[10:55:44.478][S][sensor]: 'Shelly Active Power L2' >> -533 W
[10:55:44.478][S][sensor]: 'TWC Reported Current L1' >> 16.4 A
[10:55:44.634][S][sensor]: 'Shelly Real Current L3' >> 6.87 A
[10:55:44.636][S][sensor]: 'TWC Vitals Vehicle Current' >> 8.10 A
[10:55:44.636][S][sensor]: 'Shelly Real Current L2' >> 2.48 A
[10:55:44.642][I][csv:715]: 1552799,AGG,3.00,2.48,6.87,-2.00,-2.00,6.87,8.00,8.10,8.10,-10.00,-10.10,-1.23,7.11,8.10,16.99,16.69,0.00,8.00,8.10,8.10,8.10,1,1
[10:55:44.658][I][csv:715]: 1552803,AGG,2.26,2.48,6.87,-2.00,-2.00,6.87,8.00,8.10,8.10,-10.00,-10.10,-1.23,7.11,8.10,16.99,16.69,0.00,8.00,8.10,8.10,8.10,1,1
[10:55:44.665][I][csv:715]: 1552824,AGG,2.26,2.48,6.87,-2.00,-2.00,6.87,8.00,8.10,8.10,-10.00,-10.10,-1.23,7.11,8.10,16.99,16.69,0.00,8.00,8.10,8.10,8.10,1,1
[10:55:44.674][I][csv:715]: 1552833,AGG,2.26,1.81,6.87,-2.00,-1.00,6.87,8.00,8.10,8.10,-10.00,-9.10,-1.23,7.10,8.10,17.00,16.70,0.00,8.00,8.10,8.10,8.10,1,1
[10:55:44.728][I][csv:715]: 1552886,AGG,2.26,1.81,6.87,-2.00,-1.00,6.87,8.00,8.10,8.10,-10.00,-9.10,-1.23,7.05,8.10,17.05,16.74,0.00,8.00,8.10,8.10,8.10,1,1
[10:55:44.745][I][csv:715]: 1552904,AGG,2.26,1.81,7.61,-2.00,-1.00,7.61,8.00,8.10,8.10,-10.00,-9.10,-0.49,7.03,8.10,17.07,16.75,0.00,8.00,8.10,8.10,8.10,1,1
[10:55:44.767][S][sensor]: 'TWC Time Since Last Poll' >> 90 ms
[10:55:44.807][I][csv:715]: 1552966,AGG,2.26,1.81,7.61,-2.00,-1.00,7.61,8.00,8.10,8.10,-10.00,-9.10,-0.49,6.97,8.10,17.13,16.80,0.00,8.00,8.10,8.10,8.10,1,1
[10:55:45.105][I][vitals:883]: TWC vitals: A=9.10 B=9.10 C=9.10 vehicle=9.10 contactor=closed
[10:55:45.117][S][sensor]: 'TWC Poll Interval' >> 194 ms
[10:55:45.117][S][sensor]: 'TWC Vitals Current L2' >> 8.10 A
[10:55:45.674][I][csv:715]: 1553833,AGG,2.26,1.81,7.61,-2.00,-1.00,7.61,9.10,9.10,9.10,-11.10,-10.10,-1.49,7.56,9.10,17.54,17.10,0.00,9.10,9.10,9.10,9.10,1,1
[10:55:45.682][I][csv:715]: 1553837,AGG,2.23,1.81,7.61,-2.00,-1.00,7.61,9.10,9.10,9.10,-11.10,-10.10,-1.49,7.56,9.10,17.54,17.10,0.00,9.10,9.10,9.10,9.10,1,1
[10:55:45.686][I][csv:715]: 1553840,AGG,2.23,1.81,7.61,-2.00,-1.00,7.61,9.10,9.10,9.10,-11.10,-10.10,-1.49,7.56,9.10,17.54,17.10,0.00,9.10,9.10,9.10,9.10,1,1
[10:55:45.690][I][csv:715]: 1553849,AGG,2.23,1.71,7.61,-2.00,-1.00,7.61,9.10,9.10,9.10,-11.10,-10.10,-1.49,7.56,9.10,17.54,17.10,0.00,9.10,9.10,9.10,9.10,1,1
[10:55:45.734][I][csv:715]: 1553893,AGG,2.23,1.71,7.61,-2.00,-1.00,7.61,9.10,9.10,9.10,-11.10,-10.10,-1.49,7.56,9.10,17.54,17.10,0.00,9.10,9.10,9.10,9.10,1,1
[10:55:45.751][I][csv:715]: 1553910,AGG,2.23,1.71,7.65,-2.00,-1.00,7.65,9.10,9.10,9.10,-11.10,-10.10,-1.45,7.55,9.10,17.55,17.11,0.00,9.10,9.10,9.10,9.10,1,1
[10:55:45.807][I][csv:715]: 1553966,AGG,2.23,1.71,7.65,-2.00,-1.00,7.65,9.10,9.10,9.10,-11.10,-10.10,-1.45,7.55,9.10,17.55,17.11,0.00,9.10,9.10,9.10,9.10,1,1
[10:55:45.888][S][sensor]: 'Shelly Active Power L1' >> -463 W
[10:55:46.163][S][sensor]: 'TWC Vitals Current L1' >> 9.10 A
[10:55:46.164][S][sensor]: 'TWC Vitals Current L3' >> 9.10 A
[10:55:46.316][S][sensor]: 'Shelly Time Since Last OK' >> 449 ms
[10:55:46.316][S][sensor]: 'Shelly Active Power L3' >> 1765 W
[10:55:46.476][S][sensor]: 'Shelly Real Current L1' >> 2.23 A
[10:55:46.477][S][sensor]: 'Shelly Active Power L2' >> -346 W
[10:55:46.636][S][sensor]: 'Shelly Real Current L3' >> 7.65 A
[10:55:46.636][S][sensor]: 'TWC Vitals Vehicle Current' >> 9.10 A
[10:55:46.636][S][sensor]: 'Shelly Real Current L2' >> 1.71 A
[10:55:46.650][I][csv:715]: 1554807,AGG,2.23,1.71,7.65,-2.00,-1.00,7.65,9.10,9.10,9.10,-11.10,-10.10,-1.45,7.55,9.10,17.55,17.11,0.00,9.10,9.10,9.10,9.10,1,1
[10:55:46.668][I][csv:715]: 1554822,AGG,2.25,1.71,7.65,-2.00,-1.00,7.65,9.10,9.10,9.10,-11.10,-10.10,-1.45,7.55,9.10,17.55,17.11,0.00,9.10,9.10,9.10,9.10,1,1
[10:55:46.680][I][csv:715]: 1554839,AGG,2.25,1.71,7.65,-2.00,-1.00,7.65,9.10,9.10,9.10,-11.10,-10.10,-1.45,7.55,9.10,17.55,17.11,0.00,9.10,9.10,9.10,9.10,1,1
[10:55:46.694][I][csv:715]: 1554851,AGG,2.25,1.75,7.65,-2.00,-1.00,7.65,9.10,9.10,9.10,-11.10,-10.10,-1.45,7.55,9.10,17.55,17.11,0.00,9.10,9.10,9.10,9.10,1,1
[10:55:46.748][I][csv:715]: 1554903,AGG,2.25,1.75,7.65,-2.00,-1.00,7.65,9.10,9.10,9.10,-11.10,-10.10,-1.45,7.55,9.10,17.55,17.11,0.00,9.10,9.10,9.10,9.10,1,1
[10:55:46.766][S][sensor]: 'TWC Time Since Last Poll' >> 38 ms
[10:55:46.773][I][csv:715]: 1554928,AGG,2.25,1.75,7.63,-2.00,-1.00,7.63,9.10,9.10,9.10,-11.10,-10.10,-1.47,7.56,9.10,17.54,17.11,0.00,9.10,9.10,9.10,9.10,1,1
[10:55:46.810][I][csv:715]: 1554966,AGG,2.25,1.75,7.63,-2.00,-1.00,7.63,9.10,9.10,9.10,-11.10,-10.10,-1.47,7.56,9.10,17.54,17.11,0.00,9.10,9.10,9.10,9.10,1,1
[10:55:47.108][I][vitals:883]: TWC vitals: A=8.30 B=8.30 C=8.30 vehicle=8.10 contactor=closed
[10:55:47.123][S][sensor]: 'TWC Poll Interval' >> 190 ms
[10:55:47.123][S][sensor]: 'TWC Vitals Current L2' >> 9.10 A
[10:55:47.643][S][sensor]: 'TWC Reported Current L2' >> 17.1 A
[10:55:47.658][I][csv:715]: 1555815,AGG,2.25,1.75,7.63,-2.00,-1.00,7.63,8.30,8.30,8.30,-10.30,-9.30,-0.67,6.76,8.30,17.54,17.11,0.00,8.30,8.30,8.30,8.10,1,1
[10:55:47.673][I][csv:715]: 1555831,AGG,3.16,1.75,7.63,-3.00,-1.00,7.63,8.30,8.30,8.30,-11.30,-9.30,-0.67,6.77,8.30,17.53,17.10,0.00,8.30,8.30,8.30,8.10,1,1
[10:55:47.693][I][csv:715]: 1555850,AGG,3.16,1.75,7.63,-3.00,-1.00,7.63,8.30,8.30,8.30,-11.30,-9.30,-0.67,6.79,8.30,17.51,17.08,0.00,8.30,8.30,8.30,8.10,1,1
[10:55:47.703][I][csv:715]: 1555859,AGG,3.16,2.65,7.63,-3.00,-2.00,7.63,8.30,8.30,8.30,-11.30,-10.30,-0.67,6.80,8.30,17.50,17.07,0.00,8.30,8.30,8.30,8.10,1,1
[10:55:47.744][I][csv:715]: 1555903,AGG,3.16,2.65,7.63,-3.00,-2.00,7.63,8.30,8.30,8.30,-11.30,-10.30,-0.67,6.84,8.30,17.46,17.04,0.00,8.30,8.30,8.30,8.10,1,1
[10:55:47.771][I][csv:715]: 1555930,AGG,3.16,2.65,6.68,-3.00,-2.00,6.68,8.30,8.30,8.30,-11.30,-10.30,-1.62,6.87,8.30,17.43,17.02,0.00,8.30,8.30,8.30,8.10,1,1
[10:55:47.812][I][csv:715]: 1555966,AGG,3.16,2.65,6.68,-3.00,-2.00,6.68,8.30,8.30,8.30,-11.30,-10.30,-1.62,6.91,8.30,17.39,16.99,0.00,8.30,8.30,8.30,8.10,1,1
[10:55:47.891][S][sensor]: 'Shelly Active Power L1' >> -693 W
[10:55:48.170][S][sensor]: 'TWC Vitals Current L1' >> 8.30 A
[10:55:48.171][S][sensor]: 'TWC Vitals Current L3' >> 8.30 A
[10:55:48.311][S][sensor]: 'Shelly Time Since Last OK' >> 429 ms
[10:55:48.311][S][sensor]: 'Shelly Active Power L3' >> 1540 W
[10:55:48.472][S][sensor]: 'Shelly Real Current L1' >> 3.16 A
[10:55:48.472][S][sensor]: 'Shelly Active Power L2' >> -591 W
[10:55:48.632][S][sensor]: 'Shelly Real Current L3' >> 6.68 A
[10:55:48.633][S][sensor]: 'TWC Vitals Vehicle Current' >> 8.10 A
[10:55:48.633][S][sensor]: 'Shelly Real Current L2' >> 2.65 A
[10:55:48.669][I][csv:715]: 1556827,AGG,3.16,2.65,6.68,-3.00,-2.00,6.68,8.30,8.30,8.30,-11.30,-10.30,-1.62,7.74,8.30,16.56,16.37,0.00,8.30,8.30,8.30,8.10,1,1
[10:55:48.677][I][csv:715]: 1556837,AGG,4.09,2.65,6.68,-4.00,-2.00,6.68,8.30,8.30,8.30,-12.30,-10.30,-1.62,7.75,8.30,16.55,16.36,0.00,8.30,8.30,8.30,8.10,1,1
[10:55:48.692][I][csv:715]: 1556849,AGG,4.09,2.65,6.68,-4.00,-2.00,6.68,8.30,8.30,8.30,-12.30,-10.30,-1.62,7.76,8.30,16.54,16.35,0.00,8.30,8.30,8.30,8.10,1,1
[10:55:48.704][I][csv:715]: 1556863,AGG,4.09,3.61,6.68,-4.00,-3.00,6.68,8.30,8.30,8.30,-12.30,-11.30,-1.62,7.77,8.30,16.53,16.34,0.00,8.30,8.30,8.30,8.10,1,1
[10:55:48.754][I][csv:715]: 1556910,AGG,4.09,3.61,6.68,-4.00,-3.00,6.68,8.30,8.30,8.30,-12.30,-11.30,-1.62,7.82,8.30,16.48,16.31,0.00,8.30,8.30,8.30,8.10,1,1
[10:55:48.771][S][sensor]: 'TWC Time Since Last Poll' >> 104 ms
[10:55:48.771][S][sensor]: 'TWC Reported Current L3' >> 16.3 A
[10:55:48.777][I][csv:715]: 1556936,AGG,4.09,3.61,5.70,-4.00,-3.00,5.70,8.30,8.30,8.30,-12.30,-11.30,-2.60,7.85,8.30,16.45,16.29,0.00,8.30,8.30,8.30,8.10,1,1
[10:55:48.807][I][csv:715]: 1556966,AGG,4.09,3.61,5.70,-4.00,-3.00,5.70,8.30,8.30,8.30,-12.30,-11.30,-2.60,7.88,8.30,16.42,16.27,0.00,8.30,8.30,8.30,8.10,1,1
[10:55:49.107][I][vitals:883]: TWC vitals: A=7.10 B=7.10 C=7.10 vehicle=7.10 contactor=closed
[10:55:49.115][S][sensor]: 'TWC Poll Interval' >> 195 ms
[10:55:49.115][S][sensor]: 'TWC Vitals Current L2' >> 8.30 A
[10:55:49.554][S][sensor]: 'TWC Reported Current L1' >> 16.3 A
[10:55:49.773][I][csv:715]: 1557931,AGG,4.09,3.61,5.70,-4.00,-3.00,5.70,7.10,7.10,7.10,-11.10,-10.10,-1.40,7.53,7.10,15.57,15.52,0.00,7.10,7.10,7.10,7.10,1,1
[10:55:49.783][I][csv:715]: 1557935,AGG,4.15,3.61,5.70,-4.00,-3.00,5.70,7.10,7.10,7.10,-11.10,-10.10,-1.40,7.53,7.10,15.57,15.52,0.00,7.10,7.10,7.10,7.10,1,1
[10:55:49.783][I][csv:715]: 1557938,AGG,4.15,3.61,5.70,-4.00,-3.00,5.70,7.10,7.10,7.10,-11.10,-10.10,-1.40,7.53,7.10,15.57,15.52,0.00,7.10,7.10,7.10,7.10,1,1
[10:55:49.783][I][csv:715]: 1557941,AGG,4.15,3.62,5.70,-4.00,-3.00,5.70,7.10,7.10,7.10,-11.10,-10.10,-1.40,7.53,7.10,15.57,15.52,0.00,7.10,7.10,7.10,7.10,1,1
[10:55:49.793][I][csv:715]: 1557946,AGG,4.15,3.62,5.70,-4.00,-3.00,5.70,7.10,7.10,7.10,-11.10,-10.10,-1.40,7.53,7.10,15.57,15.52,0.00,7.10,7.10,7.10,7.10,1,1
[10:55:49.800][I][csv:715]: 1557956,AGG,4.15,3.62,5.64,-4.00,-3.00,5.64,7.10,7.10,7.10,-11.10,-10.10,-1.46,7.54,7.10,15.56,15.51,0.00,7.10,7.10,7.10,7.10,1,1
[10:55:49.807][I][csv:715]: 1557966,AGG,4.15,3.62,5.64,-4.00,-3.00,5.64,7.10,7.10,7.10,-11.10,-10.10,-1.46,7.55,7.10,15.55,15.50,0.00,7.10,7.10,7.10,7.10,1,1
[10:55:49.902][S][sensor]: 'Shelly Active Power L1' >> -920 W
[10:55:50.169][S][sensor]: 'TWC Vitals Current L1' >> 7.10 A
[10:55:50.169][S][sensor]: 'TWC Vitals Current L3' >> 7.10 A
[10:55:50.318][S][sensor]: 'Shelly Time Since Last OK' >> 403 ms
[10:55:50.319][S][sensor]: 'Shelly Active Power L3' >> 1298 W
[10:55:50.467][S][sensor]: 'Shelly Real Current L1' >> 4.15 A
[10:55:50.468][S][sensor]: 'Shelly Active Power L2' >> -829 W
[10:55:50.619][S][sensor]: 'Shelly Real Current L3' >> 5.64 A
[10:55:50.620][S][sensor]: 'TWC Vitals Vehicle Current' >> 7.10 A
[10:55:50.620][S][sensor]: 'Shelly Real Current L2' >> 3.62 A
[10:55:50.767][S][sensor]: 'TWC Time Since Last Poll' >> 37 ms
[10:55:50.776][I][csv:715]: 1558934,AGG,4.15,3.62,5.64,-4.00,-3.00,5.64,7.10,7.10,7.10,-11.10,-10.10,-1.46,7.55,7.10,15.55,15.50,0.00,7.10,7.10,7.10,7.10,1,1
[10:55:50.781][I][csv:715]: 1558938,AGG,4.13,3.62,5.64,-4.00,-3.00,5.64,7.10,7.10,7.10,-11.10,-10.10,-1.46,7.55,7.10,15.55,15.50,0.00,7.10,7.10,7.10,7.10,1,1
[10:55:50.787][I][csv:715]: 1558944,AGG,4.13,3.62,5.64,-4.00,-3.00,5.64,7.10,7.10,7.10,-11.10,-10.10,-1.46,7.55,7.10,15.55,15.50,0.00,7.10,7.10,7.10,7.10,1,1
[10:55:50.795][I][csv:715]: 1558949,AGG,4.13,3.62,5.64,-4.00,-3.00,5.64,7.10,7.10,7.10,-11.10,-10.10,-1.46,7.55,7.10,15.55,15.50,0.00,7.10,7.10,7.10,7.10,1,1
[10:55:50.799][I][csv:715]: 1558955,AGG,4.13,3.62,5.66,-4.00,-3.00,5.66,7.10,7.10,7.10,-11.10,-10.10,-1.44,7.55,7.10,15.55,15.50,0.00,7.10,7.10,7.10,7.10,1,1
[10:55:50.807][I][csv:715]: 1558966,AGG,4.13,3.62,5.66,-4.00,-3.00,5.66,7.10,7.10,7.10,-11.10,-10.10,-1.44,7.55,7.10,15.55,15.50,0.00,7.10,7.10,7.10,7.10,1,1
[10:55:51.109][I][vitals:883]: TWC vitals: A=7.00 B=7.10 C=7.10 vehicle=7.10 contactor=closed
[10:55:51.116][S][sensor]: 'TWC Poll Interval' >> 200 ms
[10:55:51.117][S][sensor]: 'TWC Vitals Current L2' >> 7.10 A
[10:55:51.718][I][csv:715]: 1559876,AGG,4.13,3.62,5.66,-4.00,-3.00,5.66,7.00,7.10,7.10,-11.00,-10.10,-1.44,7.51,7.10,15.59,15.54,0.00,7.00,7.10,7.10,7.10,1,1
[10:55:51.728][I][csv:715]: 1559880,AGG,3.93,3.62,5.66,-3.00,-3.00,5.66,7.00,7.10,7.10,-10.00,-10.10,-1.44,7.51,7.10,15.59,15.54,0.00,7.00,7.10,7.10,7.10,1,1
[10:55:51.728][I][csv:715]: 1559883,AGG,3.93,3.62,5.66,-3.00,-3.00,5.66,7.00,7.10,7.10,-10.00,-10.10,-1.44,7.51,7.10,15.59,15.54,0.00,7.00,7.10,7.10,7.10,1,1
[10:55:51.728][I][csv:715]: 1559886,AGG,3.93,3.39,5.66,-3.00,-3.00,5.66,7.00,7.10,7.10,-10.00,-10.10,-1.44,7.51,7.10,15.59,15.54,0.00,7.00,7.10,7.10,7.10,1,1
[10:55:51.776][I][csv:715]: 1559934,AGG,3.93,3.39,5.66,-3.00,-3.00,5.66,7.00,7.10,7.10,-10.00,-10.10,-1.44,7.46,7.10,15.64,15.59,0.00,7.00,7.10,7.10,7.10,1,1
[10:55:51.792][I][csv:715]: 1559951,AGG,3.93,3.39,5.89,-3.00,-3.00,5.89,7.00,7.10,7.10,-10.00,-10.10,-1.20,7.44,7.10,15.66,15.61,0.00,7.00,7.10,7.10,7.10,1,1
[10:55:51.807][I][csv:715]: 1559966,AGG,3.93,3.39,5.89,-3.00,-3.00,5.89,7.00,7.10,7.10,-10.00,-10.10,-1.20,7.43,7.10,15.67,15.62,0.00,7.00,7.10,7.10,7.10,1,1
[10:55:51.897][S][sensor]: 'Shelly Active Power L1' >> -860 W
[10:55:52.170][S][sensor]: 'TWC Vitals Current L1' >> 7.00 A
[10:55:52.171][S][sensor]: 'TWC Vitals Current L3' >> 7.10 A
[10:55:52.317][S][sensor]: 'Shelly Time Since Last OK' >> 408 ms
[10:55:52.317][S][sensor]: 'Shelly Active Power L3' >> 1362 W
[10:55:52.481][S][sensor]: 'Shelly Real Current L1' >> 3.93 A
[10:55:52.481][S][sensor]: 'Shelly Active Power L2' >> -764 W
[10:55:52.631][S][sensor]: 'Shelly Real Current L3' >> 5.89 A
[10:55:52.631][S][sensor]: 'TWC Reported Current L2' >> 15.6 A
[10:55:52.631][S][sensor]: 'TWC Vitals Vehicle Current' >> 7.10 A
[10:55:52.631][S][sensor]: 'Shelly Real Current L2' >> 3.39 A
[10:55:52.742][I][csv:715]: 1560900,AGG,3.93,3.39,5.89,-3.00,-3.00,5.89,7.00,7.10,7.10,-10.00,-10.10,-1.20,7.10,7.10,16.00,15.95,0.00,7.00,7.10,7.10,7.10,1,1
[10:55:52.747][I][csv:715]: 1560904,AGG,3.20,3.39,5.89,-3.00,-3.00,5.89,7.00,7.10,7.10,-10.00,-10.10,-1.20,7.10,7.10,16.00,15.95,0.00,7.00,7.10,7.10,7.10,1,1
[10:55:52.753][I][csv:715]: 1560909,AGG,3.20,3.39,5.89,-3.00,-3.00,5.89,7.00,7.10,7.10,-10.00,-10.10,-1.20,7.10,7.10,16.00,15.95,0.00,7.00,7.10,7.10,7.10,1,1
[10:55:52.755][I][csv:715]: 1560912,AGG,3.20,2.69,5.89,-3.00,-2.00,5.89,7.00,7.10,7.10,-10.00,-9.10,-1.20,7.10,7.10,16.00,16.05,0.00,7.00,7.10,7.10,7.10,1,1
[10:55:52.768][S][sensor]: 'TWC Time Since Last Poll' >> 75 ms
[10:55:52.788][I][csv:715]: 1560946,AGG,3.20,2.69,5.89,-3.00,-2.00,5.89,7.00,7.10,7.10,-10.00,-9.10,-1.20,7.06,7.10,16.04,16.05,0.00,7.00,7.10,7.10,7.10,1,1
[10:55:52.800][I][csv:715]: 1560958,AGG,3.20,2.69,6.60,-3.00,-2.00,6.60,7.00,7.10,7.10,-10.00,-9.10,-0.50,7.05,7.10,16.05,16.05,0.00,7.00,7.10,7.10,7.10,1,1
[10:55:52.808][I][csv:715]: 1560966,AGG,3.20,2.69,6.60,-3.00,-2.00,6.60,7.00,7.10,7.10,-10.00,-9.10,-0.50,7.04,7.10,16.06,16.05,0.00,7.00,7.10,7.10,7.10,1,1
[10:55:53.115][I][vitals:883]: TWC vitals: A=8.10 B=8.10 C=8.10 vehicle=8.10 contactor=closed
[10:55:53.124][S][sensor]: 'TWC Poll Interval' >> 188 ms
[10:55:53.125][S][sensor]: 'TWC Vitals Current L2' >> 7.10 A
[10:55:53.765][I][csv:715]: 1561924,AGG,3.20,2.69,6.60,-3.00,-2.00,6.60,8.10,8.10,8.10,-11.10,-10.10,-1.50,7.57,8.10,16.53,16.35,0.00,8.10,8.10,8.10,8.10,1,1
[10:55:53.772][I][csv:715]: 1561928,AGG,2.97,2.69,6.60,-2.00,-2.00,6.60,8.10,8.10,8.10,-10.10,-10.10,-1.50,7.56,8.10,16.54,16.35,0.00,8.10,8.10,8.10,8.10,1,1
[10:55:53.789][I][csv:715]: 1561933,AGG,2.97,2.69,6.60,-2.00,-2.00,6.60,8.10,8.10,8.10,-10.10,-10.10,-1.50,7.56,8.10,16.54,16.36,0.00,8.10,8.10,8.10,8.10,1,1
[10:55:53.789][I][csv:715]: 1561936,AGG,2.97,2.45,6.60,-2.00,-2.00,6.60,8.10,8.10,8.10,-10.10,-10.10,-1.50,7.56,8.10,16.54,16.36,0.00,8.10,8.10,8.10,8.10,1,1
[10:55:53.796][I][csv:715]: 1561953,AGG,2.97,2.45,6.60,-2.00,-2.00,6.60,8.10,8.10,8.10,-10.10,-10.10,-1.50,7.54,8.10,16.56,16.37,0.00,8.10,8.10,8.10,8.10,1,1
[10:55:53.806][I][csv:715]: 1561965,AGG,2.97,2.45,6.86,-2.00,-2.00,6.86,8.10,8.10,8.10,-10.10,-10.10,-1.24,7.53,8.10,16.57,16.38,0.00,8.10,8.10,8.10,8.10,1,1
[10:55:53.813][I][csv:715]: 1561968,AGG,2.97,2.45,6.86,-2.00,-2.00,6.86,8.10,8.10,8.10,-10.10,-10.10,-1.24,7.52,8.10,16.58,16.38,0.00,8.10,8.10,8.10,8.10,1,1
[10:55:53.888][S][sensor]: 'TWC Reported Current L3' >> 16.4 A
[10:55:53.888][S][sensor]: 'Shelly Active Power L1' >> -634 W
[10:55:54.160][S][sensor]: 'TWC Vitals Current L1' >> 8.10 A
[10:55:54.160][S][sensor]: 'TWC Vitals Current L3' >> 8.10 A
[10:55:54.304][S][sensor]: 'Shelly Time Since Last OK' >> 394 ms
[10:55:54.304][S][sensor]: 'Shelly Active Power L3' >> 1595 W
[10:55:54.484][S][sensor]: 'Shelly Real Current L1' >> 2.97 A
[10:55:54.484][S][sensor]: 'Shelly Active Power L2' >> -530 W
[10:55:54.484][S][sensor]: 'TWC Reported Current L1' >> 16.4 A
[10:55:54.631][S][sensor]: 'Shelly Real Current L3' >> 6.86 A
[10:55:54.632][S][sensor]: 'TWC Vitals Vehicle Current' >> 8.10 A
[10:55:54.632][S][sensor]: 'Shelly Real Current L2' >> 2.45 A
[10:55:54.762][S][sensor]: 'TWC Time Since Last Poll' >> 43 ms
[10:55:54.769][I][csv:715]: 1562926,AGG,2.97,2.45,6.86,-2.00,-2.00,6.86,8.10,8.10,8.10,-10.10,-10.10,-1.24,7.15,8.10,16.95,16.66,0.00,8.10,8.10,8.10,8.10,1,1
[10:55:54.778][I][csv:715]: 1562931,AGG,3.14,2.45,6.86,-3.00,-2.00,6.86,8.10,8.10,8.10,-11.10,-10.10,-1.24,7.15,8.10,16.95,16.66,0.00,8.10,8.10,8.10,8.10,1,1
[10:55:54.788][I][csv:715]: 1562937,AGG,3.14,2.45,6.86,-3.00,-2.00,6.86,8.10,8.10,8.10,-11.10,-10.10,-1.24,7.16,8.10,16.94,16.66,0.00,8.10,8.10,8.10,8.10,1,1
[10:55:54.788][I][csv:715]: 1562940,AGG,3.14,2.65,6.86,-3.00,-2.00,6.86,8.10,8.10,8.10,-11.10,-10.10,-1.24,7.16,8.10,16.94,16.65,0.00,8.10,8.10,8.10,8.10,1,1
[10:55:54.800][I][csv:715]: 1562959,AGG,3.14,2.65,6.86,-3.00,-2.00,6.86,8.10,8.10,8.10,-11.10,-10.10,-1.24,7.18,8.10,16.92,16.64,0.00,8.10,8.10,8.10,8.10,1,1
[10:55:54.811][I][csv:715]: 1562968,AGG,3.14,2.65,6.86,-3.00,-2.00,6.86,8.10,8.10,8.10,-11.10,-10.10,-1.24,7.19,8.10,16.91,16.63,0.00,8.10,8.10,8.10,8.10,1,1
[10:55:54.820][I][csv:715]: 1562977,AGG,3.14,2.65,6.67,-3.00,-2.00,6.67,8.10,8.10,8.10,-11.10,-10.10,-1.43,7.20,8.10,16.90,16.63,0.00,8.10,8.10,8.10,8.10,1,1
[10:55:55.109][I][vitals:883]: TWC vitals: A=8.10 B=8.10 C=8.10 vehicle=8.10 contactor=closed
[10:55:55.132][S][sensor]: 'TWC Poll Interval' >> 195 ms
[10:55:55.132][S][sensor]: 'TWC Vitals Current L2' >> 8.10 A
[10:55:55.701][S][sensor]: 'TWC Control WiFi Signal' >> -24 dBm
[10:55:55.750][I][csv:715]: 1563869,AGG,3.14,2.65,6.67,-3.00,-2.00,6.67,8.10,8.10,8.10,-11.10,-10.10,-1.43,7.54,8.10,16.56,16.37,0.00,8.10,8.10,8.10,8.10,1,1
[10:55:55.750][I][csv:715]: 1563878,AGG,2.88,2.65,6.67,-2.00,-2.00,6.67,8.10,8.10,8.10,-10.10,-10.10,-1.43,7.53,8.10,16.57,16.37,0.00,8.10,8.10,8.10,8.10,1,1
[10:55:55.750][I][csv:715]: 1563892,AGG,2.88,2.65,6.67,-2.00,-2.00,6.67,8.10,8.10,8.10,-10.10,-10.10,-1.43,7.52,8.10,16.58,16.38,0.00,8.10,8.10,8.10,8.10,1,1
[10:55:55.750][I][csv:715]: 1563907,AGG,2.88,2.37,6.67,-2.00,-2.00,6.67,8.10,8.10,8.10,-10.10,-10.10,-1.43,7.51,8.10,16.59,16.40,0.00,8.10,8.10,8.10,8.10,1,1
[10:55:55.812][I][csv:715]: 1563969,AGG,2.88,2.37,6.67,-2.00,-2.00,6.67,8.10,8.10,8.10,-10.10,-10.10,-1.43,7.44,8.10,16.66,16.44,0.00,8.10,8.10,8.10,8.10,1,1
[10:55:55.817][I][csv:715]: 1563972,AGG,2.88,2.37,6.67,-2.00,-2.00,6.67,8.10,8.10,8.10,-10.10,-10.10,-1.43,7.44,8.10,16.66,16.44,0.00,8.10,8.10,8.10,8.10,1,1
[10:55:55.821][I][csv:715]: 1563978,AGG,2.88,2.37,6.95,-2.00,-2.00,6.95,8.10,8.10,8.10,-10.10,-10.10,-1.16,7.43,8.10,16.67,16.45,0.00,8.10,8.10,8.10,8.10,1,1
[10:55:55.904][S][sensor]: 'Shelly Active Power L1' >> -620 W
[10:55:56.174][S][sensor]: 'TWC Vitals Current L1' >> 8.10 A
[10:55:56.175][S][sensor]: 'TWC Vitals Current L3' >> 8.10 A
[10:55:56.305][S][sensor]: 'Shelly Time Since Last OK' >> 381 ms
[10:55:56.305][S][sensor]: 'Shelly Active Power L3' >> 1603 W
[10:55:56.472][S][sensor]: 'Shelly Real Current L1' >> 2.88 A
[10:55:56.472][S][sensor]: 'Shelly Active Power L2' >> -514 W
[10:55:56.629][S][sensor]: 'Shelly Real Current L3' >> 6.95 A
[10:55:56.629][S][sensor]: 'TWC Vitals Vehicle Current' >> 8.10 A
[10:55:56.629][S][sensor]: 'Shelly Real Current L2' >> 2.37 A
[10:55:56.629][S][sensor]: 'TWC Control Uptime' >> 1565 s
[10:55:56.759][S][sensor]: 'TWC Time Since Last Poll' >> 60 ms
[10:55:56.768][I][csv:715]: 1564923,AGG,2.88,2.37,6.95,-2.00,-2.00,6.95,8.10,8.10,8.10,-10.10,-10.10,-1.16,7.12,8.10,16.98,16.69,0.00,8.10,8.10,8.10,8.10,1,1
[10:55:56.776][I][csv:715]: 1564926,AGG,2.68,2.37,6.95,-2.00,-2.00,6.95,8.10,8.10,8.10,-10.10,-10.10,-1.16,7.12,8.10,16.98,16.69,0.00,8.10,8.10,8.10,8.10,1,1
[10:55:56.776][I][csv:715]: 1564932,AGG,2.68,2.37,6.95,-2.00,-2.00,6.95,8.10,8.10,8.10,-10.10,-10.10,-1.16,7.12,8.10,16.98,16.69,0.00,8.10,8.10,8.10,8.10,1,1
[10:55:56.776][I][csv:715]: 1564934,AGG,2.68,2.25,6.95,-2.00,-2.00,6.95,8.10,8.10,8.10,-10.10,-10.10,-1.16,7.12,8.10,16.98,16.69,0.00,8.10,8.10,8.10,8.10,1,1
[10:55:56.812][I][csv:715]: 1564970,AGG,2.68,2.25,6.95,-2.00,-2.00,6.95,8.10,8.10,8.10,-10.10,-10.10,-1.16,7.12,8.10,16.98,16.69,0.00,8.10,8.10,8.10,8.10,1,1
[10:55:56.820][I][csv:715]: 1564974,AGG,2.68,2.25,6.95,-2.00,-2.00,6.95,8.10,8.10,8.10,-10.10,-10.10,-1.16,7.12,8.10,16.98,16.69,0.00,8.10,8.10,8.10,8.10,1,1
[10:55:56.825][I][csv:715]: 1564982,AGG,2.68,2.25,7.17,-2.00,-2.00,7.17,8.10,8.10,8.10,-10.10,-10.10,-0.93,7.11,8.10,16.99,16.69,0.00,8.10,8.10,8.10,8.10,1,1
[10:55:57.108][I][vitals:883]: TWC vitals: A=8.00 B=8.00 C=8.10 vehicle=8.10 contactor=closed
[10:55:57.120][S][sensor]: 'TWC Vitals Current L2' >> 8.10 A
[10:55:57.120][S][sensor]: 'TWC Poll Interval' >> 195 ms
[10:55:57.635][S][sensor]: 'TWC Reported Current L2' >> 16.7 A
[10:55:57.760][I][csv:715]: 1565918,AGG,2.68,2.25,7.17,-2.00,-2.00,7.17,8.00,8.00,8.10,-10.00,-10.00,-0.93,6.98,8.10,17.12,16.79,0.00,8.00,8.00,8.10,8.10,1,1
[10:55:57.764][I][csv:715]: 1565922,AGG,2.78,2.25,7.17,-2.00,-2.00,7.17,8.00,8.00,8.10,-10.00,-10.00,-0.93,6.98,8.10,17.12,16.79,0.00,8.00,8.00,8.10,8.10,1,1
[10:55:57.770][I][csv:715]: 1565927,AGG,2.78,2.25,7.17,-2.00,-2.00,7.17,8.00,8.00,8.10,-10.00,-10.00,-0.93,6.98,8.10,17.12,16.79,0.00,8.00,8.00,8.10,8.10,1,1
[10:55:57.776][I][csv:715]: 1565931,AGG,2.78,2.28,7.17,-2.00,-2.00,7.17,8.00,8.00,8.10,-10.00,-10.00,-0.93,6.98,8.10,17.12,16.79,0.00,8.00,8.00,8.10,8.10,1,1
[10:55:57.816][I][csv:715]: 1565974,AGG,2.78,2.28,7.17,-2.00,-2.00,7.17,8.00,8.00,8.10,-10.00,-10.00,-0.93,6.98,8.10,17.12,16.79,0.00,8.00,8.00,8.10,8.10,1,1
[10:55:57.822][I][csv:715]: 1565979,AGG,2.78,2.28,7.17,-2.00,-2.00,7.17,8.00,8.00,8.10,-10.00,-10.00,-0.93,6.98,8.10,17.12,16.79,0.00,8.00,8.00,8.10,8.10,1,1
[10:55:57.830][I][csv:715]: 1565988,AGG,2.78,2.28,7.09,-2.00,-2.00,7.09,8.00,8.00,8.10,-10.00,-10.00,-1.01,6.98,8.10,17.12,16.79,0.00,8.00,8.00,8.10,8.10,1,1
[10:55:57.903][S][sensor]: 'Shelly Active Power L1' >> -600 W
[10:55:58.170][S][sensor]: 'TWC Vitals Current L1' >> 8.00 A
[10:55:58.170][S][sensor]: 'TWC Vitals Current L3' >> 8.10 A
[10:55:58.302][S][sensor]: 'Shelly Time Since Last OK' >> 371 ms
[10:55:58.302][S][sensor]: 'Shelly Active Power L3' >> 1631 W
[10:55:58.484][S][sensor]: 'Shelly Real Current L1' >> 2.78 A
[10:55:58.484][S][sensor]: 'Shelly Active Power L2' >> -499 W
[10:55:58.630][S][sensor]: 'Shelly Real Current L3' >> 7.09 A
[10:55:58.630][S][sensor]: 'TWC Vitals Vehicle Current' >> 8.10 A
[10:55:58.630][S][sensor]: 'Shelly Real Current L2' >> 2.28 A
[10:55:58.756][S][sensor]: 'TWC Time Since Last Poll' >> 125 ms
[10:55:58.777][I][csv:715]: 1566932,AGG,2.78,2.28,7.09,-2.00,-2.00,7.09,8.00,8.00,8.10,-10.00,-10.00,-1.01,7.00,8.10,17.10,16.77,0.00,8.00,8.00,8.10,8.10,1,1
[10:55:58.782][I][csv:715]: 1566938,AGG,2.87,2.28,7.09,-2.00,-2.00,7.09,8.00,8.00,8.10,-10.00,-10.00,-1.01,7.00,8.10,17.10,16.77,0.00,8.00,8.00,8.10,8.10,1,1
[10:55:58.786][I][csv:715]: 1566944,AGG,2.87,2.28,7.09,-2.00,-2.00,7.09,8.00,8.00,8.10,-10.00,-10.00,-1.01,7.00,8.10,17.10,16.77,0.00,8.00,8.00,8.10,8.10,1,1
[10:55:58.790][I][csv:715]: 1566949,AGG,2.87,2.36,7.09,-2.00,-2.00,7.09,8.00,8.00,8.10,-10.00,-10.00,-1.01,7.00,8.10,17.10,16.77,0.00,8.00,8.00,8.10,8.10,1,1
[10:55:58.815][I][csv:715]: 1566974,AGG,2.87,2.36,7.09,-2.00,-2.00,7.09,8.00,8.00,8.10,-10.00,-10.00,-1.01,7.00,8.10,17.10,16.77,0.00,8.00,8.00,8.10,8.10,1,1
[10:55:58.823][I][csv:715]: 1566982,AGG,2.87,2.36,7.09,-2.00,-2.00,7.09,8.00,8.00,8.10,-10.00,-10.00,-1.01,7.00,8.10,17.10,16.77,0.00,8.00,8.00,8.10,8.10,1,1
[10:55:58.837][I][csv:715]: 1566992,AGG,2.87,2.36,6.97,-2.00,-2.00,6.97,8.00,8.00,8.10,-10.00,-10.00,-1.14,7.01,8.10,17.09,16.76,0.00,8.00,8.00,8.10,8.10,1,1
[10:55:59.110][I][vitals:883]: TWC vitals: A=8.00 B=8.10 C=8.10 vehicle=8.10 contactor=closed
[10:55:59.124][S][sensor]: 'TWC Reported Current L3' >> 16.8 A
[10:55:59.124][S][sensor]: 'TWC Poll Interval' >> 194 ms
[10:55:59.124][S][sensor]: 'TWC Vitals Current L2' >> 8.00 A
[10:55:59.552][S][sensor]: 'TWC Reported Current L1' >> 16.8 A
[10:55:59.808][I][csv:715]: 1567966,AGG,2.87,2.36,6.97,-2.00,-2.00,6.97,8.00,8.10,8.10,-10.00,-10.10,-1.14,7.08,8.10,17.02,16.72,0.00,8.00,8.10,8.10,8.10,1,1
[10:55:59.814][I][csv:715]: 1567970,AGG,3.02,2.36,6.97,-3.00,-2.00,6.97,8.00,8.10,8.10,-11.00,-10.10,-1.14,7.08,8.10,17.02,16.71,0.00,8.00,8.10,8.10,8.10,1,1
[10:55:59.820][I][csv:715]: 1567973,AGG,3.02,2.36,6.97,-3.00,-2.00,6.97,8.00,8.10,8.10,-11.00,-10.10,-1.14,7.09,8.10,17.01,16.71,0.00,8.00,8.10,8.10,8.10,1,1
[10:55:59.823][I][csv:715]: 1567978,AGG,3.02,2.52,6.97,-3.00,-2.00,6.97,8.00,8.10,8.10,-11.00,-10.10,-1.14,7.09,8.10,17.01,16.71,0.00,8.00,8.10,8.10,8.10,1,1
[10:55:59.828][I][csv:715]: 1567984,AGG,3.02,2.52,6.97,-3.00,-2.00,6.97,8.00,8.10,8.10,-11.00,-10.10,-1.14,7.10,8.10,17.00,16.70,0.00,8.00,8.10,8.10,8.10,1,1
[10:55:59.840][I][csv:715]: 1567991,AGG,3.02,2.52,6.97,-3.00,-2.00,6.97,8.00,8.10,8.10,-11.00,-10.10,-1.14,7.10,8.10,17.00,16.70,0.00,8.00,8.10,8.10,8.10,1,1
[10:55:59.852][I][csv:715]: 1568009,AGG,3.02,2.52,6.78,-3.00,-2.00,6.78,8.00,8.10,8.10,-11.00,-10.10,-1.32,7.12,8.10,16.98,16.78,0.00,8.00,8.10,8.10,8.10,1,1
[10:55:59.892][S][sensor]: 'Shelly Active Power L1' >> -616 W
[10:56:00.167][S][sensor]: 'TWC Vitals Current L1' >> 8.00 A
[10:56:00.167][S][sensor]: 'TWC Vitals Current L3' >> 8.10 A
[10:56:00.311][S][sensor]: 'Shelly Time Since Last OK' >> 350 ms
[10:56:00.311][S][sensor]: 'Shelly Active Power L3' >> 1569 W
[10:56:00.475][S][sensor]: 'Shelly Real Current L1' >> 3.02 A
[10:56:00.475][S][sensor]: 'Shelly Active Power L2' >> -565 W
[10:56:00.632][S][sensor]: 'Shelly Real Current L3' >> 6.78 A
[10:56:00.632][S][sensor]: 'TWC Vitals Vehicle Current' >> 8.10 A
[10:56:00.632][S][sensor]: 'Shelly Real Current L2' >> 2.52 A
[10:56:00.760][S][sensor]: 'TWC Time Since Last Poll' >> 170 ms
[10:56:00.775][I][csv:715]: 1568924,AGG,3.02,2.52,6.78,-3.00,-2.00,6.78,8.00,8.10,8.10,-11.00,-10.10,-1.32,7.47,8.10,16.63,16.42,0.00,8.00,8.10,8.10,8.10,1,1
[10:56:00.775][I][csv:715]: 1568927,AGG,3.22,2.52,6.78,-3.00,-2.00,6.78,8.00,8.10,8.10,-11.00,-10.10,-1.32,7.47,8.10,16.63,16.42,0.00,8.00,8.10,8.10,8.10,1,1
[10:56:00.782][I][csv:715]: 1568939,AGG,3.22,2.52,6.78,-3.00,-2.00,6.78,8.00,8.10,8.10,-11.00,-10.10,-1.32,7.47,8.10,16.63,16.42,0.00,8.00,8.10,8.10,8.10,1,1
[10:56:00.790][I][csv:715]: 1568944,AGG,3.22,2.70,6.78,-3.00,-2.00,6.78,8.00,8.10,8.10,-11.00,-10.10,-1.32,7.47,8.10,16.63,16.42,0.00,8.00,8.10,8.10,8.10,1,1
[10:56:00.827][I][csv:715]: 1568984,AGG,3.22,2.70,6.78,-3.00,-2.00,6.78,8.00,8.10,8.10,-11.00,-10.10,-1.32,7.47,8.10,16.63,16.42,0.00,8.00,8.10,8.10,8.10,1,1
[10:56:00.837][I][csv:715]: 1568994,AGG,3.22,2.70,6.78,-3.00,-2.00,6.78,8.00,8.10,8.10,-11.00,-10.10,-1.32,7.47,8.10,16.63,16.42,0.00,8.00,8.10,8.10,8.10,1,1
[10:56:01.108][I][vitals:883]: TWC vitals: A=8.10 B=8.10 C=8.10 vehicle=8.10 contactor=closed
[10:56:01.122][I][csv:715]: 1569276,AGG,3.22,2.70,6.64,-3.00,-2.00,6.64,8.10,8.10,8.10,-11.10,-10.10,-1.46,7.55,8.10,16.55,16.46,0.00,8.10,8.10,8.10,8.10,1,1
[10:56:01.123][S][sensor]: 'TWC Poll Interval' >> 194 ms
[10:56:01.123][S][sensor]: 'TWC Vitals Current L2' >> 8.10 A
[10:56:01.833][I][csv:715]: 1569984,AGG,3.22,2.70,6.64,-3.00,-2.00,6.64,8.10,8.10,8.10,-11.10,-10.10,-1.46,7.55,8.10,16.55,16.36,0.00,8.10,8.10,8.10,8.10,1,1
[10:56:01.854][I][csv:715]: 1569992,AGG,3.22,2.70,6.64,-3.00,-2.00,6.64,8.10,8.10,8.10,-11.10,-10.10,-1.46,7.55,8.10,16.55,16.36,0.00,8.10,8.10,8.10,8.10,1,1
[10:56:01.854][I][csv:715]: 1569995,AGG,3.29,2.70,6.64,-3.00,-2.00,6.64,8.10,8.10,8.10,-11.10,-10.10,-1.46,7.55,8.10,16.55,16.36,0.00,8.10,8.10,8.10,8.10,1,1
[10:56:01.855][I][csv:715]: 1570000,AGG,3.29,2.70,6.64,-3.00,-2.00,6.64,8.10,8.10,8.10,-11.10,-10.10,-1.46,7.55,8.10,16.55,16.46,0.00,8.10,8.10,8.10,8.10,1,1
[10:56:01.862][I][csv:715]: 1570004,AGG,3.29,2.78,6.64,-3.00,-2.00,6.64,8.10,8.10,8.10,-11.10,-10.10,-1.46,7.55,8.10,16.55,16.46,0.00,8.10,8.10,8.10,8.10,1,1
[10:56:01.862][I][csv:715]: 1570014,AGG,3.29,2.78,6.64,-3.00,-2.00,6.64,8.10,8.10,8.10,-11.10,-10.10,-1.46,7.55,8.10,16.55,16.46,0.00,8.10,8.10,8.10,8.10,1,1
[10:56:01.874][I][csv:715]: 1570025,AGG,3.29,2.78,6.54,-3.00,-2.00,6.54,8.10,8.10,8.10,-11.10,-10.10,-1.56,7.56,8.10,16.54,16.45,0.00,8.10,8.10,8.10,8.10,1,1
[10:56:01.910][S][sensor]: 'Shelly Active Power L1' >> -703 W
[10:56:02.166][S][sensor]: 'TWC Vitals Current L1' >> 8.10 A
[10:56:02.166][S][sensor]: 'TWC Vitals Current L3' >> 8.10 A
[10:56:02.313][S][sensor]: 'Shelly Time Since Last OK' >> 334 ms
[10:56:02.313][S][sensor]: 'Shelly Active Power L3' >> 1513 W
[10:56:02.475][S][sensor]: 'Shelly Real Current L1' >> 3.29 A
[10:56:02.475][S][sensor]: 'Shelly Active Power L2' >> -621 W
[10:56:02.633][S][sensor]: 'Shelly Real Current L3' >> 6.54 A
[10:56:02.633][S][sensor]: 'TWC Reported Current L2' >> 16.5 A
[10:56:02.633][S][sensor]: 'TWC Vitals Vehicle Current' >> 8.10 A
[10:56:02.633][S][sensor]: 'Shelly Real Current L2' >> 2.78 A
[10:56:02.766][S][sensor]: 'TWC Time Since Last Poll' >> 138 ms
[10:56:02.783][I][csv:715]: 1570939,AGG,3.29,2.78,6.54,-3.00,-2.00,6.54,8.10,8.10,8.10,-11.10,-10.10,-1.56,7.59,8.10,16.51,16.34,0.00,8.10,8.10,8.10,8.10,1,1
[10:56:02.788][I][csv:715]: 1570943,AGG,3.30,2.78,6.54,-3.00,-2.00,6.54,8.10,8.10,8.10,-11.10,-10.10,-1.56,7.59,8.10,16.51,16.34,0.00,8.10,8.10,8.10,8.10,1,1
[10:56:02.788][I][csv:715]: 1570946,AGG,3.30,2.78,6.54,-3.00,-2.00,6.54,8.10,8.10,8.10,-11.10,-10.10,-1.56,7.59,8.10,16.51,16.34,0.00,8.10,8.10,8.10,8.10,1,1
[10:56:02.793][I][csv:715]: 1570951,AGG,3.30,2.82,6.54,-3.00,-2.00,6.54,8.10,8.10,8.10,-11.10,-10.10,-1.56,7.59,8.10,16.51,16.34,0.00,8.10,8.10,8.10,8.10,1,1
[10:56:02.828][I][csv:715]: 1570984,AGG,3.30,2.82,6.54,-3.00,-2.00,6.54,8.10,8.10,8.10,-11.10,-10.10,-1.56,7.59,8.10,16.51,16.34,0.00,8.10,8.10,8.10,8.10,1,1
[10:56:03.110][I][vitals:883]: TWC vitals: A=8.10 B=8.10 C=8.10 vehicle=8.10 contactor=closed
[10:56:03.120][I][csv:715]: 1571277,AGG,3.30,2.82,6.54,-3.00,-2.00,6.54,8.10,8.10,8.10,-11.10,-10.10,-1.56,7.59,8.10,16.51,16.44,0.00,8.10,8.10,8.10,8.10,1,1
[10:56:03.123][I][csv:715]: 1571281,AGG,3.30,2.82,6.48,-3.00,-2.00,6.48,8.10,8.10,8.10,-11.10,-10.10,-1.62,7.59,8.10,16.51,16.43,0.00,8.10,8.10,8.10,8.10,1,1
[10:56:03.132][S][sensor]: 'TWC Poll Interval' >> 198 ms
[10:56:03.133][S][sensor]: 'TWC Vitals Current L2' >> 8.10 A
[10:56:03.805][I][csv:715]: 1571962,AGG,3.30,2.82,6.48,-3.00,-2.00,6.48,8.10,8.10,8.10,-11.10,-10.10,-1.62,7.61,8.10,16.49,16.32,0.00,8.10,8.10,8.10,8.10,1,1
[10:56:03.817][I][csv:715]: 1571967,AGG,3.29,2.82,6.48,-3.00,-2.00,6.48,8.10,8.10,8.10,-11.10,-10.10,-1.62,7.61,8.10,16.49,16.32,0.00,8.10,8.10,8.10,8.10,1,1
[10:56:03.817][I][csv:715]: 1571970,AGG,3.29,2.82,6.48,-3.00,-2.00,6.48,8.10,8.10,8.10,-11.10,-10.10,-1.62,7.61,8.10,16.49,16.32,0.00,8.10,8.10,8.10,8.10,1,1
[10:56:03.817][I][csv:715]: 1571975,AGG,3.29,2.77,6.48,-3.00,-2.00,6.48,8.10,8.10,8.10,-11.10,-10.10,-1.62,7.61,8.10,16.49,16.32,0.00,8.10,8.10,8.10,8.10,1,1
[10:56:03.826][I][csv:715]: 1571984,AGG,3.29,2.77,6.48,-3.00,-2.00,6.48,8.10,8.10,8.10,-11.10,-10.10,-1.62,7.61,8.10,16.49,16.32,0.00,8.10,8.10,8.10,8.10,1,1
[10:56:03.856][I][csv:715]: 1572013,AGG,3.29,2.77,6.48,-3.00,-2.00,6.48,8.10,8.10,8.10,-11.10,-10.10,-1.62,7.61,8.10,16.49,16.42,0.00,8.10,8.10,8.10,8.10,1,1
[10:56:03.874][I][csv:715]: 1572032,AGG,3.29,2.77,6.52,-3.00,-2.00,6.52,8.10,8.10,8.10,-11.10,-10.10,-1.58,7.59,8.10,16.51,16.43,0.00,8.10,8.10,8.10,8.10,1,1
[10:56:03.897][S][sensor]: 'Shelly Active Power L1' >> -720 W
[10:56:03.897][S][sensor]: 'TWC Reported Current L3' >> 16.4 A
[10:56:04.164][S][sensor]: 'TWC Vitals Current L1' >> 8.10 A
[10:56:04.164][S][sensor]: 'TWC Vitals Current L3' >> 8.10 A
[10:56:04.310][S][sensor]: 'Shelly Time Since Last OK' >> 327 ms
[10:56:04.310][S][sensor]: 'Shelly Active Power L3' >> 1499 W
[10:56:04.469][S][sensor]: 'Shelly Real Current L1' >> 3.29 A
[10:56:04.469][S][sensor]: 'Shelly Active Power L2' >> -624 W
[10:56:04.469][S][sensor]: 'TWC Reported Current L1' >> 16.4 A
[10:56:04.622][S][sensor]: 'Shelly Real Current L3' >> 6.52 A
[10:56:04.623][S][sensor]: 'TWC Vitals Vehicle Current' >> 8.10 A
[10:56:04.623][S][sensor]: 'Shelly Real Current L2' >> 2.77 A
[10:56:04.763][S][sensor]: 'TWC Time Since Last Poll' >> 10 ms
[10:56:04.769][I][csv:715]: 1572924,AGG,3.29,2.77,6.52,-3.00,-2.00,6.52,8.10,8.10,8.10,-11.10,-10.10,-1.58,7.59,8.10,16.51,16.33,0.00,8.10,8.10,8.10,8.10,1,1
[10:56:04.778][I][csv:715]: 1572936,AGG,3.28,2.77,6.52,-3.00,-2.00,6.52,8.10,8.10,8.10,-11.10,-10.10,-1.58,7.59,8.10,16.51,16.33,0.00,8.10,8.10,8.10,8.10,1,1
[10:56:04.791][I][csv:715]: 1572949,AGG,3.28,2.77,6.52,-3.00,-2.00,6.52,8.10,8.10,8.10,-11.10,-10.10,-1.58,7.59,8.10,16.51,16.33,0.00,8.10,8.10,8.10,8.10,1,1
[10:56:04.806][I][csv:715]: 1572963,AGG,3.28,2.76,6.52,-3.00,-2.00,6.52,8.10,8.10,8.10,-11.10,-10.10,-1.58,7.59,8.10,16.51,16.33,0.00,8.10,8.10,8.10,8.10,1,1
[10:56:04.826][I][csv:715]: 1572984,AGG,3.28,2.76,6.52,-3.00,-2.00,6.52,8.10,8.10,8.10,-11.10,-10.10,-1.58,7.59,8.10,16.51,16.33,0.00,8.10,8.10,8.10,8.10,1,1
[10:56:05.123][I][vitals:883]: TWC vitals: A=8.00 B=8.10 C=8.10 vehicle=8.10 contactor=closed
[10:56:05.131][I][csv:715]: 1573287,AGG,3.28,2.76,6.52,-3.00,-2.00,6.52,8.00,8.10,8.10,-11.00,-10.10,-1.58,7.56,8.10,16.54,16.46,0.00,8.00,8.10,8.10,8.10,1,1
[10:56:05.136][I][csv:715]: 1573294,AGG,3.28,2.76,6.56,-3.00,-2.00,6.56,8.00,8.10,8.10,-11.00,-10.10,-1.54,7.55,8.10,16.55,16.46,0.00,8.00,8.10,8.10,8.10,1,1
[10:56:05.143][S][sensor]: 'TWC Poll Interval' >> 193 ms
[10:56:05.143][S][sensor]: 'TWC Vitals Current L2' >> 8.10 A
[10:56:05.150][E][modbus:456]: Attempted to send while transmission blocked
[10:56:05.827][I][csv:715]: 1573984,AGG,3.28,2.76,6.56,-3.00,-2.00,6.56,8.00,8.10,8.10,-11.00,-10.10,-1.54,7.55,8.10,16.55,16.36,0.00,8.00,8.10,8.10,8.10,1,1
[10:56:05.836][I][csv:715]: 1573993,AGG,3.28,2.76,6.56,-3.00,-2.00,6.56,8.00,8.10,8.10,-11.00,-10.10,-1.54,7.55,8.10,16.55,16.36,0.00,8.00,8.10,8.10,8.10,1,1
[10:56:05.841][I][csv:715]: 1573998,AGG,3.14,2.76,6.56,-3.00,-2.00,6.56,8.00,8.10,8.10,-11.00,-10.10,-1.54,7.55,8.10,16.55,16.36,0.00,8.00,8.10,8.10,8.10,1,1
[10:56:05.847][I][csv:715]: 1574003,AGG,3.14,2.76,6.56,-3.00,-2.00,6.56,8.00,8.10,8.10,-11.00,-10.10,-1.54,7.55,8.10,16.55,16.46,0.00,8.00,8.10,8.10,8.10,1,1
[10:56:05.853][I][csv:715]: 1574009,AGG,3.14,2.60,6.56,-3.00,-2.00,6.56,8.00,8.10,8.10,-11.00,-10.10,-1.54,7.55,8.10,16.55,16.46,0.00,8.00,8.10,8.10,8.10,1,1
[10:56:05.867][I][csv:715]: 1574024,AGG,3.14,2.60,6.56,-3.00,-2.00,6.56,8.00,8.10,8.10,-11.00,-10.10,-1.54,7.55,8.10,16.55,16.46,0.00,8.00,8.10,8.10,8.10,1,1
[10:56:05.885][I][csv:715]: 1574042,AGG,3.14,2.60,6.70,-3.00,-2.00,6.70,8.00,8.10,8.10,-11.00,-10.10,-1.40,7.53,8.10,16.57,16.48,0.00,8.00,8.10,8.10,8.10,1,1
[10:56:05.903][S][sensor]: 'Shelly Active Power L1' >> -715 W
[10:56:06.170][S][sensor]: 'TWC Vitals Current L1' >> 8.00 A
[10:56:06.171][S][sensor]: 'TWC Vitals Current L3' >> 8.10 A
[10:56:06.315][S][sensor]: 'Shelly Time Since Last OK' >> 317 ms
[10:56:06.315][S][sensor]: 'Shelly Active Power L3' >> 1548 W
[10:56:06.475][S][sensor]: 'Shelly Real Current L1' >> 3.14 A
[10:56:06.476][S][sensor]: 'Shelly Active Power L2' >> -581 W
[10:56:06.623][S][sensor]: 'Shelly Real Current L3' >> 6.70 A
[10:56:06.623][S][sensor]: 'TWC Vitals Vehicle Current' >> 8.10 A
[10:56:06.623][S][sensor]: 'Shelly Real Current L2' >> 2.60 A
[10:56:06.768][S][sensor]: 'TWC Time Since Last Poll' >> 163 ms
[10:56:06.782][I][csv:715]: 1574938,AGG,3.14,2.60,6.70,-3.00,-2.00,6.70,8.00,8.10,8.10,-11.00,-10.10,-1.40,7.50,8.10,16.60,16.40,0.00,8.00,8.10,8.10,8.10,1,1
[10:56:06.789][I][csv:715]: 1574946,AGG,2.97,2.60,6.70,-2.00,-2.00,6.70,8.00,8.10,8.10,-10.00,-10.10,-1.40,7.49,8.10,16.61,16.41,0.00,8.00,8.10,8.10,8.10,1,1
[10:56:06.807][I][csv:715]: 1574965,AGG,2.97,2.60,6.70,-2.00,-2.00,6.70,8.00,8.10,8.10,-10.00,-10.10,-1.40,7.47,8.10,16.63,16.42,0.00,8.00,8.10,8.10,8.10,1,1
[10:56:06.817][I][csv:715]: 1574975,AGG,2.97,2.53,6.70,-2.00,-2.00,6.70,8.00,8.10,8.10,-10.00,-10.10,-1.40,7.46,8.10,16.64,16.43,0.00,8.00,8.10,8.10,8.10,1,1
[10:56:06.827][I][csv:715]: 1574984,AGG,2.97,2.53,6.70,-2.00,-2.00,6.70,8.00,8.10,8.10,-10.00,-10.10,-1.40,7.45,8.10,16.65,16.43,0.00,8.00,8.10,8.10,8.10,1,1
[10:56:07.109][I][vitals:883]: TWC vitals: A=8.10 B=8.10 C=8.10 vehicle=8.10 contactor=closed
[10:56:07.121][I][csv:715]: 1575277,AGG,2.97,2.53,6.70,-2.00,-2.00,6.70,8.10,8.10,8.10,-10.10,-10.10,-1.40,7.20,8.10,16.90,16.72,0.00,8.10,8.10,8.10,8.10,1,1
[10:56:07.122][I][csv:715]: 1575280,AGG,2.97,2.53,6.87,-2.00,-2.00,6.87,8.10,8.10,8.10,-10.10,-10.10,-1.23,7.20,8.10,16.90,16.73,0.00,8.10,8.10,8.10,8.10,1,1
[10:56:07.127][S][sensor]: 'TWC Poll Interval' >> 194 ms
[10:56:07.128][S][sensor]: 'TWC Vitals Current L2' >> 8.10 A
[10:56:07.648][S][sensor]: 'TWC Reported Current L2' >> 16.7 A
[10:56:07.827][I][csv:715]: 1575984,AGG,2.97,2.53,6.87,-2.00,-2.00,6.87,8.10,8.10,8.10,-10.10,-10.10,-1.23,7.14,8.10,16.96,16.67,0.00,8.10,8.10,8.10,8.10,1,1
[10:56:07.835][I][csv:715]: 1575994,AGG,2.97,2.53,6.87,-2.00,-2.00,6.87,8.10,8.10,8.10,-10.10,-10.10,-1.23,7.14,8.10,16.96,16.67,0.00,8.10,8.10,8.10,8.10,1,1
[10:56:07.842][I][csv:715]: 1575998,AGG,3.18,2.53,6.87,-3.00,-2.00,6.87,8.10,8.10,8.10,-11.10,-10.10,-1.23,7.15,8.10,16.95,16.66,0.00,8.10,8.10,8.10,8.10,1,1
[10:56:07.844][I][csv:715]: 1576002,AGG,3.18,2.53,6.87,-3.00,-2.00,6.87,8.10,8.10,8.10,-11.10,-10.10,-1.23,7.15,8.10,16.95,16.76,0.00,8.10,8.10,8.10,8.10,1,1
[10:56:07.849][I][csv:715]: 1576006,AGG,3.18,2.67,6.87,-3.00,-2.00,6.87,8.10,8.10,8.10,-11.10,-10.10,-1.23,7.16,8.10,16.94,16.76,0.00,8.10,8.10,8.10,8.10,1,1
[10:56:07.872][I][csv:715]: 1576030,AGG,3.18,2.67,6.87,-3.00,-2.00,6.87,8.10,8.10,8.10,-11.10,-10.10,-1.23,7.18,8.10,16.92,16.74,0.00,8.10,8.10,8.10,8.10,1,1
[10:56:07.895][S][sensor]: 'Shelly Active Power L1' >> -638 W
[10:56:07.901][I][csv:715]: 1576055,AGG,3.18,2.67,6.30,-3.00,-2.00,6.30,8.10,8.10,8.10,-11.10,-10.10,-1.80,7.20,8.10,16.90,16.72,0.00,8.10,8.10,8.10,8.10,1,1
[10:56:08.166][S][sensor]: 'TWC Vitals Current L1' >> 8.10 A
[10:56:08.166][S][sensor]: 'TWC Vitals Current L3' >> 8.10 A
[10:56:08.304][S][sensor]: 'Shelly Time Since Last OK' >> 304 ms
[10:56:08.305][S][sensor]: 'Shelly Active Power L3' >> 1385 W
[10:56:08.472][S][sensor]: 'Shelly Real Current L1' >> 3.18 A
[10:56:08.472][S][sensor]: 'Shelly Active Power L2' >> -591 W
[10:56:08.638][S][sensor]: 'Shelly Real Current L3' >> 6.30 A
[10:56:08.639][S][sensor]: 'TWC Vitals Vehicle Current' >> 8.10 A
[10:56:08.639][S][sensor]: 'Shelly Real Current L2' >> 2.67 A
[10:56:08.769][S][sensor]: 'TWC Time Since Last Poll' >> 107 ms
[10:56:08.789][I][csv:715]: 1576946,AGG,3.18,2.67,6.30,-3.00,-2.00,6.30,8.10,8.10,8.10,-11.10,-10.10,-1.80,7.67,8.10,16.43,16.27,0.00,8.10,8.10,8.10,8.10,1,1
[10:56:08.803][I][csv:715]: 1576957,AGG,3.44,2.67,6.30,-3.00,-2.00,6.30,8.10,8.10,8.10,-11.10,-10.10,-1.80,7.67,8.10,16.43,16.27,0.00,8.10,8.10,8.10,8.10,1,1
[10:56:08.822][I][csv:715]: 1576979,AGG,3.44,2.67,6.30,-3.00,-2.00,6.30,8.10,8.10,8.10,-11.10,-10.10,-1.80,7.67,8.10,16.43,16.27,0.00,8.10,8.10,8.10,8.10,1,1
[10:56:08.829][I][csv:715]: 1576984,AGG,3.44,2.67,6.30,-3.00,-2.00,6.30,8.10,8.10,8.10,-11.10,-10.10,-1.80,7.67,8.10,16.43,16.27,0.00,8.10,8.10,8.10,8.10,1,1
[10:56:08.838][I][csv:715]: 1576989,AGG,3.44,2.90,6.30,-3.00,-2.00,6.30,8.10,8.10,8.10,-11.10,-10.10,-1.80,7.67,8.10,16.43,16.27,0.00,8.10,8.10,8.10,8.10,1,1
[10:56:09.117][I][vitals:883]: TWC vitals: A=7.00 B=7.00 C=7.10 vehicle=7.00 contactor=closed
[10:56:09.124][I][csv:715]: 1577277,AGG,3.44,2.90,6.30,-3.00,-2.00,6.30,7.00,7.00,7.10,-10.00,-9.00,-0.80,7.38,7.10,15.72,15.77,0.00,7.00,7.00,7.10,7.00,1,1
[10:56:09.127][I][csv:715]: 1577282,AGG,3.44,2.90,6.24,-3.00,-2.00,6.24,7.00,7.00,7.10,-10.00,-9.00,-0.86,7.38,7.10,15.73,15.78,0.00,7.00,7.00,7.10,7.00,1,1
[10:56:09.130][S][sensor]: 'TWC Reported Current L3' >> 16.3 A
[10:56:09.130][S][sensor]: 'TWC Vitals Current L2' >> 8.10 A
[10:56:09.130][S][sensor]: 'TWC Poll Interval' >> 184 ms
[10:56:09.550][S][sensor]: 'TWC Reported Current L1' >> 15.8 A
[10:56:09.827][I][csv:715]: 1577984,AGG,3.44,2.90,6.24,-3.00,-2.00,6.24,7.00,7.00,7.10,-10.00,-9.00,-0.86,6.67,7.10,16.43,16.27,0.00,7.00,7.00,7.10,7.00,1,1
[10:56:09.836][I][csv:715]: 1577994,AGG,3.44,2.90,6.24,-3.00,-2.00,6.24,7.00,7.00,7.10,-10.00,-9.00,-0.86,6.66,7.10,16.44,16.28,0.00,7.00,7.00,7.10,7.00,1,1
[10:56:09.842][I][csv:715]: 1577998,AGG,2.69,2.90,6.24,-2.00,-2.00,6.24,7.00,7.00,7.10,-9.00,-9.00,-0.86,6.66,7.10,16.44,16.28,0.00,7.00,7.00,7.10,7.00,1,1
[10:56:09.845][I][csv:715]: 1578003,AGG,2.69,2.90,6.24,-2.00,-2.00,6.24,7.00,7.00,7.10,-9.00,-9.00,-0.86,6.65,7.10,16.45,16.38,0.00,7.00,7.00,7.10,7.00,1,1
[10:56:09.851][I][csv:715]: 1578008,AGG,2.69,2.20,6.24,-2.00,-2.00,6.24,7.00,7.00,7.10,-9.00,-9.00,-0.86,6.65,7.10,16.45,16.39,0.00,7.00,7.00,7.10,7.00,1,1
[10:56:09.884][I][csv:715]: 1578042,AGG,2.69,2.20,6.24,-2.00,-2.00,6.24,7.00,7.00,7.10,-9.00,-9.00,-0.86,6.61,7.10,16.49,16.41,0.00,7.00,7.00,7.10,7.00,1,1
[10:56:09.903][I][csv:715]: 1578061,AGG,2.69,2.20,7.07,-2.00,-2.00,7.07,7.00,7.00,7.10,-9.00,-9.00,-0.03,6.60,7.10,16.50,16.43,0.00,7.00,7.00,7.10,7.00,1,1
[10:56:09.906][S][sensor]: 'Shelly Active Power L1' >> -725 W
[10:56:10.166][S][sensor]: 'TWC Vitals Current L1' >> 7.00 A
[10:56:10.166][S][sensor]: 'TWC Vitals Current L3' >> 7.10 A
[10:56:10.313][S][sensor]: 'Shelly Time Since Last OK' >> 298 ms
[10:56:10.313][S][sensor]: 'Shelly Active Power L3' >> 1645 W
[10:56:10.476][S][sensor]: 'Shelly Real Current L1' >> 2.69 A
[10:56:10.476][S][sensor]: 'Shelly Active Power L2' >> -468 W
[10:56:10.633][S][sensor]: 'Shelly Real Current L3' >> 7.07 A
[10:56:10.634][S][sensor]: 'TWC Vitals Vehicle Current' >> 7.00 A
[10:56:10.634][S][sensor]: 'Shelly Real Current L2' >> 2.20 A
[10:56:10.763][S][sensor]: 'TWC Time Since Last Poll' >> 186 ms
[10:56:10.816][I][csv:715]: 1578971,AGG,2.69,2.20,7.07,-2.00,-2.00,7.07,7.00,7.00,7.10,-9.00,-9.00,-0.03,6.01,7.10,17.09,16.77,0.00,7.00,7.00,7.10,7.00,1,1
[10:56:10.821][I][csv:715]: 1578976,AGG,2.52,2.20,7.07,-2.00,-2.00,7.07,7.00,7.00,7.10,-9.00,-9.00,-0.03,6.01,7.10,17.09,16.77,0.00,7.00,7.00,7.10,7.00,1,1
[10:56:10.827][I][csv:715]: 1578984,AGG,2.52,2.20,7.07,-2.00,-2.00,7.07,7.00,7.00,7.10,-9.00,-9.00,-0.03,6.01,7.10,17.09,16.77,0.00,7.00,7.00,7.10,7.00,1,1
[10:56:10.835][I][csv:715]: 1578992,AGG,2.52,2.20,7.07,-2.00,-2.00,7.07,7.00,7.00,7.10,-9.00,-9.00,-0.03,6.01,7.10,17.09,16.77,0.00,7.00,7.00,7.10,7.00,1,1
[10:56:10.842][I][csv:715]: 1578998,AGG,2.52,2.03,7.07,-2.00,-2.00,7.07,7.00,7.00,7.10,-9.00,-9.00,-0.03,6.01,7.10,17.09,16.77,0.00,7.00,7.00,7.10,7.00,1,1
[10:56:11.112][I][vitals:883]: TWC vitals: A=7.00 B=7.00 C=7.00 vehicle=7.10 contactor=closed
[10:56:11.122][I][csv:715]: 1579278,AGG,2.52,2.03,7.07,-2.00,-2.00,7.07,7.00,7.00,7.07,-9.00,-9.00,0.07,5.98,7.07,17.09,16.87,0.00,7.00,7.00,7.00,7.10,1,1
[10:56:11.128][I][csv:715]: 1579283,AGG,2.52,2.03,7.23,-2.00,-2.00,7.23,7.00,7.00,7.23,-9.00,-9.00,0.23,5.97,7.23,17.26,17.00,0.00,7.00,7.00,7.00,7.10,1,1
[10:56:11.131][S][sensor]: 'TWC Vitals Current L2' >> 7.00 A
[10:56:11.131][S][sensor]: 'TWC Poll Interval' >> 195 ms
[10:56:11.827][I][csv:715]: 1579984,AGG,2.52,2.03,7.23,-2.00,-2.00,7.23,7.00,7.00,7.23,-9.00,-9.00,0.23,5.92,7.23,17.31,16.93,0.00,7.00,7.00,7.00,7.10,1,1
[10:56:11.837][I][csv:715]: 1579993,AGG,2.52,2.03,7.23,-2.00,-2.00,7.23,7.00,7.00,7.23,-9.00,-9.00,0.23,5.92,7.23,17.31,16.93,0.00,7.00,7.00,7.00,7.10,1,1
[10:56:11.842][I][csv:715]: 1579997,AGG,2.78,2.03,7.23,-2.00,-2.00,7.23,7.00,7.00,7.23,-9.00,-9.00,0.23,5.92,7.23,17.31,16.93,0.00,7.00,7.00,7.00,7.10,1,1
[10:56:11.847][I][csv:715]: 1580000,AGG,2.78,2.03,7.23,-2.00,-2.00,7.23,7.00,7.00,7.23,-9.00,-9.00,0.23,5.92,7.23,17.31,17.03,0.00,7.00,7.00,7.00,7.10,1,1
[10:56:11.855][I][csv:715]: 1580008,AGG,2.78,2.24,7.23,-2.00,-2.00,7.23,7.00,7.00,7.23,-9.00,-9.00,0.23,5.92,7.23,17.31,17.03,0.00,7.00,7.00,7.00,7.10,1,1
[10:56:11.899][I][csv:715]: 1580055,AGG,2.78,2.24,7.23,-2.00,-2.00,7.23,7.00,7.00,7.23,-9.00,-9.00,0.23,5.92,7.23,17.31,17.03,0.00,7.00,7.00,7.00,7.10,1,1
[10:56:11.902][S][sensor]: 'Shelly Active Power L1' >> -538 W
[10:56:11.912][I][csv:715]: 1580069,AGG,2.78,2.24,6.82,-2.00,-2.00,6.82,7.00,7.00,7.00,-9.00,-9.00,-0.18,5.94,7.00,17.06,16.85,0.00,7.00,7.00,7.00,7.10,1,1
[10:56:12.158][S][sensor]: 'TWC Vitals Current L1' >> 7.00 A
[10:56:12.158][S][sensor]: 'TWC Vitals Current L3' >> 7.00 A
[10:56:12.309][S][sensor]: 'Shelly Time Since Last OK' >> 290 ms
[10:56:12.309][S][sensor]: 'Shelly Active Power L3' >> 1556 W
[10:56:12.472][S][sensor]: 'Shelly Real Current L1' >> 2.78 A
[10:56:12.472][S][sensor]: 'Shelly Active Power L2' >> -474 W
[10:56:12.633][S][sensor]: 'Shelly Real Current L3' >> 6.82 A
[10:56:12.633][S][sensor]: 'TWC Reported Current L2' >> 16.8 A
[10:56:12.633][S][sensor]: 'TWC Vitals Vehicle Current' >> 7.10 A
[10:56:12.633][S][sensor]: 'Shelly Real Current L2' >> 2.24 A
[10:56:12.772][S][sensor]: 'TWC Time Since Last Poll' >> 152 ms
[10:56:12.818][I][csv:715]: 1580975,AGG,2.78,2.24,6.82,-2.00,-2.00,6.82,7.00,7.00,7.00,-9.00,-9.00,-0.18,6.06,7.00,16.94,16.66,0.00,7.00,7.00,7.00,7.10,1,1
[10:56:12.826][I][csv:715]: 1580984,AGG,2.31,2.24,6.82,-2.00,-2.00,6.82,7.00,7.00,7.00,-9.00,-9.00,-0.18,6.06,7.00,16.94,16.66,0.00,7.00,7.00,7.00,7.10,1,1
[10:56:12.830][I][csv:715]: 1580987,AGG,2.31,2.24,6.82,-2.00,-2.00,6.82,7.00,7.00,7.00,-9.00,-9.00,-0.18,6.06,7.00,16.94,16.66,0.00,7.00,7.00,7.00,7.10,1,1
[10:56:12.845][I][csv:715]: 1581002,AGG,2.31,2.24,6.82,-2.00,-2.00,6.82,7.00,7.00,7.00,-9.00,-9.00,-0.18,6.06,7.00,16.94,16.76,0.00,7.00,7.00,7.00,7.10,1,1
[10:56:13.113][I][vitals:883]: TWC vitals: A=7.00 B=7.10 C=7.10 vehicle=7.10 contactor=closed
[10:56:13.128][I][csv:715]: 1581279,AGG,2.31,1.82,6.82,-2.00,-1.00,6.82,7.00,7.10,7.10,-9.00,-8.10,-0.28,5.79,7.10,17.31,17.03,0.00,7.00,7.10,7.10,7.10,1,1
[10:56:13.128][I][csv:715]: 1581284,AGG,2.31,1.82,6.82,-2.00,-1.00,6.82,7.00,7.10,7.10,-9.00,-8.10,-0.28,5.79,7.10,17.31,17.03,0.00,7.00,7.10,7.10,7.10,1,1
[10:56:13.139][I][csv:715]: 1581287,AGG,2.31,1.82,7.33,-2.00,-1.00,7.33,7.00,7.10,7.33,-9.00,-8.10,0.23,5.79,7.33,17.54,17.21,0.00,7.00,7.10,7.10,7.10,1,1
[10:56:13.139][S][sensor]: 'TWC Vitals Current L2' >> 7.00 A
[10:56:13.139][S][sensor]: 'TWC Poll Interval' >> 192 ms
[10:56:13.830][I][csv:715]: 1581987,AGG,2.31,1.82,7.33,-2.00,-1.00,7.33,7.00,7.10,7.33,-9.00,-8.10,0.23,5.62,7.33,17.71,17.15,0.00,7.00,7.10,7.10,7.10,1,1
[10:56:13.845][I][csv:715]: 1581996,AGG,2.31,1.82,7.33,-2.00,-1.00,7.33,7.00,7.10,7.33,-9.00,-8.10,0.23,5.62,7.33,17.71,17.15,0.00,7.00,7.10,7.10,7.10,1,1
[10:56:13.852][I][csv:715]: 1582000,AGG,1.51,1.82,7.33,-1.00,-1.00,7.33,7.00,7.10,7.33,-8.00,-8.10,0.23,5.62,7.33,17.71,17.25,0.00,7.00,7.10,7.10,7.10,1,1
[10:56:13.860][I][csv:715]: 1582016,AGG,1.51,1.82,7.33,-1.00,-1.00,7.33,7.00,7.10,7.33,-8.00,-8.10,0.23,5.60,7.33,17.73,17.25,0.00,7.00,7.10,7.10,7.10,1,1
[10:56:13.876][I][csv:715]: 1582029,AGG,1.51,1.02,7.33,-1.00,-1.00,7.33,7.00,7.10,7.33,-8.00,-8.10,0.23,5.59,7.33,17.74,17.25,0.00,7.00,7.10,7.10,7.10,1,1
[10:56:13.906][I][csv:715]: 1582064,AGG,1.51,1.02,7.33,-1.00,-1.00,7.33,7.00,7.10,7.33,-8.00,-8.10,0.23,5.55,7.33,17.78,17.25,0.00,7.00,7.10,7.10,7.10,1,1
[10:56:13.918][S][sensor]: 'Shelly Active Power L1' >> -459 W
[10:56:13.918][S][sensor]: 'TWC Reported Current L3' >> 17.2 A
[10:56:13.925][I][csv:715]: 1582083,AGG,1.51,1.02,8.23,-1.00,-1.00,8.23,7.00,7.10,8.23,-8.00,-8.10,1.13,5.54,8.23,18.69,17.25,0.00,7.00,7.10,7.10,7.10,1,1
[10:56:14.173][S][sensor]: 'TWC Vitals Current L1' >> 7.00 A
[10:56:14.173][S][sensor]: 'TWC Vitals Current L3' >> 7.10 A
[10:56:14.307][S][sensor]: 'Shelly Time Since Last OK' >> 276 ms
[10:56:14.307][S][sensor]: 'Shelly Active Power L3' >> 1866 W
[10:56:14.468][S][sensor]: 'Shelly Real Current L1' >> 1.51 A
[10:56:14.469][S][sensor]: 'Shelly Active Power L2' >> -147 W
[10:56:14.469][S][sensor]: 'TWC Reported Current L1' >> 17.2 A
[10:56:14.631][S][sensor]: 'Shelly Real Current L3' >> 8.23 A
[10:56:14.631][S][sensor]: 'TWC Vitals Vehicle Current' >> 7.10 A
[10:56:14.631][S][sensor]: 'Shelly Real Current L2' >> 1.02 A
[10:56:14.758][S][sensor]: 'TWC Time Since Last Poll' >> 11 ms
[10:56:14.830][I][csv:715]: 1582987,AGG,1.51,1.02,8.23,-1.00,-1.00,8.23,7.00,7.10,8.23,-8.00,-8.10,1.13,4.99,8.23,19.24,17.15,0.00,7.00,7.10,7.10,7.10,1,1
[10:56:15.113][I][vitals:883]: TWC vitals: A=6.30 B=6.30 C=6.30 vehicle=6.10 contactor=closed
[10:56:15.126][I][csv:715]: 1583280,AGG,1.51,1.02,8.23,-1.00,-1.00,8.23,6.30,6.30,8.23,-7.30,-7.30,1.93,4.70,8.23,19.53,17.25,0.00,6.30,6.30,6.30,6.10,1,1
[10:56:15.126][I][csv:715]: 1583283,AGG,1.41,1.02,8.23,-1.00,-1.00,8.23,6.30,6.30,8.23,-7.30,-7.30,1.93,4.69,8.23,19.53,17.25,0.00,6.30,6.30,6.30,6.10,1,1
[10:56:15.136][I][csv:715]: 1583288,AGG,1.41,1.02,8.23,-1.00,-1.00,8.23,6.30,6.30,8.23,-7.30,-7.30,1.93,4.69,8.23,19.54,17.25,0.00,6.30,6.30,6.30,6.10,1,1
[10:56:15.137][I][csv:715]: 1583291,AGG,1.41,0.98,8.23,-1.00,-0.00,8.23,6.30,6.30,8.23,-7.30,-6.30,1.93,4.69,8.23,19.54,17.25,0.00,6.30,6.30,6.30,6.10,1,1
[10:56:15.141][I][csv:715]: 1583294,AGG,1.41,0.98,8.23,-1.00,-0.00,8.23,6.30,6.30,8.23,-7.30,-6.30,1.93,4.68,8.23,19.54,17.25,0.00,6.30,6.30,6.30,6.10,1,1
[10:56:15.141][I][csv:715]: 1583299,AGG,1.41,0.98,8.42,-1.00,-0.00,8.42,6.30,6.30,8.42,-7.30,-6.30,2.12,4.68,8.42,19.75,17.25,0.00,6.30,6.30,6.30,6.10,1,1
[10:56:15.146][S][sensor]: 'TWC Vitals Current L2' >> 7.10 A
[10:56:15.146][S][sensor]: 'TWC Poll Interval' >> 194 ms
[10:56:15.151][E][modbus:456]: Attempted to send while transmission blocked
[10:56:15.834][I][csv:715]: 1583987,AGG,1.41,0.98,8.42,-1.00,-0.00,8.42,6.30,6.30,8.42,-7.30,-6.30,2.12,3.99,8.42,20.43,17.15,0.00,6.30,6.30,6.30,6.10,1,1
[10:56:15.843][I][csv:715]: 1583994,AGG,1.41,0.98,8.42,-1.00,-0.00,8.42,6.30,6.30,8.42,-7.30,-6.30,2.12,3.98,8.42,20.44,17.15,0.00,6.30,6.30,6.30,6.10,1,1
[10:56:15.860][I][csv:715]: 1584018,AGG,1.60,0.98,8.42,-1.00,-0.00,8.42,6.30,6.30,8.42,-7.30,-6.30,2.12,3.96,8.42,20.46,17.25,0.00,6.30,6.30,6.30,6.10,1,1
[10:56:15.879][I][csv:715]: 1584027,AGG,1.60,0.98,8.42,-1.00,-0.00,8.42,6.30,6.30,8.42,-7.30,-6.30,2.12,3.95,8.42,20.47,17.25,0.00,6.30,6.30,6.30,6.10,1,1
[10:56:15.891][I][csv:715]: 1584048,AGG,1.60,1.11,8.42,-1.00,-1.00,8.42,6.30,6.30,8.42,-7.30,-7.30,2.12,3.97,8.42,20.45,17.25,0.00,6.30,6.30,6.30,6.10,1,1
[10:56:15.911][S][sensor]: 'Shelly Active Power L1' >> -242 W
[10:56:15.918][I][csv:715]: 1584076,AGG,1.60,1.11,8.42,-1.00,-1.00,8.42,6.30,6.30,8.42,-7.30,-7.30,2.12,4.00,8.42,20.42,17.25,0.00,6.30,6.30,6.30,6.10,1,1
[10:56:15.937][I][csv:715]: 1584095,AGG,1.60,1.11,8.18,-1.00,-1.00,8.18,6.30,6.30,8.18,-7.30,-7.30,1.88,4.02,8.18,20.17,17.25,0.00,6.30,6.30,6.30,6.10,1,1
[10:56:16.165][S][sensor]: 'TWC Vitals Current L1' >> 6.30 A
[10:56:16.165][S][sensor]: 'TWC Vitals Current L3' >> 6.30 A
[10:56:16.308][S][sensor]: 'Shelly Time Since Last OK' >> 264 ms
[10:56:16.308][S][sensor]: 'Shelly Active Power L3' >> 1872 W
[10:56:16.469][S][sensor]: 'Shelly Real Current L1' >> 1.60 A
[10:56:16.469][S][sensor]: 'Shelly Active Power L2' >> -162 W
[10:56:16.631][S][sensor]: 'Shelly Real Current L3' >> 8.18 A
[10:56:16.631][S][sensor]: 'TWC Vitals Vehicle Current' >> 6.10 A
[10:56:16.631][S][sensor]: 'Shelly Real Current L2' >> 1.11 A
[10:56:16.768][S][sensor]: 'TWC Time Since Last Poll' >> 75 ms
[10:56:16.829][I][csv:715]: 1584987,AGG,1.60,1.11,8.18,-1.00,-1.00,8.18,6.30,6.30,8.18,-7.30,-7.30,1.88,4.24,8.18,19.95,17.15,0.00,6.30,6.30,6.30,6.10,1,1
[10:56:17.934][I][vitals:883]: TWC vitals: A=0.00 B=0.00 C=0.20 vehicle=0.20 contactor=open
[10:56:17.943][W][component:473]: interval took a long time for an operation (1091 ms), max is 890 ms
[10:56:17.949][I][csv:715]: 1586105,AGG,1.60,1.11,8.18,-1.00,-1.00,8.18,-1.00,-1.00,8.18,-1.00,-1.00,7.98,3.12,8.18,21.06,17.25,0.00,0.00,0.00,0.20,0.20,0,0
[10:56:17.954][I][csv:715]: 1586110,AGG,5.70,1.11,8.18,-5.00,-1.00,8.18,-5.00,-1.00,8.18,-5.00,-1.00,7.98,3.12,8.18,21.07,17.25,0.00,0.00,0.00,0.20,0.20,0,0
[10:56:17.965][I][csv:715]: 1586115,AGG,5.70,1.11,8.18,-5.00,-1.00,8.18,-5.00,-1.00,8.18,-5.00,-1.00,7.98,3.11,8.18,21.07,17.25,0.00,0.00,0.00,0.20,0.20,0,0
[10:56:17.965][I][csv:715]: 1586118,AGG,5.70,5.20,8.18,-5.00,-5.00,8.18,-5.00,-5.00,8.18,-5.00,-5.00,7.98,3.11,8.18,21.08,17.25,0.00,0.00,0.00,0.20,0.20,0,0
[10:56:17.965][I][csv:715]: 1586121,AGG,5.70,5.20,8.18,-5.00,-5.00,8.18,-5.00,-5.00,8.18,-5.00,-5.00,7.98,3.10,8.18,21.08,17.25,0.00,0.00,0.00,0.20,0.20,0,0
[10:56:17.969][I][csv:715]: 1586126,AGG,5.70,5.20,8.18,-5.00,-5.00,8.18,-5.00,-5.00,8.18,-5.00,-5.00,7.98,3.10,8.18,21.08,17.25,0.00,0.00,0.00,0.20,0.20,0,0
[10:56:17.975][I][csv:715]: 1586130,AGG,5.70,5.20,8.18,-5.00,-5.00,8.18,-5.00,-5.00,8.18,-5.00,-5.00,7.98,3.10,8.18,21.09,17.25,0.00,0.00,0.00,0.20,0.20,0,0
[10:56:17.979][S][sensor]: 'TWC Vitals Current L2' >> 6.30 A
[10:56:17.979][S][sensor]: 'TWC Poll Interval' >> 194 ms
[10:56:17.980][S][binary_sensor]: 'TWC Vitals Contactor Closed' >> OFF
[10:56:17.983][I][csv:715]: 1586139,AGG,5.70,5.20,8.18,-5.00,-5.00,8.18,-5.00,-5.00,8.18,-5.00,-5.00,7.98,3.09,8.18,21.10,17.25,0.00,0.00,0.00,0.20,0.20,0,0
[10:56:18.086][S][sensor]: 'TWC Reported Current L2' >> 17.2 A
[10:56:18.086][S][sensor]: 'Shelly Active Power L1' >> -1263 W
[10:56:18.086][S][sensor]: 'TWC Vitals Current L1' >> 0.00 A
[10:56:18.197][S][sensor]: 'TWC Vitals Current L3' >> 0.20 A
[10:56:18.218][I][csv:715]: 1586376,AGG,4.12,5.20,8.18,-4.00,-5.00,8.18,-4.00,-5.00,8.18,-4.00,-5.00,7.98,2.85,8.18,21.33,17.25,0.00,0.00,0.00,0.20,0.20,0,0
[10:56:18.224][I][csv:715]: 1586381,AGG,4.12,5.20,8.18,-4.00,-5.00,8.18,-4.00,-5.00,8.18,-4.00,-5.00,7.98,2.84,8.18,21.34,17.25,0.00,0.00,0.00,0.20,0.20,0,0
[10:56:18.230][I][csv:715]: 1586386,AGG,4.12,3.56,8.18,-4.00,-3.00,8.18,-4.00,-3.00,8.18,-4.00,-3.00,7.98,2.84,8.18,21.34,17.25,0.00,0.00,0.00,0.20,0.20,0,0
[10:56:18.233][I][csv:715]: 1586390,AGG,4.12,3.56,8.18,-4.00,-3.00,8.18,-4.00,-3.00,8.18,-4.00,-3.00,7.98,2.84,8.18,21.35,17.25,0.00,0.00,0.00,0.20,0.20,0,0
[10:56:18.239][I][csv:715]: 1586395,AGG,4.12,3.56,5.30,-4.00,-3.00,5.30,-4.00,-3.00,5.30,-4.00,-3.00,5.10,2.83,5.30,18.47,17.25,0.00,0.00,0.00,0.20,0.20,0,0
[10:56:18.310][S][sensor]: 'Shelly Time Since Last OK' >> 229 ms
[10:56:18.310][S][sensor]: 'Shelly Active Power L3' >> 1204 W
[10:56:18.471][S][sensor]: 'Shelly Real Current L1' >> 4.12 A
[10:56:18.471][S][sensor]: 'Shelly Active Power L2' >> -844 W
[10:56:18.631][S][sensor]: 'Shelly Real Current L3' >> 5.30 A
[10:56:18.631][S][sensor]: 'TWC Vitals Vehicle Current' >> 0.20 A
[10:56:18.631][S][sensor]: 'Shelly Real Current L2' >> 3.56 A
[10:56:18.764][S][sensor]: 'TWC Time Since Last Poll' >> 43 ms
[10:56:19.632][I][vitals:883]: TWC vitals: A=0.00 B=0.00 C=0.20 vehicle=0.20 contactor=open
[10:56:19.640][I][csv:715]: 1587798,AGG,4.12,3.56,5.30,-4.00,-3.00,5.30,-4.00,-3.00,5.30,-4.00,-3.00,5.10,1.43,5.30,19.87,17.15,0.00,0.00,0.00,0.20,0.20,0,0
[10:56:19.645][I][csv:715]: 1587802,AGG,4.03,3.56,5.30,-4.00,-3.00,5.30,-4.00,-3.00,5.30,-4.00,-3.00,5.10,1.42,5.30,19.87,17.15,0.00,0.00,0.00,0.20,0.20,0,0
[10:56:19.649][I][csv:715]: 1587807,AGG,4.03,3.56,5.30,-4.00,-3.00,5.30,-4.00,-3.00,5.30,-4.00,-3.00,5.10,1.42,5.30,19.88,17.15,0.00,0.00,0.00,0.20,0.20,0,0
[10:56:19.655][I][csv:715]: 1587811,AGG,4.03,3.56,5.30,-4.00,-3.00,5.30,-4.00,-3.00,5.30,-4.00,-3.00,5.10,1.41,5.30,19.88,17.15,0.00,0.00,0.00,0.20,0.20,0,0
[10:56:19.666][I][csv:715]: 1587815,AGG,4.03,3.56,5.30,-4.00,-3.00,5.30,-4.00,-3.00,5.30,-4.00,-3.00,5.10,1.41,5.30,19.89,17.15,0.00,0.00,0.00,0.20,0.20,0,0
[10:56:19.666][I][csv:715]: 1587818,AGG,4.03,3.56,5.36,-4.00,-3.00,5.36,-4.00,-3.00,5.36,-4.00,-3.00,5.16,1.41,5.36,19.95,17.15,0.00,0.00,0.00,0.20,0.20,0,0
[10:56:19.669][S][sensor]: 'TWC Reported Current L3' >> 17.2 A
[10:56:19.669][S][sensor]: 'TWC Poll Interval' >> 197 ms
[10:56:19.669][S][sensor]: 'TWC Vitals Current L2' >> 0.00 A
[10:56:19.675][I][csv:715]: 1587825,AGG,4.03,3.56,5.36,-4.00,-3.00,5.36,-4.00,-3.00,5.36,-4.00,-3.00,5.16,1.40,5.36,19.96,17.15,0.00,0.00,0.00,0.20,0.20,0,0
[10:56:19.780][S][sensor]: 'TWC Reported Current L1' >> 17.2 A
[10:56:19.879][I][csv:715]: 1588023,AGG,4.03,3.56,5.36,-4.00,-3.00,5.36,-4.00,-3.00,5.36,-4.00,-3.00,5.16,1.20,5.36,20.15,17.25,0.00,0.00,0.00,0.20,0.20,0,0
[10:56:19.906][I][csv:715]: 1588064,AGG,4.33,3.56,5.36,-4.00,-3.00,5.36,-4.00,-3.00,5.36,-4.00,-3.00,5.16,1.16,5.36,20.19,17.25,0.00,0.00,0.00,0.20,0.20,0,0
[10:56:19.977][I][csv:715]: 1588111,AGG,4.33,3.56,5.36,-4.00,-3.00,5.36,-4.00,-3.00,5.36,-4.00,-3.00,5.16,1.11,5.36,20.24,17.25,0.00,0.00,0.00,0.20,0.20,0,0
[10:56:20.018][I][csv:715]: 1588176,AGG,4.33,3.80,5.36,-4.00,-3.00,5.36,-4.00,-3.00,5.36,-4.00,-3.00,5.16,1.05,5.36,20.31,17.25,0.00,0.00,0.00,0.20,0.20,0,0
[10:56:20.032][I][csv:715]: 1588188,AGG,4.33,3.80,5.36,-4.00,-3.00,5.36,-4.00,-3.00,5.36,-4.00,-3.00,5.16,1.04,5.36,20.32,17.25,0.00,0.00,0.00,0.20,0.20,0,0
[10:56:20.043][I][csv:715]: 1588198,AGG,4.33,3.80,5.05,-4.00,-3.00,5.05,-4.00,-3.00,5.05,-4.00,-3.00,4.85,1.03,5.05,20.02,17.25,0.00,0.00,0.00,0.20,0.20,0,0
[10:56:20.090][S][sensor]: 'Shelly Active Power L1' >> -978 W
[10:56:20.090][S][sensor]: 'TWC Vitals Current L1' >> 0.00 A
[10:56:20.202][S][sensor]: 'TWC Vitals Current L3' >> 0.20 A
[10:56:20.315][S][sensor]: 'Shelly Time Since Last OK' >> 164 ms
[10:56:20.315][S][sensor]: 'Shelly Active Power L3' >> 1149 W
[10:56:20.475][S][sensor]: 'Shelly Real Current L1' >> 4.33 A
[10:56:20.476][S][sensor]: 'Shelly Active Power L2' >> -898 W
[10:56:20.622][S][sensor]: 'Shelly Real Current L3' >> 5.05 A
[10:56:20.622][S][sensor]: 'TWC Vitals Vehicle Current' >> 0.20 A
[10:56:20.623][S][sensor]: 'Shelly Real Current L2' >> 3.80 A
[10:56:20.668][I][csv:715]: 1588825,AGG,4.33,3.80,5.05,-4.00,-3.00,5.05,-4.00,-3.00,5.05,-4.00,-3.00,4.85,0.72,5.05,20.33,17.15,0.00,0.00,0.00,0.20,0.20,0,0
[10:56:20.770][S][sensor]: 'TWC Time Since Last Poll' >> 99 ms
[10:56:21.927][I][vitals:883]: TWC vitals: A=0.00 B=0.00 C=0.20 vehicle=0.20 contactor=open
[10:56:21.936][I][csv:715]: 1590094,AGG,4.33,3.80,5.05,-4.00,-3.00,5.05,-4.00,-3.00,5.05,-4.00,-3.00,4.85,0.72,5.05,20.33,17.25,0.00,0.00,0.00,0.20,0.20,0,0
[10:56:21.943][I][csv:715]: 1590098,AGG,4.75,3.80,5.05,-4.00,-3.00,5.05,-4.00,-3.00,5.05,-4.00,-3.00,4.85,0.72,5.05,20.33,17.25,0.00,0.00,0.00,0.20,0.20,0,0
[10:56:21.944][I][csv:715]: 1590102,AGG,4.75,3.80,5.05,-4.00,-3.00,5.05,-4.00,-3.00,5.05,-4.00,-3.00,4.85,0.72,5.05,20.33,17.25,0.00,0.00,0.00,0.20,0.20,0,0
[10:56:21.955][I][csv:715]: 1590106,AGG,4.75,4.22,5.05,-4.00,-4.00,5.05,-4.00,-4.00,5.05,-4.00,-4.00,4.85,0.72,5.05,20.33,17.25,0.00,0.00,0.00,0.20,0.20,0,0
[10:56:21.974][I][csv:715]: 1590112,AGG,4.75,4.22,5.05,-4.00,-4.00,5.05,-4.00,-4.00,5.05,-4.00,-4.00,4.85,0.73,5.05,20.32,17.25,0.00,0.00,0.00,0.20,0.20,0,0
[10:56:21.975][I][csv:715]: 1590115,AGG,4.75,4.22,4.67,-4.00,-4.00,4.67,-4.00,-4.00,4.67,-4.00,-4.00,4.47,0.73,4.67,19.94,17.25,0.00,0.00,0.00,0.20,0.20,0,0
[10:56:21.975][S][sensor]: 'TWC Vitals Current L2' >> 0.00 A
[10:56:21.975][S][sensor]: 'TWC Poll Interval' >> 194 ms
[10:56:21.986][I][csv:715]: 1590120,AGG,4.75,4.22,4.67,-4.00,-4.00,4.67,-4.00,-4.00,4.67,-4.00,-4.00,4.47,0.74,4.67,19.94,17.25,0.00,0.00,0.00,0.20,0.20,0,0
[10:56:21.991][I][csv:715]: 1590144,AGG,4.75,4.22,4.67,-4.00,-4.00,4.67,-4.00,-4.00,4.67,-4.00,-4.00,4.47,0.76,4.67,19.91,17.25,0.00,0.00,0.00,0.20,0.20,0,0
[10:56:22.061][I][csv:715]: 1590217,AGG,5.61,4.22,4.67,-5.00,-4.00,4.67,-5.00,-4.00,4.67,-5.00,-4.00,4.47,0.83,4.67,19.84,17.25,0.00,0.00,0.00,0.20,0.20,0,0
[10:56:22.067][I][csv:715]: 1590220,AGG,5.61,4.22,4.67,-5.00,-4.00,4.67,-5.00,-4.00,4.67,-5.00,-4.00,4.47,0.84,4.67,19.83,17.25,0.00,0.00,0.00,0.20,0.20,0,0
[10:56:22.073][I][csv:715]: 1590224,AGG,5.61,5.07,4.67,-5.00,-5.00,4.67,-5.00,-5.00,4.67,-5.00,-5.00,4.47,0.84,4.67,19.83,17.25,0.00,0.00,0.00,0.20,0.20,0,0
[10:56:22.074][I][csv:715]: 1590227,AGG,5.61,5.07,4.67,-5.00,-5.00,4.67,-5.00,-5.00,4.67,-5.00,-5.00,4.47,0.84,4.67,19.83,17.25,0.00,0.00,0.00,0.20,0.20,0,0
[10:56:22.085][I][csv:715]: 1590231,AGG,5.61,5.07,3.83,-5.00,-5.00,3.83,-5.00,-5.00,3.83,-5.00,-5.00,3.63,0.85,3.83,18.98,17.25,0.00,0.00,0.00,0.20,0.20,0,0
[10:56:22.095][S][sensor]: 'Shelly Active Power L1' >> -1071 W
[10:56:22.095][S][sensor]: 'TWC Vitals Current L1' >> 0.00 A
[10:56:22.095][S][sensor]: 'TWC Vitals Current L3' >> 0.20 A
[10:56:22.311][S][sensor]: 'Shelly Time Since Last OK' >> 131 ms
[10:56:22.311][S][sensor]: 'Shelly Active Power L3' >> 863 W
[10:56:22.472][S][sensor]: 'Shelly Real Current L1' >> 5.61 A
[10:56:22.473][S][sensor]: 'Shelly Active Power L2' >> -1217 W
[10:56:22.635][S][sensor]: 'Shelly Real Current L3' >> 3.83 A
[10:56:22.635][S][sensor]: 'TWC Vitals Vehicle Current' >> 0.20 A
[10:56:22.635][S][sensor]: 'Shelly Real Current L2' >> 5.07 A
[10:56:22.767][S][sensor]: 'TWC Time Since Last Poll' >> 55 ms
[10:56:23.113][I][vitals:883]: TWC vitals: A=0.00 B=0.00 C=0.20 vehicle=0.20 contactor=open
[10:56:23.121][I][csv:715]: 1591279,AGG,5.61,5.07,3.83,-5.00,-5.00,3.83,-5.00,-5.00,3.83,-5.00,-5.00,3.63,1.89,3.83,17.93,17.25,0.00,0.00,0.00,0.20,0.20,0,0
[10:56:23.127][I][csv:715]: 1591283,AGG,6.80,5.07,3.83,-6.00,-5.00,3.83,-6.00,-5.00,3.83,-6.00,-5.00,3.63,1.90,3.83,17.93,17.25,0.00,0.00,0.00,0.20,0.20,0,0
[10:56:23.140][I][csv:715]: 1591286,AGG,6.80,5.07,3.83,-6.00,-5.00,3.83,-6.00,-5.00,3.83,-6.00,-5.00,3.63,1.90,3.83,17.93,17.25,0.00,0.00,0.00,0.20,0.20,0,0
[10:56:23.146][I][csv:715]: 1591293,AGG,6.80,6.34,3.83,-6.00,-6.00,3.83,-6.00,-6.00,3.83,-6.00,-6.00,3.63,1.91,3.83,17.92,17.25,0.00,0.00,0.00,0.20,0.20,0,0
[10:56:23.146][I][csv:715]: 1591296,AGG,6.80,6.34,3.83,-6.00,-6.00,3.83,-6.00,-6.00,3.83,-6.00,-6.00,3.63,1.91,3.83,17.92,17.25,0.00,0.00,0.00,0.20,0.20,0,0
[10:56:23.146][I][csv:715]: 1591299,AGG,6.80,6.34,2.84,-6.00,-6.00,2.84,-6.00,-6.00,2.84,-6.00,-6.00,2.64,1.91,2.84,16.93,16.74,0.00,0.00,0.00,0.20,0.20,0,0
[10:56:23.146][S][sensor]: 'TWC Vitals Current L2' >> 0.00 A
[10:56:23.147][S][sensor]: 'TWC Poll Interval' >> 201 ms
[10:56:23.151][I][csv:715]: 1591305,AGG,6.80,6.34,2.84,-6.00,-6.00,2.84,-6.00,-6.00,2.84,-6.00,-6.00,2.64,1.92,2.84,16.92,16.74,0.00,0.00,0.00,0.20,0.20,0,0
[10:56:23.254][S][sensor]: 'TWC Reported Current L2' >> 16.7 A
[10:56:23.910][S][sensor]: 'TWC Reported Current L3' >> 16.7 A
[10:56:23.923][I][csv:715]: 1592073,AGG,6.80,6.34,2.84,-6.00,-6.00,2.84,-6.00,-6.00,2.84,-6.00,-6.00,2.64,2.69,2.84,16.15,16.16,0.00,0.00,0.00,0.20,0.20,0,0
[10:56:23.937][I][csv:715]: 1592093,AGG,8.01,6.34,2.84,-8.00,-6.00,2.84,-8.00,-6.00,2.84,-8.00,-6.00,2.64,2.71,2.84,16.13,16.15,0.00,0.00,0.00,0.20,0.20,0,0
[10:56:23.991][I][csv:715]: 1592146,AGG,8.01,6.34,2.84,-8.00,-6.00,2.84,-8.00,-6.00,2.84,-8.00,-6.00,2.64,2.76,2.84,16.08,16.15,0.00,0.00,0.00,0.20,0.20,0,0
[10:56:24.038][I][csv:715]: 1592195,AGG,8.01,7.44,2.84,-8.00,-7.00,2.84,-8.00,-7.00,2.84,-8.00,-7.00,2.64,2.81,2.84,16.03,16.15,0.00,0.00,0.00,0.20,0.20,0,0
[10:56:24.059][I][csv:715]: 1592215,AGG,8.01,7.44,2.84,-8.00,-7.00,2.84,-8.00,-7.00,2.84,-8.00,-7.00,2.64,2.83,2.84,16.01,16.15,0.00,0.00,0.00,0.20,0.20,0,0
[10:56:24.078][I][csv:715]: 1592236,AGG,8.01,7.44,1.70,-8.00,-7.00,1.70,-8.00,-7.00,1.70,-8.00,-7.00,1.50,2.85,1.70,14.85,14.90,0.00,0.00,0.00,0.20,0.20,0,0
[10:56:24.098][S][sensor]: 'Shelly Active Power L1' >> -1573 W
[10:56:24.098][S][sensor]: 'TWC Vitals Current L1' >> 0.00 A
[10:56:24.098][S][sensor]: 'TWC Vitals Current L3' >> 0.20 A
[10:56:24.147][I][csv:715]: 1592304,AGG,8.01,7.44,1.70,-8.00,-7.00,1.70,-8.00,-7.00,1.70,-8.00,-7.00,1.50,2.92,1.70,14.78,14.83,0.00,0.00,0.00,0.20,0.20,0,0
[10:56:24.314][S][sensor]: 'Shelly Time Since Last OK' >> 126 ms
[10:56:24.314][S][sensor]: 'Shelly Active Power L3' >> 363 W
[10:56:24.479][S][sensor]: 'Shelly Real Current L1' >> 8.01 A
[10:56:24.479][S][sensor]: 'Shelly Active Power L2' >> -1816 W
[10:56:24.624][S][sensor]: 'Shelly Real Current L3' >> 1.70 A
[10:56:24.625][S][sensor]: 'TWC Vitals Vehicle Current' >> 0.20 A
[10:56:24.625][S][sensor]: 'Shelly Real Current L2' >> 7.44 A
[10:56:24.767][S][sensor]: 'TWC Time Since Last Poll' >> 113 ms
[10:56:24.768][S][sensor]: 'TWC Reported Current L1' >> 14.8 A
[10:56:25.120][I][vitals:883]: TWC vitals: A=0.00 B=0.00 C=0.20 vehicle=0.20 contactor=open
[10:56:25.127][I][csv:715]: 1593283,AGG,8.01,7.44,1.70,-8.00,-7.00,1.70,-8.00,-7.00,1.70,-8.00,-7.00,1.50,3.90,1.70,13.80,13.85,0.00,0.00,0.00,0.20,0.20,0,0
[10:56:25.137][I][csv:715]: 1593288,AGG,9.16,7.44,1.70,-9.00,-7.00,1.70,-9.00,-7.00,1.70,-9.00,-7.00,1.50,3.90,1.70,13.80,13.85,0.00,0.00,0.00,0.20,0.20,0,0
[10:56:25.137][I][csv:715]: 1593291,AGG,9.16,7.44,1.70,-9.00,-7.00,1.70,-9.00,-7.00,1.70,-9.00,-7.00,1.50,3.91,1.70,13.80,13.85,0.00,0.00,0.00,0.20,0.20,0,0
[10:56:25.146][I][csv:715]: 1593295,AGG,9.16,8.59,1.70,-9.00,-8.00,1.70,-9.00,-8.00,1.70,-9.00,-8.00,1.50,3.91,1.70,13.79,13.84,0.00,0.00,0.00,0.20,0.20,0,0
[10:56:25.146][I][csv:715]: 1593299,AGG,9.16,8.59,1.70,-9.00,-8.00,1.70,-9.00,-8.00,1.70,-9.00,-8.00,1.50,3.91,1.70,13.79,13.84,0.00,0.00,0.00,0.20,0.20,0,0
[10:56:25.146][I][csv:715]: 1593301,AGG,9.16,8.59,0.71,-9.00,-8.00,0.71,-9.00,-8.00,0.71,-9.00,-8.00,0.51,3.92,0.71,12.79,12.84,0.00,0.00,0.00,0.20,0.20,0,0
[10:56:25.147][S][sensor]: 'TWC Poll Interval' >> 192 ms
[10:56:25.148][S][sensor]: 'TWC Vitals Current L2' >> 0.00 A
[10:56:25.156][I][csv:715]: 1593308,AGG,9.16,8.59,0.71,-9.00,-8.00,0.71,-9.00,-8.00,0.71,-9.00,-8.00,0.51,3.92,0.71,12.79,12.84,0.00,0.00,0.00,0.20,0.20,0,0
[10:56:26.024][I][csv:715]: 1594180,AGG,9.16,8.59,0.71,-9.00,-8.00,0.71,-9.00,-8.00,0.71,-9.00,-8.00,0.51,4.80,0.71,11.91,11.97,0.00,0.00,0.00,0.20,0.20,0,0
[10:56:26.033][I][csv:715]: 1594184,AGG,9.08,8.59,0.71,-9.00,-8.00,0.71,-9.00,-8.00,0.71,-9.00,-8.00,0.51,4.80,0.71,11.91,11.96,0.00,0.00,0.00,0.20,0.20,0,0
[10:56:26.040][I][csv:715]: 1594187,AGG,9.08,8.59,0.71,-9.00,-8.00,0.71,-9.00,-8.00,0.71,-9.00,-8.00,0.51,4.80,0.71,11.91,11.96,0.00,0.00,0.00,0.20,0.20,0,0
[10:56:26.057][I][csv:715]: 1594215,AGG,9.08,8.61,0.71,-9.00,-8.00,0.71,-9.00,-8.00,0.71,-9.00,-8.00,0.51,4.83,0.71,11.88,11.93,0.00,0.00,0.00,0.20,0.20,0,0
[10:56:26.072][I][csv:715]: 1594230,AGG,9.08,8.61,0.71,-9.00,-8.00,0.71,-9.00,-8.00,0.71,-9.00,-8.00,0.51,4.84,0.71,11.87,11.92,0.00,0.00,0.00,0.20,0.20,0,0
[10:56:26.082][I][csv:715]: 1594237,AGG,9.08,8.61,0.74,-9.00,-8.00,0.74,-9.00,-8.00,0.74,-9.00,-8.00,0.54,4.85,0.74,11.89,11.94,0.00,0.00,0.00,0.20,0.20,0,0
[10:56:26.099][S][sensor]: 'Shelly Active Power L1' >> -2105 W
[10:56:26.100][S][sensor]: 'TWC Vitals Current L1' >> 0.00 A
[10:56:26.100][S][sensor]: 'TWC Vitals Current L3' >> 0.20 A
[10:56:26.153][I][csv:715]: 1594308,AGG,9.08,8.61,0.74,-9.00,-8.00,0.74,-9.00,-8.00,0.74,-9.00,-8.00,0.54,4.92,0.74,11.82,11.87,0.00,0.00,0.00,0.20,0.20,0,0
[10:56:26.312][S][sensor]: 'Shelly Time Since Last OK' >> 125 ms
[10:56:26.312][S][sensor]: 'Shelly Active Power L3' >> 148 W
[10:56:26.476][S][sensor]: 'Shelly Real Current L1' >> 9.08 A
[10:56:26.477][S][sensor]: 'Shelly Active Power L2' >> -2052 W
[10:56:26.627][S][sensor]: 'Shelly Real Current L3' >> 0.74 A
[10:56:26.628][S][sensor]: 'TWC Vitals Vehicle Current' >> 0.20 A
[10:56:26.628][S][sensor]: 'Shelly Real Current L2' >> 8.61 A
[10:56:26.757][S][sensor]: 'TWC Time Since Last Poll' >> 142 ms
[10:56:27.116][I][vitals:883]: TWC vitals: A=0.00 B=0.00 C=0.20 vehicle=0.20 contactor=open
[10:56:27.128][I][csv:715]: 1595284,AGG,9.08,8.61,0.74,-9.00,-8.00,0.74,-9.00,-8.00,0.74,-9.00,-8.00,0.54,5.49,0.74,11.25,11.30,0.00,0.00,0.00,0.20,0.20,0,0
[10:56:27.140][I][csv:715]: 1595288,AGG,8.26,8.61,0.74,-8.00,-8.00,0.74,-8.00,-8.00,0.74,-8.00,-8.00,0.54,5.48,0.74,11.26,11.31,0.00,0.00,0.00,0.20,0.20,0,0
[10:56:27.140][I][csv:715]: 1595291,AGG,8.26,8.61,0.74,-8.00,-8.00,0.74,-8.00,-8.00,0.74,-8.00,-8.00,0.54,5.48,0.74,11.26,11.31,0.00,0.00,0.00,0.20,0.20,0,0
[10:56:27.147][I][csv:715]: 1595296,AGG,8.26,7.79,0.74,-8.00,-7.00,0.74,-8.00,-7.00,0.74,-8.00,-7.00,0.54,5.47,0.74,11.26,11.31,0.00,0.00,0.00,0.20,0.20,0,0
[10:56:27.147][I][csv:715]: 1595299,AGG,8.26,7.79,0.74,-8.00,-7.00,0.74,-8.00,-7.00,0.74,-8.00,-7.00,0.54,5.47,0.74,11.27,11.32,0.00,0.00,0.00,0.20,0.20,0,0
[10:56:27.147][I][csv:715]: 1595302,AGG,8.26,7.79,1.47,-8.00,-7.00,1.47,-8.00,-7.00,1.47,-8.00,-7.00,1.27,5.47,1.47,12.00,12.05,0.00,0.00,0.00,0.20,0.20,0,0
[10:56:27.150][S][sensor]: 'TWC Vitals Current L2' >> 0.00 A
[10:56:27.150][S][sensor]: 'TWC Poll Interval' >> 178 ms
[10:56:27.154][I][csv:715]: 1595310,AGG,8.26,7.79,1.47,-8.00,-7.00,1.47,-8.00,-7.00,1.47,-8.00,-7.00,1.27,5.46,1.47,12.01,12.06,0.00,0.00,0.00,0.20,0.20,0,0
[10:56:27.970][I][csv:715]: 1596125,AGG,8.26,7.79,1.47,-8.00,-7.00,1.47,-8.00,-7.00,1.47,-8.00,-7.00,1.27,4.65,1.47,12.83,12.88,0.00,0.00,0.00,0.20,0.20,0,0
[10:56:27.975][I][csv:715]: 1596129,AGG,7.29,7.79,1.47,-7.00,-7.00,1.47,-7.00,-7.00,1.47,-7.00,-7.00,1.27,4.64,1.47,12.83,12.88,0.00,0.00,0.00,0.20,0.20,0,0
[10:56:28.018][I][csv:715]: 1596176,AGG,7.29,7.79,1.47,-7.00,-7.00,1.47,-7.00,-7.00,1.47,-7.00,-7.00,1.27,4.60,1.47,12.88,12.93,0.00,0.00,0.00,0.20,0.20,0,0
[10:56:28.066][I][csv:715]: 1596220,AGG,7.29,6.76,1.47,-7.00,-6.00,1.47,-7.00,-6.00,1.47,-7.00,-6.00,1.27,4.55,1.47,12.92,12.97,0.00,0.00,0.00,0.20,0.20,0,0
[10:56:28.083][S][sensor]: 'Shelly Active Power L1' >> -1883 W
[10:56:28.083][S][sensor]: 'TWC Vitals Current L1' >> 0.00 A
[10:56:28.095][I][csv:715]: 1596252,AGG,7.29,6.76,1.47,-7.00,-6.00,1.47,-7.00,-6.00,1.47,-7.00,-6.00,1.27,4.52,1.47,12.95,13.00,0.00,0.00,0.00,0.20,0.20,0,0
[10:56:28.102][I][csv:715]: 1596258,AGG,7.29,6.76,2.40,-7.00,-6.00,2.40,-7.00,-6.00,2.40,-7.00,-6.00,2.20,4.51,2.40,13.89,13.94,0.00,0.00,0.00,0.20,0.20,0,0
[10:56:28.152][I][csv:715]: 1596309,AGG,7.29,6.76,2.40,-7.00,-6.00,2.40,-7.00,-6.00,2.40,-7.00,-6.00,2.20,4.46,2.40,13.94,13.99,0.00,0.00,0.00,0.20,0.20,0,0
[10:56:28.209][S][sensor]: 'TWC Vitals Current L3' >> 0.20 A
[10:56:28.209][S][sensor]: 'TWC Reported Current L2' >> 13.9 A
[10:56:28.209][S][sensor]: 'Shelly Time Since Last OK' >> 104 ms
[10:56:28.367][S][sensor]: 'Shelly Active Power L3' >> 570 W
[10:56:28.487][S][sensor]: 'Shelly Real Current L1' >> 7.29 A
[10:56:28.487][S][sensor]: 'Shelly Active Power L2' >> -1603 W
[10:56:28.629][S][sensor]: 'Shelly Real Current L3' >> 2.40 A
[10:56:28.629][S][sensor]: 'TWC Vitals Vehicle Current' >> 0.20 A
[10:56:28.629][S][sensor]: 'Shelly Real Current L2' >> 6.76 A
[10:56:28.759][S][sensor]: 'TWC Time Since Last Poll' >> 126 ms
[10:56:29.116][I][vitals:883]: TWC vitals: A=0.00 B=0.00 C=0.20 vehicle=0.20 contactor=open
[10:56:29.128][I][csv:715]: 1597280,AGG,7.29,6.76,2.40,-7.00,-6.00,2.40,-7.00,-6.00,2.40,-7.00,-6.00,2.20,3.60,2.40,14.80,14.85,0.00,0.00,0.00,0.20,0.20,0,0
[10:56:29.133][I][csv:715]: 1597287,AGG,5.41,6.76,2.40,-5.00,-6.00,2.40,-5.00,-6.00,2.40,-5.00,-6.00,2.20,3.59,2.40,14.81,14.86,0.00,0.00,0.00,0.20,0.20,0,0
[10:56:29.133][I][csv:715]: 1597290,AGG,5.41,6.76,2.40,-5.00,-6.00,2.40,-5.00,-6.00,2.40,-5.00,-6.00,2.20,3.59,2.40,14.81,14.86,0.00,0.00,0.00,0.20,0.20,0,0
[10:56:29.138][I][csv:715]: 1597295,AGG,5.41,4.89,2.40,-5.00,-4.00,2.40,-5.00,-4.00,2.40,-5.00,-4.00,2.20,3.59,2.40,14.81,14.86,0.00,0.00,0.00,0.20,0.20,0,0
[10:56:29.145][I][csv:715]: 1597300,AGG,5.41,4.89,2.40,-5.00,-4.00,2.40,-5.00,-4.00,2.40,-5.00,-4.00,2.20,3.58,2.40,14.82,14.87,0.00,0.00,0.00,0.20,0.20,0,0
[10:56:29.152][I][csv:715]: 1597305,AGG,5.41,4.89,4.18,-5.00,-4.00,4.18,-5.00,-4.00,4.18,-5.00,-4.00,3.98,3.58,4.18,16.60,16.50,0.00,0.00,0.00,0.20,0.20,0,0
[10:56:29.154][S][sensor]: 'TWC Reported Current L3' >> 14.0 A
[10:56:29.154][S][sensor]: 'TWC Poll Interval' >> 195 ms
[10:56:29.154][S][sensor]: 'TWC Vitals Current L2' >> 0.00 A
[10:56:29.160][I][csv:715]: 1597312,AGG,5.41,4.89,4.18,-5.00,-4.00,4.18,-5.00,-4.00,4.18,-5.00,-4.00,3.98,3.57,4.18,16.61,16.50,0.00,0.00,0.00,0.20,0.20,0,0
[10:56:29.786][S][sensor]: 'TWC Reported Current L1' >> 16.5 A
[10:56:30.025][I][csv:715]: 1598176,AGG,5.41,4.89,4.18,-5.00,-4.00,4.18,-5.00,-4.00,4.18,-5.00,-4.00,3.98,2.70,4.18,17.47,17.15,0.00,0.00,0.00,0.20,0.20,0,0
[10:56:30.030][I][csv:715]: 1598179,AGG,3.57,4.89,4.18,-3.00,-4.00,4.18,-3.00,-4.00,4.18,-3.00,-4.00,3.98,2.70,4.18,17.47,17.16,0.00,0.00,0.00,0.20,0.20,0,0
[10:56:30.041][I][csv:715]: 1598188,AGG,3.57,4.89,4.18,-3.00,-4.00,4.18,-3.00,-4.00,4.18,-3.00,-4.00,3.98,2.69,4.18,17.48,17.16,0.00,0.00,0.00,0.20,0.20,0,0
[10:56:30.071][I][csv:715]: 1598228,AGG,3.57,3.03,4.18,-3.00,-3.00,4.18,-3.00,-3.00,4.18,-3.00,-3.00,3.98,2.65,4.18,17.52,17.19,0.00,0.00,0.00,0.20,0.20,0,0
[10:56:30.096][S][sensor]: 'Shelly Active Power L1' >> -1214 W
[10:56:30.096][S][sensor]: 'TWC Vitals Current L1' >> 0.00 A
[10:56:30.104][I][csv:715]: 1598261,AGG,3.57,3.03,4.18,-3.00,-3.00,4.18,-3.00,-3.00,4.18,-3.00,-3.00,3.98,2.62,4.18,17.56,17.22,0.00,0.00,0.00,0.20,0.20,0,0
[10:56:30.113][I][csv:715]: 1598268,AGG,3.57,3.03,5.97,-3.00,-3.00,5.97,-3.00,-3.00,5.97,-3.00,-3.00,5.77,2.61,5.97,19.35,17.25,0.00,0.00,0.00,0.20,0.20,0,0
[10:56:30.154][I][csv:715]: 1598312,AGG,3.57,3.03,5.97,-3.00,-3.00,5.97,-3.00,-3.00,5.97,-3.00,-3.00,5.77,2.57,5.97,19.40,17.25,0.00,0.00,0.00,0.20,0.20,0,0
[10:56:30.195][S][sensor]: 'TWC Vitals Current L3' >> 0.20 A
[10:56:30.321][S][sensor]: 'Shelly Time Since Last OK' >> 94 ms
[10:56:30.321][S][sensor]: 'Shelly Active Power L3' >> 1399 W
[10:56:30.470][S][sensor]: 'Shelly Real Current L1' >> 3.57 A
[10:56:30.471][S][sensor]: 'Shelly Active Power L2' >> -696 W
[10:56:30.633][S][sensor]: 'Shelly Real Current L3' >> 5.97 A
[10:56:30.634][S][sensor]: 'TWC Vitals Vehicle Current' >> 0.20 A
[10:56:30.634][S][sensor]: 'Shelly Real Current L2' >> 3.03 A
[10:56:30.773][S][sensor]: 'TWC Time Since Last Poll' >> 152 ms
[10:56:31.117][I][vitals:883]: TWC vitals: A=0.00 B=0.00 C=0.20 vehicle=0.20 contactor=open
[10:56:31.127][I][csv:715]: 1599284,AGG,3.57,3.03,5.97,-3.00,-3.00,5.97,-3.00,-3.00,5.97,-3.00,-3.00,5.77,1.60,5.97,20.37,17.25,0.00,0.00,0.00,0.20,0.20,0,0
[10:56:31.133][I][csv:715]: 1599288,AGG,2.70,3.03,5.97,-2.00,-3.00,5.97,-2.00,-3.00,5.97,-2.00,-3.00,5.77,1.59,5.97,20.37,17.25,0.00,0.00,0.00,0.20,0.20,0,0
[10:56:31.137][I][csv:715]: 1599293,AGG,2.70,3.03,5.97,-2.00,-3.00,5.97,-2.00,-3.00,5.97,-2.00,-3.00,5.77,1.59,5.97,20.38,17.25,0.00,0.00,0.00,0.20,0.20,0,0
[10:56:31.144][I][csv:715]: 1599297,AGG,2.70,2.14,5.97,-2.00,-2.00,5.97,-2.00,-2.00,5.97,-2.00,-2.00,5.77,1.58,5.97,20.38,17.25,0.00,0.00,0.00,0.20,0.20,0,0
[10:56:31.144][I][csv:715]: 1599300,AGG,2.70,2.14,5.97,-2.00,-2.00,5.97,-2.00,-2.00,5.97,-2.00,-2.00,5.77,1.58,5.97,20.38,17.25,0.00,0.00,0.00,0.20,0.20,0,0
[10:56:31.151][I][csv:715]: 1599305,AGG,2.70,2.14,6.76,-2.00,-2.00,6.76,-2.00,-2.00,6.76,-2.00,-2.00,6.56,1.58,6.76,21.19,17.25,0.00,0.00,0.00,0.20,0.20,0,0
[10:56:31.151][S][sensor]: 'TWC Vitals Current L2' >> 0.00 A
[10:56:31.151][S][sensor]: 'TWC Poll Interval' >> 166 ms
[10:56:31.156][I][csv:715]: 1599312,AGG,2.70,2.14,6.76,-2.00,-2.00,6.76,-2.00,-2.00,6.76,-2.00,-2.00,6.56,1.57,6.76,21.19,17.25,0.00,0.00,0.00,0.20,0.20,0,0
[10:56:31.962][I][csv:715]: 1600117,AGG,2.70,2.14,6.76,-2.00,-2.00,6.76,-2.00,-2.00,6.76,-2.00,-2.00,6.56,0.76,6.76,22.00,17.25,0.00,0.00,0.00,0.20,0.20,0,0
[10:56:31.980][I][csv:715]: 1600137,AGG,2.55,2.14,6.76,-2.00,-2.00,6.76,-2.00,-2.00,6.76,-2.00,-2.00,6.56,0.74,6.76,22.02,17.25,0.00,0.00,0.00,0.20,0.20,0,0
[10:56:32.035][I][csv:715]: 1600193,AGG,2.55,2.14,6.76,-2.00,-2.00,6.76,-2.00,-2.00,6.76,-2.00,-2.00,6.56,0.69,6.76,22.07,17.25,0.00,0.00,0.00,0.20,0.20,0,0
[10:56:32.082][I][csv:715]: 1600238,AGG,2.55,2.01,6.76,-2.00,-2.00,6.76,-2.00,-2.00,6.76,-2.00,-2.00,6.56,0.64,6.76,22.12,17.25,0.00,0.00,0.00,0.20,0.20,0,0
[10:56:32.100][S][sensor]: 'Shelly Active Power L1' >> -597 W
[10:56:32.100][S][sensor]: 'TWC Vitals Current L1' >> 0.00 A
[10:56:32.100][S][sensor]: 'TWC Vitals Current L3' >> 0.20 A
[10:56:32.117][I][csv:715]: 1600273,AGG,2.55,2.01,6.76,-2.00,-2.00,6.76,-2.00,-2.00,6.76,-2.00,-2.00,6.56,0.61,6.76,22.15,17.25,0.00,0.00,0.00,0.20,0.20,0,0
[10:56:32.124][I][csv:715]: 1600282,AGG,2.55,2.01,6.89,-2.00,-2.00,6.89,-2.00,-2.00,6.89,-2.00,-2.00,6.69,0.60,6.89,22.29,17.25,0.00,0.00,0.00,0.20,0.20,0,0
[10:56:32.155][I][csv:715]: 1600312,AGG,2.55,2.01,6.89,-2.00,-2.00,6.89,-2.00,-2.00,6.89,-2.00,-2.00,6.69,0.57,6.89,22.32,17.25,0.00,0.00,0.00,0.20,0.20,0,0
[10:56:32.307][S][sensor]: 'Shelly Time Since Last OK' >> 80 ms
[10:56:32.307][S][sensor]: 'Shelly Active Power L3' >> 1597 W
[10:56:32.469][S][sensor]: 'Shelly Real Current L1' >> 2.55 A
[10:56:32.469][S][sensor]: 'Shelly Active Power L2' >> -470 W
[10:56:32.628][S][sensor]: 'Shelly Real Current L3' >> 6.89 A
[10:56:32.629][S][sensor]: 'TWC Vitals Vehicle Current' >> 0.20 A
[10:56:32.629][S][sensor]: 'Shelly Real Current L2' >> 2.01 A
[10:56:32.762][S][sensor]: 'TWC Time Since Last Poll' >> 140 ms
[10:56:33.119][I][vitals:883]: TWC vitals: A=0.00 B=0.00 C=0.20 vehicle=0.20 contactor=open
[10:56:33.128][I][csv:715]: 1601284,AGG,2.55,2.01,6.89,-2.00,-2.00,6.89,-2.00,-2.00,6.89,-2.00,-2.00,6.69,-0.40,6.89,23.29,17.25,0.00,0.00,0.00,0.20,0.20,0,0
[10:56:33.135][I][csv:715]: 1601290,AGG,2.54,2.01,6.89,-2.00,-2.00,6.89,-2.00,-2.00,6.89,-2.00,-2.00,6.69,-0.41,6.89,23.29,17.25,0.00,0.00,0.00,0.20,0.20,0,0
[10:56:33.135][I][csv:715]: 1601293,AGG,2.54,2.01,6.89,-2.00,-2.00,6.89,-2.00,-2.00,6.89,-2.00,-2.00,6.69,-0.41,6.89,23.30,17.25,0.00,0.00,0.00,0.20,0.20,0,0
[10:56:33.144][I][csv:715]: 1601297,AGG,2.54,2.06,6.89,-2.00,-2.00,6.89,-2.00,-2.00,6.89,-2.00,-2.00,6.69,-0.42,6.89,23.30,17.25,0.00,0.00,0.00,0.20,0.20,0,0
[10:56:33.149][I][csv:715]: 1601301,AGG,2.54,2.06,6.89,-2.00,-2.00,6.89,-2.00,-2.00,6.89,-2.00,-2.00,6.69,-0.42,6.89,23.31,17.25,0.00,0.00,0.00,0.20,0.20,0,0
[10:56:33.149][S][sensor]: 'TWC Vitals Current L2' >> 0.00 A
[10:56:33.149][S][sensor]: 'TWC Poll Interval' >> 196 ms
[10:56:33.156][I][csv:715]: 1601312,AGG,2.54,2.06,6.89,-2.00,-2.00,6.89,-2.00,-2.00,6.89,-2.00,-2.00,6.69,-0.43,6.89,23.32,17.25,0.00,0.00,0.00,0.20,0.20,0,0
[10:56:33.165][I][csv:715]: 1601319,AGG,2.54,2.06,6.89,-2.00,-2.00,6.89,-2.00,-2.00,6.89,-2.00,-2.00,6.69,-0.44,6.89,23.32,17.25,0.00,0.00,0.00,0.20,0.20,0,0
[10:56:33.258][S][sensor]: 'TWC Reported Current L2' >> 17.2 A
[10:56:33.910][S][sensor]: 'TWC Reported Current L3' >> 17.2 A
[10:56:33.951][I][csv:715]: 1602107,AGG,2.54,2.06,6.89,-2.00,-2.00,6.89,-2.00,-2.00,6.89,-2.00,-2.00,6.69,-0.90,6.89,23.78,17.25,0.00,0.00,0.00,0.20,0.20,0,0
[10:56:34.003][I][csv:715]: 1602156,AGG,2.53,2.06,6.89,-2.00,-2.00,6.89,-2.00,-2.00,6.89,-2.00,-2.00,6.69,-0.90,6.89,23.78,17.25,0.00,0.00,0.00,0.20,0.20,0,0
[10:56:34.049][I][csv:715]: 1602207,AGG,2.53,2.06,6.89,-2.00,-2.00,6.89,-2.00,-2.00,6.89,-2.00,-2.00,6.69,-0.90,6.89,23.78,17.25,0.00,0.00,0.00,0.20,0.20,0,0
[10:56:34.106][I][csv:715]: 1602249,AGG,2.53,2.00,6.89,-2.00,-1.00,6.89,-2.00,-1.00,6.89,-2.00,-1.00,6.69,-0.94,6.89,23.82,17.25,0.00,0.00,0.00,0.20,0.20,0,0
[10:56:34.106][S][sensor]: 'Shelly Active Power L1' >> -566 W
[10:56:34.106][S][sensor]: 'TWC Vitals Current L1' >> 0.00 A
[10:56:34.130][I][csv:715]: 1602286,AGG,2.53,2.00,6.89,-2.00,-1.00,6.89,-2.00,-1.00,6.89,-2.00,-1.00,6.69,-0.97,6.89,23.86,17.25,0.00,0.00,0.00,0.20,0.20,0,0
[10:56:34.155][I][csv:715]: 1602312,AGG,2.53,2.00,6.89,-2.00,-1.00,6.89,-2.00,-1.00,6.89,-2.00,-1.00,6.69,-1.00,6.89,23.89,17.25,0.00,0.00,0.00,0.20,0.20,0,0
[10:56:34.168][I][csv:715]: 1602326,AGG,2.53,2.00,6.93,-2.00,-1.00,6.93,-2.00,-1.00,6.93,-2.00,-1.00,6.73,-1.01,6.93,23.94,17.25,0.00,0.00,0.00,0.20,0.20,0,0
[10:56:34.207][S][sensor]: 'TWC Vitals Current L3' >> 0.20 A
[10:56:34.207][S][sensor]: 'Shelly Time Since Last OK' >> 36 ms
[10:56:34.355][S][sensor]: 'Shelly Active Power L3' >> 1598 W
[10:56:34.484][S][sensor]: 'Shelly Real Current L1' >> 2.53 A
[10:56:34.485][S][sensor]: 'Shelly Active Power L2' >> -467 W
[10:56:34.629][S][sensor]: 'Shelly Real Current L3' >> 6.93 A
[10:56:34.629][S][sensor]: 'TWC Vitals Vehicle Current' >> 0.20 A
[10:56:34.629][S][sensor]: 'Shelly Real Current L2' >> 2.00 A
[10:56:34.770][S][sensor]: 'TWC Time Since Last Poll' >> 9 ms
[10:56:34.770][S][sensor]: 'TWC Reported Current L1' >> 17.2 A
[10:56:35.121][I][vitals:883]: TWC vitals: A=0.00 B=0.00 C=0.20 vehicle=0.20 contactor=open
[10:56:35.134][I][csv:715]: 1603284,AGG,2.53,2.00,6.93,-2.00,-1.00,6.93,-2.00,-1.00,6.93,-2.00,-1.00,6.73,-1.24,6.93,24.17,17.25,0.00,0.00,0.00,0.20,0.20,0,0
[10:56:35.134][I][csv:715]: 1603288,AGG,2.51,2.00,6.93,-2.00,-1.00,6.93,-2.00,-1.00,6.93,-2.00,-1.00,6.73,-1.24,6.93,24.17,17.25,0.00,0.00,0.00,0.20,0.20,0,0
[10:56:35.134][I][csv:715]: 1603291,AGG,2.51,2.00,6.93,-2.00,-1.00,6.93,-2.00,-1.00,6.93,-2.00,-1.00,6.73,-1.24,6.93,24.17,17.25,0.00,0.00,0.00,0.20,0.20,0,0
[10:56:35.139][I][csv:715]: 1603295,AGG,2.51,1.99,6.93,-2.00,-1.00,6.93,-2.00,-1.00,6.93,-2.00,-1.00,6.73,-1.24,6.93,24.17,17.25,0.00,0.00,0.00,0.20,0.20,0,0
[10:56:35.145][S][sensor]: 'TWC Vitals Current L2' >> 0.00 A
[10:56:35.145][S][sensor]: 'TWC Poll Interval' >> 198 ms
[10:56:35.149][E][modbus:456]: Attempted to send while transmission blocked
[10:56:35.155][I][csv:715]: 1603312,AGG,2.51,1.99,6.93,-2.00,-1.00,6.93,-2.00,-1.00,6.93,-2.00,-1.00,6.73,-1.24,6.93,24.17,17.25,0.00,0.00,0.00,0.20,0.20,0,0
[10:56:35.164][I][csv:715]: 1603321,AGG,2.51,1.99,6.93,-2.00,-1.00,6.93,-2.00,-1.00,6.93,-2.00,-1.00,6.73,-1.24,6.93,24.17,17.25,0.00,0.00,0.00,0.20,0.20,0,0
[10:56:35.177][I][csv:715]: 1603334,AGG,2.51,1.99,6.95,-2.00,-1.00,6.95,-2.00,-1.00,6.95,-2.00,-1.00,6.75,-1.25,6.95,24.20,17.25,0.00,0.00,0.00,0.20,0.20,0,0
[10:56:36.064][I][csv:715]: 1604220,AGG,2.51,1.99,6.95,-2.00,-1.00,6.95,-2.00,-1.00,6.95,-2.00,-1.00,6.75,-1.25,6.95,24.20,17.25,0.00,0.00,0.00,0.20,0.20,0,0
[10:56:36.071][I][csv:715]: 1604223,AGG,2.49,1.99,6.95,-2.00,-1.00,6.95,-2.00,-1.00,6.95,-2.00,-1.00,6.75,-1.25,6.95,24.20,17.25,0.00,0.00,0.00,0.20,0.20,0,0
[10:56:36.075][I][csv:715]: 1604227,AGG,2.49,1.99,6.95,-2.00,-1.00,6.95,-2.00,-1.00,6.95,-2.00,-1.00,6.75,-1.25,6.95,24.20,17.25,0.00,0.00,0.00,0.20,0.20,0,0
[10:56:36.091][S][sensor]: 'Shelly Active Power L1' >> -559 W
[10:56:36.092][S][sensor]: 'TWC Vitals Current L1' >> 0.00 A
[10:56:36.109][I][csv:715]: 1604261,AGG,2.49,1.97,6.95,-2.00,-1.00,6.95,-2.00,-1.00,6.95,-2.00,-1.00,6.75,-1.25,6.95,24.20,17.25,0.00,0.00,0.00,0.20,0.20,0,0
[10:56:36.155][I][csv:715]: 1604312,AGG,2.49,1.97,6.95,-2.00,-1.00,6.95,-2.00,-1.00,6.95,-2.00,-1.00,6.75,-1.25,6.95,24.20,17.25,0.00,0.00,0.00,0.20,0.20,0,0
[10:56:36.167][I][csv:715]: 1604324,AGG,2.49,1.97,6.95,-2.00,-1.00,6.95,-2.00,-1.00,6.95,-2.00,-1.00,6.75,-1.25,6.95,24.20,17.25,0.00,0.00,0.00,0.20,0.20,0,0
[10:56:36.181][I][csv:715]: 1604338,AGG,2.49,1.97,6.97,-2.00,-1.00,6.97,-2.00,-1.00,6.97,-2.00,-1.00,6.77,-1.26,6.97,24.22,17.25,0.00,0.00,0.00,0.20,0.20,0,0
[10:56:36.201][S][sensor]: 'TWC Vitals Current L3' >> 0.20 A
[10:56:36.314][S][sensor]: 'Shelly Time Since Last OK' >> 25 ms
[10:56:36.315][S][sensor]: 'Shelly Active Power L3' >> 1615 W
[10:56:36.481][S][sensor]: 'Shelly Real Current L1' >> 2.49 A
[10:56:36.482][S][sensor]: 'Shelly Active Power L2' >> -473 W
[10:56:36.623][S][sensor]: 'Shelly Real Current L3' >> 6.97 A
[10:56:36.624][S][sensor]: 'TWC Vitals Vehicle Current' >> 0.20 A
[10:56:36.624][S][sensor]: 'Shelly Real Current L2' >> 1.97 A
[10:56:36.776][S][sensor]: 'TWC Time Since Last Poll' >> 67 ms
[10:56:37.116][I][vitals:883]: TWC vitals: A=0.00 B=0.00 C=0.20 vehicle=0.20 contactor=open
[10:56:37.128][I][csv:715]: 1605284,AGG,2.49,1.97,6.97,-2.00,-1.00,6.97,-2.00,-1.00,6.97,-2.00,-1.00,6.77,-1.26,6.97,24.22,17.25,0.00,0.00,0.00,0.20,0.20,0,0
[10:56:37.134][I][csv:715]: 1605288,AGG,2.48,1.97,6.97,-2.00,-1.00,6.97,-2.00,-1.00,6.97,-2.00,-1.00,6.77,-1.26,6.97,24.22,17.25,0.00,0.00,0.00,0.20,0.20,0,0
[10:56:37.136][I][csv:715]: 1605291,AGG,2.48,1.97,6.97,-2.00,-1.00,6.97,-2.00,-1.00,6.97,-2.00,-1.00,6.77,-1.26,6.97,24.22,17.25,0.00,0.00,0.00,0.20,0.20,0,0
[10:56:37.147][I][csv:715]: 1605299,AGG,2.48,2.01,6.97,-2.00,-2.00,6.97,-2.00,-2.00,6.97,-2.00,-2.00,6.77,-1.25,6.97,24.21,17.25,0.00,0.00,0.00,0.20,0.20,0,0
[10:56:37.148][S][sensor]: 'TWC Vitals Current L2' >> 0.00 A
[10:56:37.148][S][sensor]: 'TWC Poll Interval' >> 194 ms
[10:56:37.155][I][csv:715]: 1605312,AGG,2.48,2.01,6.97,-2.00,-2.00,6.97,-2.00,-2.00,6.97,-2.00,-2.00,6.77,-1.23,6.97,24.20,17.25,0.00,0.00,0.00,0.20,0.20,0,0
[10:56:37.176][I][csv:715]: 1605332,AGG,2.48,2.01,6.97,-2.00,-2.00,6.97,-2.00,-2.00,6.97,-2.00,-2.00,6.77,-1.21,6.97,24.18,17.25,0.00,0.00,0.00,0.20,0.20,0,0
[10:56:37.189][I][csv:715]: 1605344,AGG,2.48,2.01,6.99,-2.00,-2.00,6.99,-2.00,-2.00,6.99,-2.00,-2.00,6.79,-1.20,6.99,24.19,17.25,0.00,0.00,0.00,0.20,0.20,0,0
[10:56:38.004][I][csv:715]: 1606161,AGG,2.48,2.01,6.99,-2.00,-2.00,6.99,-2.00,-2.00,6.99,-2.00,-2.00,6.79,-0.93,6.99,23.91,17.25,0.00,0.00,0.00,0.20,0.20,0,0
[10:56:38.035][I][csv:715]: 1606192,AGG,2.47,2.01,6.99,-2.00,-2.00,6.99,-2.00,-2.00,6.99,-2.00,-2.00,6.79,-0.93,6.99,23.91,17.25,0.00,0.00,0.00,0.20,0.20,0,0
[10:56:38.069][I][csv:715]: 1606225,AGG,2.47,2.01,6.99,-2.00,-2.00,6.99,-2.00,-2.00,6.99,-2.00,-2.00,6.79,-0.93,6.99,23.91,17.25,0.00,0.00,0.00,0.20,0.20,0,0
[10:56:38.088][S][sensor]: 'Shelly Active Power L1' >> -548 W
[10:56:38.088][S][sensor]: 'TWC Vitals Current L1' >> 0.00 A
[10:56:38.118][I][csv:715]: 1606275,AGG,2.47,1.95,6.99,-2.00,-1.00,6.99,-2.00,-1.00,6.99,-2.00,-1.00,6.79,-0.98,6.99,23.96,17.25,0.00,0.00,0.00,0.20,0.20,0,0
[10:56:38.155][I][csv:715]: 1606312,AGG,2.47,1.95,6.99,-2.00,-1.00,6.99,-2.00,-1.00,6.99,-2.00,-1.00,6.79,-1.02,6.99,24.00,17.25,0.00,0.00,0.00,0.20,0.20,0,0
[10:56:38.182][I][csv:715]: 1606339,AGG,2.47,1.95,6.99,-2.00,-1.00,6.99,-2.00,-1.00,6.99,-2.00,-1.00,6.79,-1.04,6.99,24.03,17.25,0.00,0.00,0.00,0.20,0.20,0,0
[10:56:38.196][I][csv:715]: 1606353,AGG,2.47,1.95,6.99,-2.00,-1.00,6.99,-2.00,-1.00,6.99,-2.00,-1.00,6.79,-1.06,6.99,24.05,17.25,0.00,0.00,0.00,0.20,0.20,0,0
[10:56:38.217][S][sensor]: 'TWC Vitals Current L3' >> 0.20 A
[10:56:38.217][S][sensor]: 'TWC Reported Current L2' >> 17.2 A
[10:56:38.217][S][sensor]: 'Shelly Time Since Last OK' >> 10 ms
[10:56:38.355][S][sensor]: 'Shelly Active Power L3' >> 1623 W
[10:56:38.481][S][sensor]: 'Shelly Real Current L1' >> 2.47 A
[10:56:38.481][S][sensor]: 'Shelly Active Power L2' >> -473 W
[10:56:38.626][S][sensor]: 'Shelly Real Current L3' >> 6.99 A
[10:56:38.626][S][sensor]: 'TWC Vitals Vehicle Current' >> 0.20 A
[10:56:38.626][S][sensor]: 'Shelly Real Current L2' >> 1.95 A
[10:56:38.756][S][sensor]: 'TWC Time Since Last Poll' >> 32 ms
[10:56:39.122][I][vitals:883]: TWC vitals: A=0.00 B=0.00 C=0.20 vehicle=0.20 contactor=open
[10:56:39.134][I][csv:715]: 1607289,AGG,2.47,1.95,6.99,-2.00,-1.00,6.99,-2.00,-1.00,6.99,-2.00,-1.00,6.79,-1.26,6.99,24.26,17.25,0.00,0.00,0.00,0.20,0.20,0,0
[10:56:39.139][I][csv:715]: 1607293,AGG,2.44,1.95,6.99,-2.00,-1.00,6.99,-2.00,-1.00,6.99,-2.00,-1.00,6.79,-1.26,6.99,24.26,17.25,0.00,0.00,0.00,0.20,0.20,0,0
[10:56:39.140][I][csv:715]: 1607296,AGG,2.44,1.95,6.99,-2.00,-1.00,6.99,-2.00,-1.00,6.99,-2.00,-1.00,6.79,-1.26,6.99,24.26,17.25,0.00,0.00,0.00,0.20,0.20,0,0
[10:56:39.145][I][csv:715]: 1607302,AGG,2.44,2.00,6.99,-2.00,-2.00,6.99,-2.00,-2.00,6.99,-2.00,-2.00,6.79,-1.26,6.99,24.25,17.25,0.00,0.00,0.00,0.20,0.20,0,0
[10:56:39.150][S][sensor]: 'TWC Reported Current L3' >> 17.2 A
[10:56:39.150][S][sensor]: 'TWC Poll Interval' >> 193 ms
[10:56:39.150][S][sensor]: 'TWC Vitals Current L2' >> 0.00 A
[10:56:39.158][I][csv:715]: 1607312,AGG,2.44,2.00,6.99,-2.00,-2.00,6.99,-2.00,-2.00,6.99,-2.00,-2.00,6.79,-1.25,6.99,24.24,17.25,0.00,0.00,0.00,0.20,0.20,0,0
[10:56:39.186][I][csv:715]: 1607343,AGG,2.44,2.00,6.99,-2.00,-2.00,6.99,-2.00,-2.00,6.99,-2.00,-2.00,6.79,-1.22,6.99,24.21,17.25,0.00,0.00,0.00,0.20,0.20,0,0
[10:56:39.199][I][csv:715]: 1607356,AGG,2.44,2.00,7.00,-2.00,-2.00,7.00,-2.00,-2.00,7.00,-2.00,-2.00,6.80,-1.20,7.00,24.21,17.25,0.00,0.00,0.00,0.20,0.20,0,0
[10:56:39.782][S][sensor]: 'TWC Reported Current L1' >> 17.2 A
[10:56:40.054][I][csv:715]: 1608211,AGG,2.44,2.00,7.00,-2.00,-2.00,7.00,-2.00,-2.00,7.00,-2.00,-2.00,6.80,-0.93,7.00,23.94,17.25,0.00,0.00,0.00,0.20,0.20,0,0
[10:56:40.060][I][csv:715]: 1608215,AGG,2.43,2.00,7.00,-2.00,-2.00,7.00,-2.00,-2.00,7.00,-2.00,-2.00,6.80,-0.93,7.00,23.94,17.25,0.00,0.00,0.00,0.20,0.20,0,0
[10:56:40.083][I][csv:715]: 1608240,AGG,2.43,2.00,7.00,-2.00,-2.00,7.00,-2.00,-2.00,7.00,-2.00,-2.00,6.80,-0.93,7.00,23.94,17.25,0.00,0.00,0.00,0.20,0.20,0,0
[10:56:40.087][S][sensor]: 'Shelly Active Power L1' >> -547 W
[10:56:40.087][S][sensor]: 'TWC Vitals Current L1' >> 0.00 A
[10:56:40.126][I][csv:715]: 1608282,AGG,2.43,1.94,7.00,-2.00,-1.00,7.00,-2.00,-1.00,7.00,-2.00,-1.00,6.80,-0.98,7.00,23.98,17.25,0.00,0.00,0.00,0.20,0.20,0,0
[10:56:40.155][I][csv:715]: 1608312,AGG,2.43,1.94,7.00,-2.00,-1.00,7.00,-2.00,-1.00,7.00,-2.00,-1.00,6.80,-1.01,7.00,24.01,17.25,0.00,0.00,0.00,0.20,0.20,0,0
[10:56:40.193][I][csv:715]: 1608350,AGG,2.43,1.94,7.00,-2.00,-1.00,7.00,-2.00,-1.00,7.00,-2.00,-1.00,6.80,-1.04,7.00,24.05,17.25,0.00,0.00,0.00,0.20,0.20,0,0
[10:56:40.200][S][sensor]: 'TWC Vitals Current L3' >> 0.20 A
[10:56:40.206][I][csv:715]: 1608362,AGG,2.43,1.94,6.99,-2.00,-1.00,6.99,-2.00,-1.00,6.99,-2.00,-1.00,6.79,-1.06,6.99,24.05,17.25,0.00,0.00,0.00,0.20,0.20,0,0
[10:56:40.322][S][sensor]: 'Shelly Time Since Last OK' >> 4 ms
[10:56:40.323][S][sensor]: 'Shelly Active Power L3' >> 1628 W
[10:56:40.487][S][sensor]: 'Shelly Real Current L1' >> 2.43 A
[10:56:40.487][S][sensor]: 'Shelly Active Power L2' >> -467 W
[10:56:40.629][S][sensor]: 'Shelly Real Current L3' >> 6.99 A
[10:56:40.629][S][sensor]: 'TWC Vitals Vehicle Current' >> 0.20 A
[10:56:40.629][S][sensor]: 'Shelly Real Current L2' >> 1.94 A
[10:56:40.757][S][sensor]: 'TWC Time Since Last Poll' >> 78 ms
[10:56:41.117][I][vitals:883]: TWC vitals: A=0.00 B=0.00 C=0.20 vehicle=0.20 contactor=open
[10:56:41.128][I][csv:715]: 1609285,AGG,2.43,1.94,6.99,-2.00,-1.00,6.99,-2.00,-1.00,6.99,-2.00,-1.00,6.79,-1.26,6.99,24.26,17.25,0.00,0.00,0.00,0.20,0.20,0,0
[10:56:41.135][I][csv:715]: 1609289,AGG,2.43,1.94,6.99,-2.00,-1.00,6.99,-2.00,-1.00,6.99,-2.00,-1.00,6.79,-1.26,6.99,24.26,17.25,0.00,0.00,0.00,0.20,0.20,0,0
[10:56:41.139][S][sensor]: 'TWC Poll Interval' >> 197 ms
[10:56:41.139][S][sensor]: 'TWC Vitals Current L2' >> 0.00 A
[10:56:41.155][I][csv:715]: 1609312,AGG,2.43,1.94,6.99,-2.00,-1.00,6.99,-2.00,-1.00,6.99,-2.00,-1.00,6.79,-1.26,6.99,24.26,17.25,0.00,0.00,0.00,0.20,0.20,0,0
[10:56:41.169][I][csv:715]: 1609325,AGG,2.43,1.94,6.99,-2.00,-1.00,6.99,-2.00,-1.00,6.99,-2.00,-1.00,6.79,-1.26,6.99,24.26,17.25,0.00,0.00,0.00,0.20,0.20,0,0
[10:56:41.195][I][csv:715]: 1609353,AGG,2.43,1.94,6.99,-2.00,-1.00,6.99,-2.00,-1.00,6.99,-2.00,-1.00,6.79,-1.26,6.99,24.26,17.25,0.00,0.00,0.00,0.20,0.20,0,0
[10:56:41.212][I][csv:715]: 1609367,AGG,2.43,1.94,7.01,-2.00,-1.00,7.01,-2.00,-1.00,7.01,-2.00,-1.00,6.81,-1.27,7.01,24.28,17.25,0.00,0.00,0.00,0.20,0.20,0,0
[10:56:42.100][I][csv:715]: 1610256,AGG,2.43,1.94,7.01,-2.00,-1.00,7.01,-2.00,-1.00,7.01,-2.00,-1.00,6.81,-1.27,7.01,24.28,17.25,0.00,0.00,0.00,0.20,0.20,0,0
[10:56:42.110][I][csv:715]: 1610260,AGG,2.43,1.94,7.01,-2.00,-1.00,7.01,-2.00,-1.00,7.01,-2.00,-1.00,6.81,-1.27,7.01,24.28,17.25,0.00,0.00,0.00,0.20,0.20,0,0
[10:56:42.111][I][csv:715]: 1610263,AGG,2.43,1.94,7.01,-2.00,-1.00,7.01,-2.00,-1.00,7.01,-2.00,-1.00,6.81,-1.27,7.01,24.28,17.25,0.00,0.00,0.00,0.20,0.20,0,0
[10:56:42.111][S][sensor]: 'Shelly Active Power L1' >> -544 W
[10:56:42.111][S][sensor]: 'TWC Vitals Current L1' >> 0.00 A
[10:56:42.156][I][csv:715]: 1610312,AGG,2.43,1.94,7.01,-2.00,-1.00,7.01,-2.00,-1.00,7.01,-2.00,-1.00,6.81,-1.27,7.01,24.28,17.25,0.00,0.00,0.00,0.20,0.20,0,0
[10:56:42.176][I][csv:715]: 1610333,AGG,2.43,1.97,7.01,-2.00,-1.00,7.01,-2.00,-1.00,7.01,-2.00,-1.00,6.81,-1.27,7.01,24.28,17.25,0.00,0.00,0.00,0.20,0.20,0,0
[10:56:42.206][I][csv:715]: 1610363,AGG,2.43,1.97,7.01,-2.00,-1.00,7.01,-2.00,-1.00,7.01,-2.00,-1.00,6.81,-1.27,7.01,24.28,17.25,0.00,0.00,0.00,0.20,0.20,0,0
[10:56:42.222][I][csv:715]: 1610380,AGG,2.43,1.97,7.01,-2.00,-1.00,7.01,-2.00,-1.00,7.01,-2.00,-1.00,6.81,-1.27,7.01,24.28,17.25,0.00,0.00,0.00,0.20,0.20,0,0
[10:56:42.227][S][sensor]: 'TWC Vitals Current L3' >> 0.20 A
[10:56:42.227][S][sensor]: 'Shelly Time Since Last OK' >> 3 ms
[10:56:42.343][S][sensor]: 'Shelly Active Power L3' >> 1617 W
[10:56:42.471][S][sensor]: 'Shelly Real Current L1' >> 2.43 A
[10:56:42.471][S][sensor]: 'Shelly Active Power L2' >> -462 W
[10:56:42.635][S][sensor]: 'Shelly Real Current L3' >> 7.01 A
[10:56:42.636][S][sensor]: 'TWC Vitals Vehicle Current' >> 0.20 A
[10:56:42.636][S][sensor]: 'Shelly Real Current L2' >> 1.97 A
[10:56:42.763][S][sensor]: 'TWC Time Since Last Poll' >> 41 ms
[10:56:43.126][I][vitals:883]: TWC vitals: A=0.00 B=0.00 C=0.20 vehicle=0.20 contactor=open
[10:56:43.132][I][csv:715]: 1611287,AGG,2.43,1.97,7.01,-2.00,-1.00,7.01,-2.00,-1.00,7.01,-2.00,-1.00,6.81,-1.27,7.01,24.28,17.25,0.00,0.00,0.00,0.20,0.20,0,0
[10:56:43.142][I][csv:715]: 1611292,AGG,2.43,1.97,7.01,-2.00,-1.00,7.01,-2.00,-1.00,7.01,-2.00,-1.00,6.81,-1.27,7.01,24.28,17.25,0.00,0.00,0.00,0.20,0.20,0,0
[10:56:43.142][S][sensor]: 'TWC Vitals Current L2' >> 0.00 A
[10:56:43.142][S][sensor]: 'TWC Poll Interval' >> 197 ms
[10:56:43.155][I][csv:715]: 1611312,AGG,2.43,1.97,7.01,-2.00,-1.00,7.01,-2.00,-1.00,7.01,-2.00,-1.00,6.81,-1.27,7.01,24.28,17.25,0.00,0.00,0.00,0.20,0.20,0,0
[10:56:43.182][I][csv:715]: 1611339,AGG,2.43,1.93,7.01,-2.00,-1.00,7.01,-2.00,-1.00,7.01,-2.00,-1.00,6.81,-1.27,7.01,24.28,17.25,0.00,0.00,0.00,0.20,0.20,0,0
[10:56:43.210][I][csv:715]: 1611365,AGG,2.43,1.93,7.01,-2.00,-1.00,7.01,-2.00,-1.00,7.01,-2.00,-1.00,6.81,-1.27,7.01,24.28,17.25,0.00,0.00,0.00,0.20,0.20,0,0
[10:56:43.233][I][csv:715]: 1611389,AGG,2.43,1.93,6.98,-2.00,-1.00,6.98,-2.00,-1.00,6.98,-2.00,-1.00,6.78,-1.26,6.98,24.24,17.25,0.00,0.00,0.00,0.20,0.20,0,0
[10:56:43.258][S][sensor]: 'TWC Reported Current L2' >> 17.2 A
[10:56:43.900][S][sensor]: 'TWC Reported Current L3' >> 17.2 A
[10:56:44.047][I][csv:715]: 1612202,AGG,2.43,1.93,6.98,-2.00,-1.00,6.98,-2.00,-1.00,6.98,-2.00,-1.00,6.78,-1.26,6.98,24.24,17.25,0.00,0.00,0.00,0.20,0.20,0,0
[10:56:44.066][I][csv:715]: 1612224,AGG,2.43,1.93,6.98,-2.00,-1.00,6.98,-2.00,-1.00,6.98,-2.00,-1.00,6.78,-1.26,6.98,24.24,17.25,0.00,0.00,0.00,0.20,0.20,0,0
[10:56:44.093][S][sensor]: 'Shelly Active Power L1' >> -542 W
[10:56:44.093][S][sensor]: 'TWC Vitals Current L1' >> 0.00 A
[10:56:44.117][I][csv:715]: 1612274,AGG,2.43,1.93,6.98,-2.00,-1.00,6.98,-2.00,-1.00,6.98,-2.00,-1.00,6.78,-1.26,6.98,24.24,17.25,0.00,0.00,0.00,0.20,0.20,0,0
[10:56:44.156][I][csv:715]: 1612312,AGG,2.43,1.93,6.98,-2.00,-1.00,6.98,-2.00,-1.00,6.98,-2.00,-1.00,6.78,-1.26,6.98,24.24,17.25,0.00,0.00,0.00,0.20,0.20,0,0
[10:56:44.187][I][csv:715]: 1612343,AGG,2.43,1.99,6.98,-2.00,-1.00,6.98,-2.00,-1.00,6.98,-2.00,-1.00,6.78,-1.26,6.98,24.24,17.25,0.00,0.00,0.00,0.20,0.20,0,0
[10:56:44.217][I][csv:715]: 1612374,AGG,2.43,1.99,6.98,-2.00,-1.00,6.98,-2.00,-1.00,6.98,-2.00,-1.00,6.78,-1.26,6.98,24.24,17.25,0.00,0.00,0.00,0.20,0.20,0,0
[10:56:44.222][S][sensor]: 'TWC Vitals Current L3' >> 0.20 A
[10:56:44.222][S][sensor]: 'Shelly Time Since Last OK' >> 23 ms
[10:56:44.237][I][csv:715]: 1612394,AGG,2.43,1.99,6.98,-2.00,-1.00,6.98,-2.00,-1.00,6.98,-2.00,-1.00,6.78,-1.26,6.98,24.23,17.25,0.00,0.00,0.00,0.20,0.20,0,0
[10:56:44.349][S][sensor]: 'Shelly Active Power L3' >> 1622 W
[10:56:44.476][S][sensor]: 'Shelly Real Current L1' >> 2.43 A
[10:56:44.477][S][sensor]: 'Shelly Active Power L2' >> -467 W
[10:56:44.637][S][sensor]: 'Shelly Real Current L3' >> 6.98 A
[10:56:44.637][S][sensor]: 'TWC Vitals Vehicle Current' >> 0.20 A
[10:56:44.638][S][sensor]: 'Shelly Real Current L2' >> 1.99 A
[10:56:44.774][S][sensor]: 'TWC Time Since Last Poll' >> 183 ms
[10:56:44.774][S][sensor]: 'TWC Reported Current L1' >> 17.2 A
[10:56:45.137][I][vitals:883]: TWC vitals: A=0.00 B=0.00 C=0.20 vehicle=0.20 contactor=open
[10:56:45.147][I][csv:715]: 1613303,AGG,2.43,1.99,6.98,-2.00,-1.00,6.98,-2.00,-1.00,6.98,-2.00,-1.00,6.78,-1.26,6.98,24.23,17.25,0.00,0.00,0.00,0.20,0.20,0,0
[10:56:45.154][I][csv:715]: 1613307,AGG,2.41,1.99,6.98,-2.00,-1.00,6.98,-2.00,-1.00,6.98,-2.00,-1.00,6.78,-1.26,6.98,24.23,17.25,0.00,0.00,0.00,0.20,0.20,0,0
[10:56:45.155][I][csv:715]: 1613310,AGG,2.41,1.99,6.98,-2.00,-1.00,6.98,-2.00,-1.00,6.98,-2.00,-1.00,6.78,-1.26,6.98,24.23,17.25,0.00,0.00,0.00,0.20,0.20,0,0
[10:56:45.168][S][sensor]: 'TWC Poll Interval' >> 194 ms
[10:56:45.168][S][sensor]: 'TWC Vitals Current L2' >> 0.00 A
[10:56:45.179][I][csv:715]: 1613320,AGG,2.41,1.99,6.98,-2.00,-1.00,6.98,-2.00,-1.00,6.98,-2.00,-1.00,6.78,-1.26,6.98,24.23,17.25,0.00,0.00,0.00,0.20,0.20,0,0
[10:56:45.187][W][modbus:688]: Clearing buffer of 3 bytes - timeout after partial response 19ms after last send
[10:56:45.193][I][csv:715]: 1613349,AGG,2.41,1.87,6.98,-2.00,-1.00,6.98,-2.00,-1.00,6.98,-2.00,-1.00,6.78,-1.26,6.98,24.23,17.25,0.00,0.00,0.00,0.20,0.20,0,0
[10:56:45.226][I][csv:715]: 1613382,AGG,2.41,1.87,6.98,-2.00,-1.00,6.98,-2.00,-1.00,6.98,-2.00,-1.00,6.78,-1.26,6.98,24.23,17.25,0.00,0.00,0.00,0.20,0.20,0,0
[10:56:45.244][I][csv:715]: 1613401,AGG,2.41,1.87,6.98,-2.00,-1.00,6.98,-2.00,-1.00,6.98,-2.00,-1.00,6.78,-1.26,6.98,24.24,17.25,0.00,0.00,0.00,0.20,0.20,0,0
[10:56:46.093][I][csv:715]: 1614249,AGG,2.41,1.87,6.98,-2.00,-1.00,6.98,-2.00,-1.00,6.98,-2.00,-1.00,6.78,-1.26,6.98,24.24,17.25,0.00,0.00,0.00,0.20,0.20,0,0
[10:56:46.099][I][csv:715]: 1614253,AGG,2.42,1.87,6.98,-2.00,-1.00,6.98,-2.00,-1.00,6.98,-2.00,-1.00,6.78,-1.26,6.98,24.24,17.25,0.00,0.00,0.00,0.20,0.20,0,0
[10:56:46.101][S][sensor]: 'Shelly Active Power L1' >> -541 W
[10:56:46.101][S][sensor]: 'TWC Vitals Current L1' >> 0.00 A
[10:56:46.129][I][csv:715]: 1614287,AGG,2.42,1.87,6.98,-2.00,-1.00,6.98,-2.00,-1.00,6.98,-2.00,-1.00,6.78,-1.26,6.98,24.24,17.25,0.00,0.00,0.00,0.20,0.20,0,0
[10:56:46.163][I][csv:715]: 1614320,AGG,2.42,1.87,6.98,-2.00,-1.00,6.98,-2.00,-1.00,6.98,-2.00,-1.00,6.78,-1.26,6.98,24.24,17.25,0.00,0.00,0.00,0.20,0.20,0,0
[10:56:46.200][I][csv:715]: 1614355,AGG,2.42,1.95,6.98,-2.00,-1.00,6.98,-2.00,-1.00,6.98,-2.00,-1.00,6.78,-1.26,6.98,24.24,17.25,0.00,0.00,0.00,0.20,0.20,0,0
[10:56:46.222][S][sensor]: 'TWC Vitals Current L3' >> 0.20 A
[10:56:46.222][S][sensor]: 'Shelly Time Since Last OK' >> 11 ms
[10:56:46.233][I][csv:715]: 1614390,AGG,2.42,1.95,6.98,-2.00,-1.00,6.98,-2.00,-1.00,6.98,-2.00,-1.00,6.78,-1.26,6.98,24.24,17.25,0.00,0.00,0.00,0.20,0.20,0,0
[10:56:46.249][I][csv:715]: 1614406,AGG,2.42,1.95,6.97,-2.00,-1.00,6.97,-2.00,-1.00,6.97,-2.00,-1.00,6.77,-1.26,6.97,24.23,17.25,0.00,0.00,0.00,0.20,0.20,0,0
[10:56:46.347][S][sensor]: 'Shelly Active Power L3' >> 1621 W
[10:56:46.478][S][sensor]: 'Shelly Real Current L1' >> 2.42 A
[10:56:46.478][S][sensor]: 'Shelly Active Power L2' >> -459 W
[10:56:46.622][S][sensor]: 'Shelly Real Current L3' >> 6.97 A
[10:56:46.622][S][sensor]: 'TWC Vitals Vehicle Current' >> 0.20 A
[10:56:46.622][S][sensor]: 'Shelly Real Current L2' >> 1.95 A
[10:56:46.774][S][sensor]: 'TWC Time Since Last Poll' >> 149 ms
[10:56:47.129][I][vitals:883]: TWC vitals: A=0.00 B=0.00 C=0.20 vehicle=0.20 contactor=open
[10:56:47.141][I][csv:715]: 1615296,AGG,2.42,1.95,6.97,-2.00,-1.00,6.97,-2.00,-1.00,6.97,-2.00,-1.00,6.77,-1.26,6.97,24.23,17.25,0.00,0.00,0.00,0.20,0.20,0,0
[10:56:47.147][I][csv:715]: 1615299,AGG,2.42,1.95,6.97,-2.00,-1.00,6.97,-2.00,-1.00,6.97,-2.00,-1.00,6.77,-1.26,6.97,24.23,17.25,0.00,0.00,0.00,0.20,0.20,0,0
[10:56:47.148][S][sensor]: 'TWC Vitals Current L2' >> 0.00 A
[10:56:47.148][S][sensor]: 'TWC Poll Interval' >> 196 ms
[10:56:47.163][I][csv:715]: 1615320,AGG,2.42,1.95,6.97,-2.00,-1.00,6.97,-2.00,-1.00,6.97,-2.00,-1.00,6.77,-1.26,6.97,24.23,17.25,0.00,0.00,0.00,0.20,0.20,0,0
[10:56:47.168][I][csv:715]: 1615325,AGG,2.42,1.95,6.97,-2.00,-1.00,6.97,-2.00,-1.00,6.97,-2.00,-1.00,6.77,-1.26,6.97,24.23,17.25,0.00,0.00,0.00,0.20,0.20,0,0
[10:56:47.207][I][csv:715]: 1615363,AGG,2.42,1.91,6.97,-2.00,-1.00,6.97,-2.00,-1.00,6.97,-2.00,-1.00,6.77,-1.26,6.97,24.23,17.25,0.00,0.00,0.00,0.20,0.20,0,0
[10:56:47.424][I][csv:715]: 1615581,AGG,2.42,1.91,6.97,-2.00,-1.00,6.97,-2.00,-1.00,6.97,-2.00,-1.00,6.77,-1.26,6.97,24.23,17.15,0.00,0.00,0.00,0.20,0.20,0,0
[10:56:48.097][S][sensor]: 'Shelly Active Power L1' >> -541 W
[10:56:48.097][S][sensor]: 'TWC Vitals Current L1' >> 0.00 A
[10:56:48.104][I][csv:715]: 1616256,AGG,2.42,1.91,6.97,-2.00,-1.00,6.97,-2.00,-1.00,6.97,-2.00,-1.00,6.77,-1.26,6.97,24.23,17.25,0.00,0.00,0.00,0.20,0.20,0,0
[10:56:48.104][I][csv:715]: 1616259,AGG,2.42,1.91,6.97,-2.00,-1.00,6.97,-2.00,-1.00,6.97,-2.00,-1.00,6.77,-1.26,6.97,24.23,17.25,0.00,0.00,0.00,0.20,0.20,0,0
[10:56:48.163][I][csv:715]: 1616320,AGG,2.42,1.91,6.97,-2.00,-1.00,6.97,-2.00,-1.00,6.97,-2.00,-1.00,6.77,-1.26,6.97,24.23,17.25,0.00,0.00,0.00,0.20,0.20,0,0
[10:56:48.183][I][csv:715]: 1616340,AGG,2.42,1.91,6.97,-2.00,-1.00,6.97,-2.00,-1.00,6.97,-2.00,-1.00,6.77,-1.26,6.97,24.23,17.25,0.00,0.00,0.00,0.20,0.20,0,0
[10:56:48.210][I][csv:715]: 1616367,AGG,2.42,1.93,6.97,-2.00,-1.00,6.97,-2.00,-1.00,6.97,-2.00,-1.00,6.77,-1.26,6.97,24.23,17.25,0.00,0.00,0.00,0.20,0.20,0,0
[10:56:48.230][S][sensor]: 'TWC Vitals Current L3' >> 0.20 A
[10:56:48.230][S][sensor]: 'TWC Reported Current L2' >> 17.2 A
[10:56:48.231][S][sensor]: 'Shelly Time Since Last OK' >> 26 ms
[10:56:48.345][I][csv:715]: 1616502,AGG,2.42,1.93,6.97,-2.00,-1.00,6.97,-2.00,-1.00,6.97,-2.00,-1.00,6.77,-1.26,6.97,24.23,17.15,0.00,0.00,0.00,0.20,0.20,0,0
[10:56:48.351][I][csv:715]: 1616506,AGG,2.42,1.93,7.01,-2.00,-1.00,7.01,-2.00,-1.00,7.01,-2.00,-1.00,6.81,-1.26,7.01,24.27,17.15,0.00,0.00,0.00,0.20,0.20,0,0
[10:56:48.354][S][sensor]: 'Shelly Active Power L3' >> 1619 W
[10:56:48.484][S][sensor]: 'Shelly Real Current L1' >> 2.42 A
[10:56:48.484][S][sensor]: 'Shelly Active Power L2' >> -453 W
[10:56:48.631][S][sensor]: 'Shelly Real Current L3' >> 7.01 A
[10:56:48.631][S][sensor]: 'TWC Vitals Vehicle Current' >> 0.20 A
[10:56:48.631][S][sensor]: 'Shelly Real Current L2' >> 1.93 A
[10:56:48.765][S][sensor]: 'TWC Time Since Last Poll' >> 110 ms
[10:56:49.371][I][vitals:883]: TWC vitals: A=0.00 B=0.00 C=0.20 vehicle=0.20 contactor=open
[10:56:49.380][I][csv:715]: 1617538,AGG,2.42,1.93,7.01,-2.00,-1.00,7.01,-2.00,-1.00,7.01,-2.00,-1.00,6.81,-1.27,7.01,24.27,17.15,0.00,0.00,0.00,0.20,0.20,0,0
[10:56:49.385][I][csv:715]: 1617541,AGG,2.42,1.93,7.01,-2.00,-1.00,7.01,-2.00,-1.00,7.01,-2.00,-1.00,6.81,-1.27,7.01,24.27,17.15,0.00,0.00,0.00,0.20,0.20,0,0
[10:56:49.389][I][csv:715]: 1617546,AGG,2.42,1.94,7.01,-2.00,-1.00,7.01,-2.00,-1.00,7.01,-2.00,-1.00,6.81,-1.27,7.01,24.27,17.15,0.00,0.00,0.00,0.20,0.20,0,0
[10:56:49.397][I][csv:715]: 1617552,AGG,2.42,1.94,7.01,-2.00,-1.00,7.01,-2.00,-1.00,7.01,-2.00,-1.00,6.81,-1.27,7.01,24.27,17.15,0.00,0.00,0.00,0.20,0.20,0,0
[10:56:49.405][I][csv:715]: 1617556,AGG,2.42,1.94,6.99,-2.00,-1.00,6.99,-2.00,-1.00,6.99,-2.00,-1.00,6.79,-1.26,6.99,24.25,17.15,0.00,0.00,0.00,0.20,0.20,0,0
[10:56:49.405][S][sensor]: 'TWC Reported Current L3' >> 17.2 A
[10:56:49.405][S][sensor]: 'TWC Vitals Current L2' >> 0.00 A
[10:56:49.405][S][sensor]: 'TWC Poll Interval' >> 201 ms
[10:56:49.408][I][csv:715]: 1617563,AGG,2.42,1.94,6.99,-2.00,-1.00,6.99,-2.00,-1.00,6.99,-2.00,-1.00,6.79,-1.26,6.99,24.25,17.15,0.00,0.00,0.00,0.20,0.20,0,0
[10:56:49.784][S][sensor]: 'TWC Reported Current L1' >> 17.2 A
[10:56:50.087][I][csv:715]: 1618242,AGG,2.42,1.94,6.99,-2.00,-1.00,6.99,-2.00,-1.00,6.99,-2.00,-1.00,6.79,-1.26,6.99,24.25,17.25,0.00,0.00,0.00,0.20,0.20,0,0
[10:56:50.098][S][sensor]: 'Shelly Active Power L1' >> -544 W
[10:56:50.099][S][sensor]: 'TWC Vitals Current L1' >> 0.00 A
[10:56:50.107][I][csv:715]: 1618262,AGG,2.43,1.94,6.99,-2.00,-1.00,6.99,-2.00,-1.00,6.99,-2.00,-1.00,6.79,-1.26,6.99,24.25,17.25,0.00,0.00,0.00,0.20,0.20,0,0
[10:56:50.223][S][sensor]: 'TWC Vitals Current L3' >> 0.20 A
[10:56:50.224][S][sensor]: 'Shelly Time Since Last OK' >> 104 ms
[10:56:50.252][I][csv:715]: 1618409,AGG,2.43,1.94,6.99,-2.00,-1.00,6.99,-2.00,-1.00,6.99,-2.00,-1.00,6.79,-1.26,6.99,24.25,17.25,0.00,0.00,0.00,0.20,0.20,0,0
[10:56:50.264][I][csv:715]: 1618413,AGG,2.43,1.95,6.99,-2.00,-1.00,6.99,-2.00,-1.00,6.99,-2.00,-1.00,6.79,-1.26,6.99,24.25,17.25,0.00,0.00,0.00,0.20,0.20,0,0
[10:56:50.323][I][csv:715]: 1618480,AGG,2.43,1.95,6.99,-2.00,-1.00,6.99,-2.00,-1.00,6.99,-2.00,-1.00,6.79,-1.26,6.99,24.25,17.25,0.00,0.00,0.00,0.20,0.20,0,0
[10:56:50.343][S][sensor]: 'Shelly Active Power L3' >> 1616 W
[10:56:50.349][I][csv:715]: 1618505,AGG,2.43,1.95,6.99,-2.00,-1.00,6.99,-2.00,-1.00,6.99,-2.00,-1.00,6.79,-1.26,6.99,24.25,17.15,0.00,0.00,0.00,0.20,0.20,0,0
[10:56:50.406][I][csv:715]: 1618563,AGG,2.43,1.95,6.99,-2.00,-1.00,6.99,-2.00,-1.00,6.99,-2.00,-1.00,6.79,-1.26,6.99,24.25,17.15,0.00,0.00,0.00,0.20,0.20,0,0
[10:56:50.482][S][sensor]: 'Shelly Real Current L1' >> 2.43 A
[10:56:50.482][S][sensor]: 'Shelly Active Power L2' >> -457 W
[10:56:50.624][S][sensor]: 'Shelly Real Current L3' >> 6.99 A
[10:56:50.624][S][sensor]: 'TWC Vitals Vehicle Current' >> 0.20 A
[10:56:50.624][S][sensor]: 'Shelly Real Current L2' >> 1.95 A
[10:56:50.769][S][sensor]: 'TWC Time Since Last Poll' >> 82 ms
[10:56:51.123][I][vitals:883]: TWC vitals: A=0.00 B=0.00 C=0.20 vehicle=0.20 contactor=open
[10:56:51.129][I][csv:715]: 1619284,AGG,2.43,1.95,6.99,-2.00,-1.00,6.99,-2.00,-1.00,6.99,-2.00,-1.00,6.79,-1.26,6.99,24.25,17.25,0.00,0.00,0.00,0.20,0.20,0,0
[10:56:51.137][I][csv:715]: 1619291,AGG,2.44,1.95,6.99,-2.00,-1.00,6.99,-2.00,-1.00,6.99,-2.00,-1.00,6.79,-1.26,6.99,24.25,17.25,0.00,0.00,0.00,0.20,0.20,0,0
[10:56:51.138][S][sensor]: 'TWC Vitals Current L2' >> 0.00 A
[10:56:51.138][S][sensor]: 'TWC Poll Interval' >> 193 ms
[10:56:51.193][I][csv:715]: 1619350,AGG,2.44,1.95,6.99,-2.00,-1.00,6.99,-2.00,-1.00,6.99,-2.00,-1.00,6.79,-1.26,6.99,24.25,17.25,0.00,0.00,0.00,0.20,0.20,0,0
[10:56:51.224][I][csv:715]: 1619381,AGG,2.44,1.96,6.99,-2.00,-1.00,6.99,-2.00,-1.00,6.99,-2.00,-1.00,6.79,-1.26,6.99,24.25,17.25,0.00,0.00,0.00,0.20,0.20,0,0
[10:56:51.407][I][csv:715]: 1619563,AGG,2.44,1.96,6.99,-2.00,-1.00,6.99,-2.00,-1.00,6.99,-2.00,-1.00,6.79,-1.26,6.99,24.25,17.15,0.00,0.00,0.00,0.20,0.20,0,0
[10:56:51.417][I][csv:715]: 1619574,AGG,2.44,1.96,6.99,-2.00,-1.00,6.99,-2.00,-1.00,6.99,-2.00,-1.00,6.79,-1.26,6.99,24.25,17.15,0.00,0.00,0.00,0.20,0.20,0,0
[10:56:51.423][I][csv:715]: 1619578,AGG,2.44,1.96,6.98,-2.00,-1.00,6.98,-2.00,-1.00,6.98,-2.00,-1.00,6.78,-1.26,6.98,24.25,17.15,0.00,0.00,0.00,0.20,0.20,0,0
[10:56:52.091][S][sensor]: 'Shelly Active Power L1' >> -551 W
[10:56:52.091][S][sensor]: 'TWC Vitals Current L1' >> 0.00 A
[10:56:52.106][I][csv:715]: 1620255,AGG,2.44,1.96,6.98,-2.00,-1.00,6.98,-2.00,-1.00,6.98,-2.00,-1.00,6.78,-1.26,6.98,24.25,17.25,0.00,0.00,0.00,0.20,0.20,0,0
[10:56:52.128][I][csv:715]: 1620284,AGG,2.46,1.96,6.98,-2.00,-1.00,6.98,-2.00,-1.00,6.98,-2.00,-1.00,6.78,-1.26,6.98,24.25,17.25,0.00,0.00,0.00,0.20,0.20,0,0
[10:56:52.228][S][sensor]: 'TWC Vitals Current L3' >> 0.20 A
[10:56:52.229][S][sensor]: 'Shelly Time Since Last OK' >> 82 ms
[10:56:52.234][I][csv:715]: 1620389,AGG,2.46,1.96,6.98,-2.00,-1.00,6.98,-2.00,-1.00,6.98,-2.00,-1.00,6.78,-1.26,6.98,24.25,17.25,0.00,0.00,0.00,0.20,0.20,0,0
[10:56:52.242][I][csv:715]: 1620393,AGG,2.46,2.04,6.98,-2.00,-2.00,6.98,-2.00,-2.00,6.98,-2.00,-2.00,6.78,-1.26,6.98,24.24,17.25,0.00,0.00,0.00,0.20,0.20,0,0
[10:56:52.353][S][sensor]: 'Shelly Active Power L3' >> 1622 W
[10:56:52.408][I][csv:715]: 1620564,AGG,2.46,2.04,6.98,-2.00,-2.00,6.98,-2.00,-2.00,6.98,-2.00,-2.00,6.78,-1.09,6.98,24.07,17.15,0.00,0.00,0.00,0.20,0.20,0,0
[10:56:52.412][I][csv:715]: 1620568,AGG,2.46,2.04,6.98,-2.00,-2.00,6.98,-2.00,-2.00,6.98,-2.00,-2.00,6.78,-1.08,6.98,24.07,17.15,0.00,0.00,0.00,0.20,0.20,0,0
[10:56:52.418][I][csv:715]: 1620573,AGG,2.46,2.04,6.97,-2.00,-2.00,6.97,-2.00,-2.00,6.97,-2.00,-2.00,6.77,-1.08,6.97,24.04,17.15,0.00,0.00,0.00,0.20,0.20,0,0
[10:56:52.474][S][sensor]: 'Shelly Real Current L1' >> 2.46 A
[10:56:52.474][S][sensor]: 'Shelly Active Power L2' >> -461 W
[10:56:52.635][S][sensor]: 'Shelly Real Current L3' >> 6.97 A
[10:56:52.636][S][sensor]: 'TWC Vitals Vehicle Current' >> 0.20 A
[10:56:52.636][S][sensor]: 'Shelly Real Current L2' >> 2.04 A
[10:56:52.764][S][sensor]: 'TWC Time Since Last Poll' >> 39 ms
[10:56:53.372][I][vitals:883]: TWC vitals: A=0.00 B=0.00 C=0.20 vehicle=0.20 contactor=open
[10:56:53.382][I][csv:715]: 1621538,AGG,2.46,2.04,6.97,-2.00,-2.00,6.97,-2.00,-2.00,6.97,-2.00,-2.00,6.77,-0.92,6.97,23.89,17.15,0.00,0.00,0.00,0.20,0.20,0,0
[10:56:53.389][I][csv:715]: 1621543,AGG,2.47,2.04,6.97,-2.00,-2.00,6.97,-2.00,-2.00,6.97,-2.00,-2.00,6.77,-0.92,6.97,23.89,17.15,0.00,0.00,0.00,0.20,0.20,0,0
[10:56:53.389][I][csv:715]: 1621546,AGG,2.47,2.04,6.97,-2.00,-2.00,6.97,-2.00,-2.00,6.97,-2.00,-2.00,6.77,-0.92,6.97,23.89,17.15,0.00,0.00,0.00,0.20,0.20,0,0
[10:56:53.398][I][csv:715]: 1621551,AGG,2.47,2.03,6.97,-2.00,-2.00,6.97,-2.00,-2.00,6.97,-2.00,-2.00,6.77,-0.92,6.97,23.89,17.15,0.00,0.00,0.00,0.20,0.20,0,0
[10:56:53.404][I][csv:715]: 1621554,AGG,2.47,2.03,6.97,-2.00,-2.00,6.97,-2.00,-2.00,6.97,-2.00,-2.00,6.77,-0.92,6.97,23.89,17.15,0.00,0.00,0.00,0.20,0.20,0,0
[10:56:53.404][I][csv:715]: 1621559,AGG,2.47,2.03,6.78,-2.00,-2.00,6.78,-2.00,-2.00,6.78,-2.00,-2.00,6.58,-0.92,6.78,23.70,17.15,0.00,0.00,0.00,0.20,0.20,0,0
[10:56:53.410][S][sensor]: 'TWC Poll Interval' >> 194 ms
[10:56:53.410][S][sensor]: 'TWC Vitals Current L2' >> 0.00 A
[10:56:53.416][E][modbus:456]: Attempted to send while transmission blocked
[10:56:53.416][I][csv:715]: 1621569,AGG,2.47,2.03,6.78,-2.00,-2.00,6.78,-2.00,-2.00,6.78,-2.00,-2.00,6.58,-0.91,6.78,23.69,17.15,0.00,0.00,0.00,0.20,0.20,0,0
[10:56:53.518][S][sensor]: 'TWC Reported Current L2' >> 17.2 A
[10:56:53.905][S][sensor]: 'TWC Reported Current L3' >> 17.2 A
[10:56:54.100][S][sensor]: 'Shelly Active Power L1' >> -563 W
[10:56:54.100][S][sensor]: 'TWC Vitals Current L1' >> 0.00 A
[10:56:54.119][I][csv:715]: 1622260,AGG,2.47,2.03,6.78,-2.00,-2.00,6.78,-2.00,-2.00,6.78,-2.00,-2.00,6.58,-0.86,6.78,23.64,17.25,0.00,0.00,0.00,0.20,0.20,0,0
[10:56:54.132][I][csv:715]: 1622289,AGG,2.56,2.03,6.78,-2.00,-2.00,6.78,-2.00,-2.00,6.78,-2.00,-2.00,6.58,-0.86,6.78,23.64,17.25,0.00,0.00,0.00,0.20,0.20,0,0
[10:56:54.226][S][sensor]: 'TWC Vitals Current L3' >> 0.20 A
[10:56:54.226][S][sensor]: 'Shelly Time Since Last OK' >> 77 ms
[10:56:54.256][I][csv:715]: 1622413,AGG,2.56,2.03,6.78,-2.00,-2.00,6.78,-2.00,-2.00,6.78,-2.00,-2.00,6.58,-0.86,6.78,23.64,17.25,0.00,0.00,0.00,0.20,0.20,0,0
[10:56:54.311][I][csv:715]: 1622468,AGG,2.56,2.09,6.78,-2.00,-2.00,6.78,-2.00,-2.00,6.78,-2.00,-2.00,6.58,-0.86,6.78,23.64,17.25,0.00,0.00,0.00,0.20,0.20,0,0
[10:56:54.352][I][csv:715]: 1622503,AGG,2.56,2.09,6.78,-2.00,-2.00,6.78,-2.00,-2.00,6.78,-2.00,-2.00,6.58,-0.86,6.78,23.64,17.15,0.00,0.00,0.00,0.20,0.20,0,0
[10:56:54.354][S][sensor]: 'Shelly Active Power L3' >> 1539 W
[10:56:54.369][I][csv:715]: 1622525,AGG,2.56,2.09,6.69,-2.00,-2.00,6.69,-2.00,-2.00,6.69,-2.00,-2.00,6.49,-0.84,6.69,23.53,17.15,0.00,0.00,0.00,0.20,0.20,0,0
[10:56:54.409][I][csv:715]: 1622566,AGG,2.56,2.09,6.69,-2.00,-2.00,6.69,-2.00,-2.00,6.69,-2.00,-2.00,6.49,-0.83,6.69,23.52,17.15,0.00,0.00,0.00,0.20,0.20,0,0
[10:56:54.486][S][sensor]: 'Shelly Real Current L1' >> 2.56 A
[10:56:54.486][S][sensor]: 'Shelly Active Power L2' >> -485 W
[10:56:54.631][S][sensor]: 'Shelly Real Current L3' >> 6.69 A
[10:56:54.631][S][sensor]: 'TWC Vitals Vehicle Current' >> 0.20 A
[10:56:54.631][S][sensor]: 'Shelly Real Current L2' >> 2.09 A
[10:56:54.757][S][sensor]: 'TWC Time Since Last Poll' >> 190 ms
[10:56:54.757][S][sensor]: 'TWC Reported Current L1' >> 17.2 A
[10:56:55.250][I][vitals:883]: TWC vitals: A=0.00 B=0.00 C=0.20 vehicle=0.20 contactor=open
[10:56:55.259][I][csv:715]: 1623416,AGG,2.56,2.09,6.69,-2.00,-2.00,6.69,-2.00,-2.00,6.69,-2.00,-2.00,6.49,-0.83,6.69,23.52,17.25,0.00,0.00,0.00,0.20,0.20,0,0
[10:56:55.264][I][csv:715]: 1623420,AGG,2.66,2.09,6.69,-2.00,-2.00,6.69,-2.00,-2.00,6.69,-2.00,-2.00,6.49,-0.83,6.69,23.52,17.25,0.00,0.00,0.00,0.20,0.20,0,0
[10:56:55.267][I][csv:715]: 1623424,AGG,2.66,2.09,6.69,-2.00,-2.00,6.69,-2.00,-2.00,6.69,-2.00,-2.00,6.49,-0.83,6.69,23.52,17.25,0.00,0.00,0.00,0.20,0.20,0,0
[10:56:55.273][S][sensor]: 'TWC Vitals Current L2' >> 0.00 A
[10:56:55.273][S][sensor]: 'TWC Poll Interval' >> 194 ms
[10:56:55.315][I][csv:715]: 1623468,AGG,2.66,2.15,6.69,-2.00,-2.00,6.69,-2.00,-2.00,6.69,-2.00,-2.00,6.49,-0.83,6.69,23.52,17.25,0.00,0.00,0.00,0.20,0.20,0,0
[10:56:55.360][I][csv:715]: 1623517,AGG,2.66,2.15,6.69,-2.00,-2.00,6.69,-2.00,-2.00,6.69,-2.00,-2.00,6.49,-0.83,6.69,23.52,17.15,0.00,0.00,0.00,0.20,0.20,0,0
[10:56:55.381][I][csv:715]: 1623536,AGG,2.66,2.15,6.60,-2.00,-2.00,6.60,-2.00,-2.00,6.60,-2.00,-2.00,6.40,-0.81,6.60,23.41,17.15,0.00,0.00,0.00,0.20,0.20,0,0
[10:56:55.410][I][csv:715]: 1623566,AGG,2.66,2.15,6.60,-2.00,-2.00,6.60,-2.00,-2.00,6.60,-2.00,-2.00,6.40,-0.80,6.60,23.40,17.15,0.00,0.00,0.00,0.20,0.20,0,0
[10:56:55.706][S][sensor]: 'TWC Control WiFi Signal' >> -25 dBm
[10:56:56.094][S][sensor]: 'Shelly Active Power L1' >> -589 W
[10:56:56.094][S][sensor]: 'TWC Vitals Current L1' >> 0.00 A
[10:56:56.109][I][csv:715]: 1624253,AGG,2.66,2.15,6.60,-2.00,-2.00,6.60,-2.00,-2.00,6.60,-2.00,-2.00,6.40,-0.80,6.60,23.40,17.25,0.00,0.00,0.00,0.20,0.20,0,0
[10:56:56.221][S][sensor]: 'TWC Vitals Current L3' >> 0.20 A
[10:56:56.221][S][sensor]: 'Shelly Time Since Last OK' >> 113 ms
[10:56:56.231][I][csv:715]: 1624383,AGG,2.75,2.15,6.60,-2.00,-2.00,6.60,-2.00,-2.00,6.60,-2.00,-2.00,6.40,-0.80,6.60,23.40,17.25,0.00,0.00,0.00,0.20,0.20,0,0
[10:56:56.237][I][csv:715]: 1624389,AGG,2.75,2.15,6.60,-2.00,-2.00,6.60,-2.00,-2.00,6.60,-2.00,-2.00,6.40,-0.80,6.60,23.40,17.25,0.00,0.00,0.00,0.20,0.20,0,0
[10:56:56.357][S][sensor]: 'Shelly Active Power L3' >> 1510 W
[10:56:56.363][I][csv:715]: 1624519,AGG,2.75,2.30,6.60,-2.00,-2.00,6.60,-2.00,-2.00,6.60,-2.00,-2.00,6.40,-0.80,6.60,23.40,17.15,0.00,0.00,0.00,0.20,0.20,0,0
[10:56:56.369][I][csv:715]: 1624524,AGG,2.75,2.30,6.60,-2.00,-2.00,6.60,-2.00,-2.00,6.60,-2.00,-2.00,6.40,-0.80,6.60,23.40,17.15,0.00,0.00,0.00,0.20,0.20,0,0
[10:56:56.390][I][csv:715]: 1624547,AGG,2.75,2.30,6.54,-2.00,-2.00,6.54,-2.00,-2.00,6.54,-2.00,-2.00,6.34,-0.78,6.54,23.32,17.15,0.00,0.00,0.00,0.20,0.20,0,0
[10:56:56.409][I][csv:715]: 1624566,AGG,2.75,2.30,6.54,-2.00,-2.00,6.54,-2.00,-2.00,6.54,-2.00,-2.00,6.34,-0.78,6.54,23.32,17.15,0.00,0.00,0.00,0.20,0.20,0,0
[10:56:56.479][S][sensor]: 'Shelly Real Current L1' >> 2.75 A
[10:56:56.479][S][sensor]: 'Shelly Active Power L2' >> -537 W
[10:56:56.627][S][sensor]: 'Shelly Real Current L3' >> 6.54 A
[10:56:56.627][S][sensor]: 'TWC Vitals Vehicle Current' >> 0.20 A
[10:56:56.627][S][sensor]: 'Shelly Real Current L2' >> 2.30 A
[10:56:56.627][S][sensor]: 'TWC Control Uptime' >> 1625 s
[10:56:56.768][S][sensor]: 'TWC Time Since Last Poll' >> 2 ms
[10:56:57.374][I][vitals:883]: TWC vitals: A=0.00 B=0.00 C=0.20 vehicle=0.20 contactor=open
[10:56:57.384][I][csv:715]: 1625539,AGG,2.75,2.30,6.54,-2.00,-2.00,6.54,-2.00,-2.00,6.54,-2.00,-2.00,6.34,-0.78,6.54,23.32,17.15,0.00,0.00,0.00,0.20,0.20,0,0
[10:56:57.393][I][csv:715]: 1625543,AGG,2.77,2.30,6.54,-2.00,-2.00,6.54,-2.00,-2.00,6.54,-2.00,-2.00,6.34,-0.78,6.54,23.32,17.15,0.00,0.00,0.00,0.20,0.20,0,0
[10:56:57.395][I][csv:715]: 1625547,AGG,2.77,2.30,6.54,-2.00,-2.00,6.54,-2.00,-2.00,6.54,-2.00,-2.00,6.34,-0.78,6.54,23.32,17.15,0.00,0.00,0.00,0.20,0.20,0,0
[10:56:57.414][I][csv:715]: 1625553,AGG,2.77,2.28,6.54,-2.00,-2.00,6.54,-2.00,-2.00,6.54,-2.00,-2.00,6.34,-0.78,6.54,23.32,17.15,0.00,0.00,0.00,0.20,0.20,0,0
[10:56:57.414][I][csv:715]: 1625557,AGG,2.77,2.28,6.54,-2.00,-2.00,6.54,-2.00,-2.00,6.54,-2.00,-2.00,6.34,-0.78,6.54,23.32,17.15,0.00,0.00,0.00,0.20,0.20,0,0
[10:56:57.414][I][csv:715]: 1625561,AGG,2.77,2.28,6.53,-2.00,-2.00,6.53,-2.00,-2.00,6.53,-2.00,-2.00,6.33,-0.78,6.53,23.30,17.15,0.00,0.00,0.00,0.20,0.20,0,0
[10:56:57.415][S][sensor]: 'TWC Poll Interval' >> 193 ms
[10:56:57.415][S][sensor]: 'TWC Vitals Current L2' >> 0.00 A
[10:56:57.419][I][csv:715]: 1625568,AGG,2.77,2.28,6.53,-2.00,-2.00,6.53,-2.00,-2.00,6.53,-2.00,-2.00,6.33,-0.78,6.53,23.30,17.15,0.00,0.00,0.00,0.20,0.20,0,0
[10:56:58.103][S][sensor]: 'Shelly Active Power L1' >> -614 W
[10:56:58.103][S][sensor]: 'TWC Vitals Current L1' >> 0.00 A
[10:56:58.117][I][csv:715]: 1626252,AGG,2.77,2.28,6.53,-2.00,-2.00,6.53,-2.00,-2.00,6.53,-2.00,-2.00,6.33,-0.78,6.53,23.30,17.25,0.00,0.00,0.00,0.20,0.20,0,0
[10:56:58.214][S][sensor]: 'TWC Vitals Current L3' >> 0.20 A
[10:56:58.214][S][sensor]: 'Shelly Time Since Last OK' >> 114 ms
[10:56:58.264][I][csv:715]: 1626420,AGG,2.80,2.28,6.53,-2.00,-2.00,6.53,-2.00,-2.00,6.53,-2.00,-2.00,6.33,-0.78,6.53,23.30,17.25,0.00,0.00,0.00,0.20,0.20,0,0
[10:56:58.310][I][csv:715]: 1626467,AGG,2.80,2.28,6.53,-2.00,-2.00,6.53,-2.00,-2.00,6.53,-2.00,-2.00,6.33,-0.78,6.53,23.30,17.25,0.00,0.00,0.00,0.20,0.20,0,0
[10:56:58.333][I][csv:715]: 1626489,AGG,2.80,2.36,6.53,-2.00,-2.00,6.53,-2.00,-2.00,6.53,-2.00,-2.00,6.33,-0.78,6.53,23.30,17.25,0.00,0.00,0.00,0.20,0.20,0,0
[10:56:58.353][S][sensor]: 'Shelly Active Power L3' >> 1482 W
[10:56:58.380][I][csv:715]: 1626528,AGG,2.80,2.36,6.53,-2.00,-2.00,6.53,-2.00,-2.00,6.53,-2.00,-2.00,6.33,-0.78,6.53,23.30,17.15,0.00,0.00,0.00,0.20,0.20,0,0
[10:56:58.402][I][csv:715]: 1626559,AGG,2.80,2.36,6.43,-2.00,-2.00,6.43,-2.00,-2.00,6.43,-2.00,-2.00,6.24,-0.75,6.43,23.18,17.15,0.00,0.00,0.00,0.20,0.20,0,0
[10:56:58.410][I][csv:715]: 1626567,AGG,2.80,2.36,6.43,-2.00,-2.00,6.43,-2.00,-2.00,6.43,-2.00,-2.00,6.24,-0.75,6.43,23.18,17.15,0.00,0.00,0.00,0.20,0.20,0,0
[10:56:58.488][S][sensor]: 'Shelly Real Current L1' >> 2.80 A
[10:56:58.488][S][sensor]: 'Shelly Active Power L2' >> -541 W
[10:56:58.488][S][sensor]: 'TWC Reported Current L2' >> 17.2 A
[10:56:58.632][S][sensor]: 'Shelly Real Current L3' >> 6.43 A
[10:56:58.632][S][sensor]: 'TWC Vitals Vehicle Current' >> 0.20 A
[10:56:58.632][S][sensor]: 'Shelly Real Current L2' >> 2.36 A
[10:56:58.763][S][sensor]: 'TWC Time Since Last Poll' >> 156 ms
[10:56:59.125][I][vitals:883]: TWC vitals: A=0.00 B=0.00 C=0.20 vehicle=0.20 contactor=open
[10:56:59.135][I][csv:715]: 1627292,AGG,2.80,2.36,6.43,-2.00,-2.00,6.43,-2.00,-2.00,6.43,-2.00,-2.00,6.24,-0.75,6.43,23.18,17.25,0.00,0.00,0.00,0.20,0.20,0,0
[10:56:59.145][S][sensor]: 'TWC Reported Current L3' >> 17.2 A
[10:56:59.145][S][sensor]: 'TWC Vitals Current L2' >> 0.00 A
[10:56:59.145][S][sensor]: 'TWC Poll Interval' >> 196 ms
[10:56:59.194][I][csv:715]: 1627346,AGG,2.85,2.36,6.43,-2.00,-2.00,6.43,-2.00,-2.00,6.43,-2.00,-2.00,6.24,-0.75,6.43,23.18,17.25,0.00,0.00,0.00,0.20,0.20,0,0
[10:56:59.372][I][csv:715]: 1627527,AGG,2.85,2.36,6.43,-2.00,-2.00,6.43,-2.00,-2.00,6.43,-2.00,-2.00,6.24,-0.75,6.43,23.18,17.15,0.00,0.00,0.00,0.20,0.20,0,0
[10:56:59.378][I][csv:715]: 1627531,AGG,2.85,2.32,6.43,-2.00,-2.00,6.43,-2.00,-2.00,6.43,-2.00,-2.00,6.24,-0.75,6.43,23.18,17.15,0.00,0.00,0.00,0.20,0.20,0,0
[10:56:59.381][I][csv:715]: 1627537,AGG,2.85,2.32,6.43,-2.00,-2.00,6.43,-2.00,-2.00,6.43,-2.00,-2.00,6.24,-0.75,6.43,23.18,17.15,0.00,0.00,0.00,0.20,0.20,0,0
[10:56:59.410][I][csv:715]: 1627567,AGG,2.85,2.32,6.43,-2.00,-2.00,6.43,-2.00,-2.00,6.43,-2.00,-2.00,6.24,-0.75,6.43,23.18,17.15,0.00,0.00,0.00,0.20,0.20,0,0
[10:56:59.418][I][csv:715]: 1627575,AGG,2.85,2.32,6.38,-2.00,-2.00,6.38,-2.00,-2.00,6.38,-2.00,-2.00,6.18,-0.74,6.38,23.12,17.15,0.00,0.00,0.00,0.20,0.20,0,0
[10:56:59.784][S][sensor]: 'TWC Reported Current L1' >> 17.2 A
[10:57:00.088][S][sensor]: 'Shelly Active Power L1' >> -632 W
[10:57:00.088][S][sensor]: 'TWC Vitals Current L1' >> 0.00 A
[10:57:00.116][I][csv:715]: 1628273,AGG,2.85,2.32,6.38,-2.00,-2.00,6.38,-2.00,-2.00,6.38,-2.00,-2.00,6.18,-0.73,6.38,23.11,17.25,0.00,0.00,0.00,0.20,0.20,0,0
[10:57:00.228][S][sensor]: 'TWC Vitals Current L3' >> 0.20 A
[10:57:00.228][S][sensor]: 'Shelly Time Since Last OK' >> 93 ms
[10:57:00.345][S][sensor]: 'Shelly Active Power L3' >> 1448 W
[10:57:00.477][I][csv:715]: 1628567,AGG,2.85,2.32,6.38,-2.00,-2.00,6.38,-2.00,-2.00,6.38,-2.00,-2.00,6.18,-0.73,6.38,23.11,17.15,0.00,0.00,0.00,0.20,0.20,0,0
[10:57:00.477][S][sensor]: 'Shelly Real Current L1' >> 2.85 A
[10:57:00.477][S][sensor]: 'Shelly Active Power L2' >> -538 W
[10:57:00.490][I][csv:715]: 1628642,AGG,3.05,2.32,6.38,-3.00,-2.00,6.38,-3.00,-2.00,6.38,-3.00,-2.00,6.18,-0.65,6.38,23.04,17.15,0.00,0.00,0.00,0.20,0.20,0,0
[10:57:00.495][I][csv:715]: 1628648,AGG,3.05,2.32,6.38,-3.00,-2.00,6.38,-3.00,-2.00,6.38,-3.00,-2.00,6.18,-0.65,6.38,23.03,17.15,0.00,0.00,0.00,0.20,0.20,0,0
[10:57:00.495][I][csv:715]: 1628651,AGG,3.05,2.60,6.38,-3.00,-2.00,6.38,-3.00,-2.00,6.38,-3.00,-2.00,6.18,-0.64,6.38,23.03,17.15,0.00,0.00,0.00,0.20,0.20,0,0
[10:57:00.498][I][csv:715]: 1628655,AGG,3.05,2.60,6.38,-3.00,-2.00,6.38,-3.00,-2.00,6.38,-3.00,-2.00,6.18,-0.64,6.38,23.02,17.15,0.00,0.00,0.00,0.20,0.20,0,0
[10:57:00.503][I][csv:715]: 1628660,AGG,3.05,2.60,6.18,-3.00,-2.00,6.18,-3.00,-2.00,6.18,-3.00,-2.00,5.98,-0.63,6.18,22.82,17.15,0.00,0.00,0.00,0.20,0.20,0,0
[10:57:00.637][S][sensor]: 'Shelly Real Current L3' >> 6.18 A
[10:57:00.637][S][sensor]: 'TWC Vitals Vehicle Current' >> 0.20 A
[10:57:00.637][S][sensor]: 'Shelly Real Current L2' >> 2.60 A
[10:57:00.767][S][sensor]: 'TWC Time Since Last Poll' >> 118 ms
[10:57:01.124][I][vitals:883]: TWC vitals: A=0.00 B=0.00 C=0.20 vehicle=0.20 contactor=open
[10:57:01.132][I][csv:715]: 1629290,AGG,3.05,2.60,6.18,-3.00,-2.00,6.18,-3.00,-2.00,6.18,-3.00,-2.00,5.98,-0.33,6.18,22.51,17.25,0.00,0.00,0.00,0.20,0.20,0,0
[10:57:01.138][S][sensor]: 'TWC Poll Interval' >> 193 ms
[10:57:01.138][S][sensor]: 'TWC Vitals Current L2' >> 0.00 A
[10:57:01.412][I][csv:715]: 1629567,AGG,3.05,2.60,6.18,-3.00,-2.00,6.18,-3.00,-2.00,6.18,-3.00,-2.00,5.98,-0.33,6.18,22.51,17.15,0.00,0.00,0.00,0.20,0.20,0,0
[10:57:01.422][I][csv:715]: 1629578,AGG,3.40,2.60,6.18,-3.00,-2.00,6.18,-3.00,-2.00,6.18,-3.00,-2.00,5.98,-0.33,6.18,22.51,17.15,0.00,0.00,0.00,0.20,0.20,0,0
[10:57:01.428][I][csv:715]: 1629582,AGG,3.40,2.60,6.18,-3.00,-2.00,6.18,-3.00,-2.00,6.18,-3.00,-2.00,5.98,-0.33,6.18,22.51,17.15,0.00,0.00,0.00,0.20,0.20,0,0
[10:57:01.430][I][csv:715]: 1629585,AGG,3.40,2.89,6.18,-3.00,-2.00,6.18,-3.00,-2.00,6.18,-3.00,-2.00,5.98,-0.33,6.18,22.51,17.15,0.00,0.00,0.00,0.20,0.20,0,0
[10:57:01.435][I][csv:715]: 1629591,AGG,3.40,2.89,6.18,-3.00,-2.00,6.18,-3.00,-2.00,6.18,-3.00,-2.00,5.98,-0.33,6.18,22.51,17.15,0.00,0.00,0.00,0.20,0.20,0,0
[10:57:01.440][I][csv:715]: 1629596,AGG,3.40,2.89,5.85,-3.00,-2.00,5.85,-3.00,-2.00,5.85,-3.00,-2.00,5.65,-0.32,5.85,22.17,17.15,0.00,0.00,0.00,0.20,0.20,0,0
[10:57:02.090][S][sensor]: 'Shelly Active Power L1' >> -753 W
[10:57:02.091][S][sensor]: 'TWC Vitals Current L1' >> 0.00 A
[10:57:02.128][I][csv:715]: 1630284,AGG,3.40,2.89,5.85,-3.00,-2.00,5.85,-3.00,-2.00,5.85,-3.00,-2.00,5.65,-0.22,5.85,22.07,17.25,0.00,0.00,0.00,0.20,0.20,0,0
[10:57:02.223][S][sensor]: 'TWC Vitals Current L3' >> 0.20 A
[10:57:02.223][S][sensor]: 'Shelly Time Since Last OK' >> 82 ms
[10:57:02.352][S][sensor]: 'Shelly Active Power L3' >> 1329 W
[10:57:02.386][I][csv:715]: 1630536,AGG,3.53,2.89,5.85,-3.00,-2.00,5.85,-3.00,-2.00,5.85,-3.00,-2.00,5.65,-0.22,5.85,22.07,17.15,0.00,0.00,0.00,0.20,0.20,0,0
[10:57:02.398][I][csv:715]: 1630553,AGG,3.53,2.89,5.85,-3.00,-2.00,5.85,-3.00,-2.00,5.85,-3.00,-2.00,5.65,-0.22,5.85,22.07,17.15,0.00,0.00,0.00,0.20,0.20,0,0
[10:57:02.412][I][csv:715]: 1630566,AGG,3.53,3.09,5.85,-3.00,-3.00,5.85,-3.00,-3.00,5.85,-3.00,-3.00,5.65,-0.20,5.85,22.05,17.15,0.00,0.00,0.00,0.20,0.20,0,0
[10:57:02.413][I][csv:715]: 1630569,AGG,3.53,3.09,5.85,-3.00,-3.00,5.85,-3.00,-3.00,5.85,-3.00,-3.00,5.65,-0.20,5.85,22.05,17.15,0.00,0.00,0.00,0.20,0.20,0,0
[10:57:02.423][I][csv:715]: 1630573,AGG,3.53,3.09,5.85,-3.00,-3.00,5.85,-3.00,-3.00,5.85,-3.00,-3.00,5.65,-0.20,5.85,22.05,17.15,0.00,0.00,0.00,0.20,0.20,0,0
[10:57:02.441][I][csv:715]: 1630597,AGG,3.53,3.09,5.75,-3.00,-3.00,5.75,-3.00,-3.00,5.75,-3.00,-3.00,5.55,-0.17,5.75,21.93,17.15,0.00,0.00,0.00,0.20,0.20,0,0
[10:57:02.490][S][sensor]: 'Shelly Real Current L1' >> 3.40 A
[10:57:02.490][S][sensor]: 'Shelly Active Power L2' >> -676 W
[10:57:02.637][S][sensor]: 'Shelly Real Current L3' >> 5.75 A
[10:57:02.637][S][sensor]: 'TWC Vitals Vehicle Current' >> 0.20 A
[10:57:02.637][S][sensor]: 'Shelly Real Current L2' >> 3.09 A
[10:57:02.765][S][sensor]: 'TWC Time Since Last Poll' >> 183 ms
[10:57:03.125][I][vitals:883]: TWC vitals: A=0.00 B=0.00 C=0.20 vehicle=0.20 contactor=open
[10:57:03.136][I][csv:715]: 1631291,AGG,3.53,3.09,5.75,-3.00,-3.00,5.75,-3.00,-3.00,5.75,-3.00,-3.00,5.55,0.15,5.75,21.61,17.25,0.00,0.00,0.00,0.20,0.20,0,0
[10:57:03.139][S][sensor]: 'TWC Vitals Current L2' >> 0.00 A
[10:57:03.140][S][sensor]: 'TWC Poll Interval' >> 194 ms
[10:57:03.419][I][csv:715]: 1631573,AGG,3.53,3.09,5.75,-3.00,-3.00,5.75,-3.00,-3.00,5.75,-3.00,-3.00,5.55,0.15,5.75,21.61,17.15,0.00,0.00,0.00,0.20,0.20,0,0
[10:57:03.426][I][csv:715]: 1631582,AGG,3.57,3.09,5.75,-3.00,-3.00,5.75,-3.00,-3.00,5.75,-3.00,-3.00,5.55,0.15,5.75,21.61,17.15,0.00,0.00,0.00,0.20,0.20,0,0
[10:57:03.434][I][csv:715]: 1631586,AGG,3.57,3.09,5.75,-3.00,-3.00,5.75,-3.00,-3.00,5.75,-3.00,-3.00,5.55,0.15,5.75,21.61,17.15,0.00,0.00,0.00,0.20,0.20,0,0
[10:57:03.434][I][csv:715]: 1631591,AGG,3.57,3.01,5.75,-3.00,-3.00,5.75,-3.00,-3.00,5.75,-3.00,-3.00,5.55,0.15,5.75,21.61,17.15,0.00,0.00,0.00,0.20,0.20,0,0
[10:57:03.439][I][csv:715]: 1631595,AGG,3.57,3.01,5.75,-3.00,-3.00,5.75,-3.00,-3.00,5.75,-3.00,-3.00,5.55,0.15,5.75,21.61,17.15,0.00,0.00,0.00,0.20,0.20,0,0
[10:57:03.447][I][csv:715]: 1631604,AGG,3.57,3.01,5.74,-3.00,-3.00,5.74,-3.00,-3.00,5.74,-3.00,-3.00,5.55,0.15,5.74,21.59,17.15,0.00,0.00,0.00,0.20,0.20,0,0
[10:57:03.516][S][sensor]: 'TWC Reported Current L2' >> 17.2 A
[10:57:03.912][S][sensor]: 'TWC Reported Current L3' >> 17.2 A
[10:57:04.095][S][sensor]: 'Shelly Active Power L1' >> -797 W
[10:57:04.096][S][sensor]: 'TWC Vitals Current L1' >> 0.00 A
[10:57:04.170][I][csv:715]: 1632326,AGG,3.57,3.01,5.74,-3.00,-3.00,5.74,-3.00,-3.00,5.74,-3.00,-3.00,5.55,0.15,5.74,21.59,17.25,0.00,0.00,0.00,0.20,0.20,0,0
[10:57:04.219][S][sensor]: 'TWC Vitals Current L3' >> 0.20 A
[10:57:04.219][S][sensor]: 'Shelly Time Since Last OK' >> 40 ms
[10:57:04.344][S][sensor]: 'Shelly Active Power L3' >> 1299 W
[10:57:04.418][I][csv:715]: 1632573,AGG,3.57,3.01,5.74,-3.00,-3.00,5.74,-3.00,-3.00,5.74,-3.00,-3.00,5.55,0.15,5.74,21.59,17.15,0.00,0.00,0.00,0.20,0.20,0,0
[10:57:04.447][I][csv:715]: 1632603,AGG,3.66,3.01,5.74,-3.00,-3.00,5.74,-3.00,-3.00,5.74,-3.00,-3.00,5.55,0.15,5.74,21.59,17.15,0.00,0.00,0.00,0.20,0.20,0,0
[10:57:04.476][I][csv:715]: 1632633,AGG,3.66,3.01,5.74,-3.00,-3.00,5.74,-3.00,-3.00,5.74,-3.00,-3.00,5.55,0.15,5.74,21.59,17.15,0.00,0.00,0.00,0.20,0.20,0,0
[10:57:04.482][S][sensor]: 'Shelly Real Current L1' >> 3.57 A
[10:57:04.482][S][sensor]: 'Shelly Active Power L2' >> -695 W
[10:57:04.489][I][csv:715]: 1632643,AGG,3.66,3.09,5.74,-3.00,-3.00,5.74,-3.00,-3.00,5.74,-3.00,-3.00,5.55,0.15,5.74,21.59,17.15,0.00,0.00,0.00,0.20,0.20,0,0
[10:57:04.496][I][csv:715]: 1632649,AGG,3.66,3.09,5.74,-3.00,-3.00,5.74,-3.00,-3.00,5.74,-3.00,-3.00,5.55,0.15,5.74,21.59,17.15,0.00,0.00,0.00,0.20,0.20,0,0
[10:57:04.502][I][csv:715]: 1632656,AGG,3.66,3.09,5.64,-3.00,-3.00,5.64,-3.00,-3.00,5.64,-3.00,-3.00,5.45,0.16,5.64,21.49,17.15,0.00,0.00,0.00,0.20,0.20,0,0
[10:57:04.632][S][sensor]: 'Shelly Real Current L3' >> 5.64 A
[10:57:04.632][S][sensor]: 'TWC Vitals Vehicle Current' >> 0.20 A
[10:57:04.632][S][sensor]: 'Shelly Real Current L2' >> 3.09 A
[10:57:04.764][S][sensor]: 'TWC Time Since Last Poll' >> 142 ms
[10:57:04.764][S][sensor]: 'TWC Reported Current L1' >> 17.2 A
[10:57:05.125][I][vitals:883]: TWC vitals: A=0.00 B=0.00 C=0.20 vehicle=0.20 contactor=open
[10:57:05.136][S][sensor]: 'TWC Poll Interval' >> 200 ms
[10:57:05.136][S][sensor]: 'TWC Vitals Current L2' >> 0.00 A
[10:57:05.176][I][csv:715]: 1633332,AGG,3.66,3.09,5.64,-3.00,-3.00,5.64,-3.00,-3.00,5.64,-3.00,-3.00,5.45,0.18,5.64,21.46,17.25,0.00,0.00,0.00,0.20,0.20,0,0
[10:57:05.417][I][csv:715]: 1633573,AGG,3.66,3.09,5.64,-3.00,-3.00,5.64,-3.00,-3.00,5.64,-3.00,-3.00,5.45,0.18,5.64,21.46,17.15,0.00,0.00,0.00,0.20,0.20,0,0
[10:57:05.460][I][csv:715]: 1633615,AGG,3.72,3.09,5.64,-3.00,-3.00,5.64,-3.00,-3.00,5.64,-3.00,-3.00,5.45,0.18,5.64,21.46,17.15,0.00,0.00,0.00,0.20,0.20,0,0
[10:57:05.485][I][csv:715]: 1633640,AGG,3.72,3.09,5.64,-3.00,-3.00,5.64,-3.00,-3.00,5.64,-3.00,-3.00,5.45,0.18,5.64,21.46,17.15,0.00,0.00,0.00,0.20,0.20,0,0
[10:57:05.491][I][csv:715]: 1633645,AGG,3.72,3.16,5.64,-3.00,-3.00,5.64,-3.00,-3.00,5.64,-3.00,-3.00,5.45,0.18,5.64,21.46,17.15,0.00,0.00,0.00,0.20,0.20,0,0
[10:57:05.506][I][csv:715]: 1633654,AGG,3.72,3.16,5.64,-3.00,-3.00,5.64,-3.00,-3.00,5.64,-3.00,-3.00,5.45,0.18,5.64,21.46,17.15,0.00,0.00,0.00,0.20,0.20,0,0
[10:57:05.513][I][csv:715]: 1633668,AGG,3.72,3.16,5.59,-3.00,-3.00,5.59,-3.00,-3.00,5.59,-3.00,-3.00,5.39,0.20,5.59,21.39,17.15,0.00,0.00,0.00,0.20,0.20,0,0
[10:57:06.093][S][sensor]: 'Shelly Active Power L1' >> -833 W
[10:57:06.093][S][sensor]: 'TWC Vitals Current L1' >> 0.00 A
[10:57:06.183][I][csv:715]: 1634339,AGG,3.72,3.16,5.59,-3.00,-3.00,5.59,-3.00,-3.00,5.59,-3.00,-3.00,5.39,0.20,5.59,21.39,17.25,0.00,0.00,0.00,0.20,0.20,0,0
[10:57:06.219][S][sensor]: 'TWC Vitals Current L3' >> 0.20 A
[10:57:06.220][S][sensor]: 'Shelly Time Since Last OK' >> 27 ms
[10:57:06.360][S][sensor]: 'Shelly Active Power L3' >> 1283 W
[10:57:06.420][I][csv:715]: 1634573,AGG,3.72,3.16,5.59,-3.00,-3.00,5.59,-3.00,-3.00,5.59,-3.00,-3.00,5.39,0.20,5.59,21.39,17.15,0.00,0.00,0.00,0.20,0.20,0,0
[10:57:06.497][S][sensor]: 'Shelly Real Current L1' >> 3.72 A
[10:57:06.497][S][sensor]: 'Shelly Active Power L2' >> -734 W
[10:57:06.508][I][csv:715]: 1634662,AGG,3.69,3.16,5.59,-3.00,-3.00,5.59,-3.00,-3.00,5.59,-3.00,-3.00,5.39,0.20,5.59,21.39,17.15,0.00,0.00,0.00,0.20,0.20,0,0
[10:57:06.514][I][csv:715]: 1634666,AGG,3.69,3.16,5.59,-3.00,-3.00,5.59,-3.00,-3.00,5.59,-3.00,-3.00,5.39,0.20,5.59,21.39,17.15,0.00,0.00,0.00,0.20,0.20,0,0
[10:57:06.514][I][csv:715]: 1634669,AGG,3.69,3.20,5.59,-3.00,-3.00,5.59,-3.00,-3.00,5.59,-3.00,-3.00,5.39,0.20,5.59,21.39,17.15,0.00,0.00,0.00,0.20,0.20,0,0
[10:57:06.518][I][csv:715]: 1634674,AGG,3.69,3.20,5.59,-3.00,-3.00,5.59,-3.00,-3.00,5.59,-3.00,-3.00,5.39,0.20,5.59,21.39,17.15,0.00,0.00,0.00,0.20,0.20,0,0
[10:57:06.522][I][csv:715]: 1634678,AGG,3.69,3.20,5.62,-3.00,-3.00,5.62,-3.00,-3.00,5.62,-3.00,-3.00,5.43,0.20,5.62,21.43,17.15,0.00,0.00,0.00,0.20,0.20,0,0
[10:57:06.637][S][sensor]: 'Shelly Real Current L3' >> 5.62 A
[10:57:06.637][S][sensor]: 'TWC Vitals Vehicle Current' >> 0.20 A
[10:57:06.637][S][sensor]: 'Shelly Real Current L2' >> 3.20 A
[10:57:06.768][S][sensor]: 'TWC Time Since Last Poll' >> 70 ms
[10:57:07.133][I][vitals:883]: TWC vitals: A=0.00 B=0.00 C=0.20 vehicle=0.20 contactor=open
[10:57:07.134][S][sensor]: 'TWC Poll Interval' >> 194 ms
[10:57:07.134][S][sensor]: 'TWC Vitals Current L2' >> 0.00 A
[10:57:07.193][I][csv:715]: 1635347,AGG,3.69,3.20,5.62,-3.00,-3.00,5.62,-3.00,-3.00,5.62,-3.00,-3.00,5.43,0.19,5.62,21.43,17.25,0.00,0.00,0.00,0.20,0.20,0,0
[10:57:07.416][I][csv:715]: 1635573,AGG,3.69,3.20,5.62,-3.00,-3.00,5.62,-3.00,-3.00,5.62,-3.00,-3.00,5.43,0.19,5.62,21.43,17.15,0.00,0.00,0.00,0.20,0.20,0,0
[10:57:07.473][I][csv:715]: 1635630,AGG,3.47,3.20,5.62,-3.00,-3.00,5.62,-3.00,-3.00,5.62,-3.00,-3.00,5.43,0.19,5.62,21.43,17.15,0.00,0.00,0.00,0.20,0.20,0,0
[10:57:07.487][I][csv:715]: 1635644,AGG,3.47,3.20,5.62,-3.00,-3.00,5.62,-3.00,-3.00,5.62,-3.00,-3.00,5.43,0.19,5.62,21.43,17.15,0.00,0.00,0.00,0.20,0.20,0,0
[10:57:07.501][I][csv:715]: 1635655,AGG,3.47,2.94,5.62,-3.00,-2.00,5.62,-3.00,-2.00,5.62,-3.00,-2.00,5.43,0.18,5.62,21.44,17.15,0.00,0.00,0.00,0.20,0.20,0,0
[10:57:07.511][I][csv:715]: 1635663,AGG,3.47,2.94,5.62,-3.00,-2.00,5.62,-3.00,-2.00,5.62,-3.00,-2.00,5.43,0.17,5.62,21.45,17.15,0.00,0.00,0.00,0.20,0.20,0,0
[10:57:07.527][I][csv:715]: 1635681,AGG,3.47,2.94,5.89,-3.00,-2.00,5.89,-3.00,-2.00,5.89,-3.00,-2.00,5.69,0.15,5.89,21.73,17.15,0.00,0.00,0.00,0.20,0.20,0,0
[10:57:08.094][S][sensor]: 'Shelly Active Power L1' >> -784 W
[10:57:08.094][S][sensor]: 'TWC Vitals Current L1' >> 0.00 A
[10:57:08.222][S][sensor]: 'TWC Vitals Current L3' >> 0.20 A
[10:57:08.222][S][sensor]: 'Shelly Time Since Last OK' >> 685 ms
[10:57:08.233][I][csv:715]: 1636389,AGG,3.47,2.94,5.89,-3.00,-2.00,5.89,-3.00,-2.00,5.89,-3.00,-2.00,5.69,-0.23,5.89,22.12,17.25,0.00,0.00,0.00,0.20,0.20,0,0
[10:57:08.357][S][sensor]: 'Shelly Active Power L3' >> 1368 W
[10:57:08.419][I][csv:715]: 1636573,AGG,3.47,2.94,5.89,-3.00,-2.00,5.89,-3.00,-2.00,5.89,-3.00,-2.00,5.69,-0.23,5.89,22.12,17.15,0.00,0.00,0.00,0.20,0.20,0,0
[10:57:08.473][I][csv:715]: 1636627,AGG,3.38,2.94,5.89,-3.00,-2.00,5.89,-3.00,-2.00,5.89,-3.00,-2.00,5.69,-0.23,5.89,22.12,17.15,0.00,0.00,0.00,0.20,0.20,0,0
[10:57:08.493][S][sensor]: 'Shelly Real Current L1' >> 3.47 A
[10:57:08.494][S][sensor]: 'Shelly Active Power L2' >> -681 W
[10:57:08.494][S][sensor]: 'TWC Reported Current L2' >> 17.2 A
[10:57:08.508][I][csv:715]: 1636653,AGG,3.38,2.94,5.89,-3.00,-2.00,5.89,-3.00,-2.00,5.89,-3.00,-2.00,5.69,-0.23,5.89,22.12,17.15,0.00,0.00,0.00,0.20,0.20,0,0
[10:57:08.520][I][csv:715]: 1636677,AGG,3.38,2.86,5.89,-3.00,-2.00,5.89,-3.00,-2.00,5.89,-3.00,-2.00,5.69,-0.23,5.89,22.12,17.15,0.00,0.00,0.00,0.20,0.20,0,0
[10:57:08.527][I][csv:715]: 1636681,AGG,3.38,2.86,5.89,-3.00,-2.00,5.89,-3.00,-2.00,5.89,-3.00,-2.00,5.69,-0.23,5.89,22.12,17.15,0.00,0.00,0.00,0.20,0.20,0,0
[10:57:08.537][I][csv:715]: 1636690,AGG,3.38,2.86,5.99,-3.00,-2.00,5.99,-3.00,-2.00,5.99,-3.00,-2.00,5.79,-0.24,5.99,22.23,17.15,0.00,0.00,0.00,0.20,0.20,0,0
[10:57:08.641][S][sensor]: 'Shelly Real Current L3' >> 5.89 A
[10:57:08.641][S][sensor]: 'TWC Vitals Vehicle Current' >> 0.20 A
[10:57:08.642][S][sensor]: 'Shelly Real Current L2' >> 2.86 A
[10:57:08.769][S][sensor]: 'TWC Time Since Last Poll' >> 51 ms
[10:57:09.127][I][vitals:883]: TWC vitals: A=0.00 B=0.00 C=0.20 vehicle=0.20 contactor=open
[10:57:09.140][S][sensor]: 'TWC Reported Current L3' >> 17.2 A
[10:57:09.140][S][sensor]: 'TWC Vitals Current L2' >> 0.00 A
[10:57:09.140][S][sensor]: 'TWC Poll Interval' >> 179 ms
[10:57:09.261][I][csv:715]: 1637417,AGG,3.38,2.86,5.99,-3.00,-2.00,5.99,-3.00,-2.00,5.99,-3.00,-2.00,5.79,-0.26,5.99,22.26,17.25,0.00,0.00,0.00,0.20,0.20,0,0
[10:57:09.416][I][csv:715]: 1637573,AGG,3.38,2.86,5.99,-3.00,-2.00,5.99,-3.00,-2.00,5.99,-3.00,-2.00,5.79,-0.26,5.99,22.26,17.15,0.00,0.00,0.00,0.20,0.20,0,0
[10:57:09.572][I][csv:715]: 1637728,AGG,3.29,2.86,5.99,-3.00,-2.00,5.99,-3.00,-2.00,5.99,-3.00,-2.00,5.79,-0.26,5.99,22.26,17.15,0.00,0.00,0.00,0.20,0.20,0,0
[10:57:09.577][I][csv:715]: 1637732,AGG,3.29,2.86,5.99,-3.00,-2.00,5.99,-3.00,-2.00,5.99,-3.00,-2.00,5.79,-0.26,5.99,22.26,17.15,0.00,0.00,0.00,0.20,0.20,0,0
[10:57:09.582][I][csv:715]: 1637736,AGG,3.29,2.72,5.99,-3.00,-2.00,5.99,-3.00,-2.00,5.99,-3.00,-2.00,5.79,-0.26,5.99,22.26,17.15,0.00,0.00,0.00,0.20,0.20,0,0
[10:57:09.587][I][csv:715]: 1637741,AGG,3.29,2.72,5.99,-3.00,-2.00,5.99,-3.00,-2.00,5.99,-3.00,-2.00,5.79,-0.26,5.99,22.26,17.15,0.00,0.00,0.00,0.20,0.20,0,0
[10:57:09.592][I][csv:715]: 1637746,AGG,3.29,2.72,6.09,-3.00,-2.00,6.09,-3.00,-2.00,6.09,-3.00,-2.00,5.89,-0.27,6.09,22.36,17.15,0.00,0.00,0.00,0.20,0.20,0,0
[10:57:09.776][S][sensor]: 'TWC Reported Current L1' >> 17.2 A
[10:57:10.093][S][sensor]: 'Shelly Active Power L1' >> -740 W
[10:57:10.094][S][sensor]: 'TWC Vitals Current L1' >> 0.00 A
[10:57:10.222][S][sensor]: 'TWC Vitals Current L3' >> 0.20 A
[10:57:10.222][S][sensor]: 'Shelly Time Since Last OK' >> 620 ms
[10:57:10.227][I][csv:715]: 1638383,AGG,3.29,2.72,6.09,-3.00,-2.00,6.09,-3.00,-2.00,6.09,-3.00,-2.00,5.89,-0.30,6.09,22.38,17.25,0.00,0.00,0.00,0.20,0.20,0,0
[10:57:10.353][S][sensor]: 'Shelly Active Power L3' >> 1408 W
[10:57:10.420][I][csv:715]: 1638573,AGG,3.29,2.72,6.09,-3.00,-2.00,6.09,-3.00,-2.00,6.09,-3.00,-2.00,5.89,-0.30,6.09,22.38,17.15,0.00,0.00,0.00,0.20,0.20,0,0
[10:57:10.481][S][sensor]: 'Shelly Real Current L1' >> 3.29 A
[10:57:10.481][S][sensor]: 'Shelly Active Power L2' >> -635 W
[10:57:10.494][I][csv:715]: 1638650,AGG,3.22,2.72,6.09,-3.00,-2.00,6.09,-3.00,-2.00,6.09,-3.00,-2.00,5.89,-0.30,6.09,22.38,17.15,0.00,0.00,0.00,0.20,0.20,0,0
[10:57:10.507][I][csv:715]: 1638662,AGG,3.22,2.72,6.09,-3.00,-2.00,6.09,-3.00,-2.00,6.09,-3.00,-2.00,5.89,-0.30,6.09,22.38,17.15,0.00,0.00,0.00,0.20,0.20,0,0
[10:57:10.520][I][csv:715]: 1638675,AGG,3.22,2.72,6.09,-3.00,-2.00,6.09,-3.00,-2.00,6.09,-3.00,-2.00,5.89,-0.30,6.09,22.38,17.15,0.00,0.00,0.00,0.20,0.20,0,0
[10:57:10.546][I][csv:715]: 1638699,AGG,3.22,2.72,6.09,-3.00,-2.00,6.09,-3.00,-2.00,6.09,-3.00,-2.00,5.89,-0.30,6.09,22.38,17.15,0.00,0.00,0.00,0.20,0.20,0,0
[10:57:10.550][I][csv:715]: 1638704,AGG,3.22,2.72,6.14,-3.00,-2.00,6.14,-3.00,-2.00,6.14,-3.00,-2.00,5.94,-0.30,6.14,22.44,17.15,0.00,0.00,0.00,0.20,0.20,0,0
[10:57:10.644][S][sensor]: 'Shelly Real Current L3' >> 6.09 A
[10:57:10.645][S][sensor]: 'TWC Vitals Vehicle Current' >> 0.20 A
[10:57:10.645][S][sensor]: 'Shelly Real Current L2' >> 2.72 A
[10:57:10.773][S][sensor]: 'TWC Time Since Last Poll' >> 32 ms
[10:57:11.421][I][vitals:883]: TWC vitals: A=0.00 B=0.00 C=0.20 vehicle=0.20 contactor=open
[10:57:11.429][I][csv:715]: 1639586,AGG,3.22,2.72,6.14,-3.00,-2.00,6.14,-3.00,-2.00,6.14,-3.00,-2.00,5.94,-0.31,6.14,22.45,17.15,0.00,0.00,0.00,0.20,0.20,0,0
[10:57:11.439][S][sensor]: 'TWC Poll Interval' >> 194 ms
[10:57:11.439][S][sensor]: 'TWC Vitals Current L2' >> 0.00 A
[10:57:11.443][I][csv:715]: 1639593,AGG,3.22,2.72,6.14,-3.00,-2.00,6.14,-3.00,-2.00,6.14,-3.00,-2.00,5.94,-0.31,6.14,22.45,17.15,0.00,0.00,0.00,0.20,0.20,0,0
[10:57:11.487][I][csv:715]: 1639644,AGG,3.15,2.72,6.14,-3.00,-2.00,6.14,-3.00,-2.00,6.14,-3.00,-2.00,5.94,-0.31,6.14,22.45,17.15,0.00,0.00,0.00,0.20,0.20,0,0
[10:57:11.522][I][csv:715]: 1639678,AGG,3.15,2.72,6.14,-3.00,-2.00,6.14,-3.00,-2.00,6.14,-3.00,-2.00,5.94,-0.31,6.14,22.45,17.15,0.00,0.00,0.00,0.20,0.20,0,0
[10:57:11.526][I][csv:715]: 1639683,AGG,3.15,2.58,6.14,-3.00,-2.00,6.14,-3.00,-2.00,6.14,-3.00,-2.00,5.94,-0.31,6.14,22.45,17.15,0.00,0.00,0.00,0.20,0.20,0,0
[10:57:11.558][I][csv:715]: 1639707,AGG,3.15,2.58,6.14,-3.00,-2.00,6.14,-3.00,-2.00,6.14,-3.00,-2.00,5.94,-0.31,6.14,22.45,17.15,0.00,0.00,0.00,0.20,0.20,0,0
[10:57:11.563][I][csv:715]: 1639720,AGG,3.15,2.58,6.35,-3.00,-2.00,6.35,-3.00,-2.00,6.35,-3.00,-2.00,6.15,-0.33,6.35,22.68,17.15,0.00,0.00,0.00,0.20,0.20,0,0
[10:57:12.098][S][sensor]: 'Shelly Active Power L1' >> -718 W
[10:57:12.098][S][sensor]: 'TWC Vitals Current L1' >> 0.00 A
[10:57:12.221][S][sensor]: 'TWC Vitals Current L3' >> 0.20 A
[10:57:12.222][S][sensor]: 'Shelly Time Since Last OK' >> 646 ms
[10:57:12.241][I][csv:715]: 1640397,AGG,3.15,2.58,6.35,-3.00,-2.00,6.35,-3.00,-2.00,6.35,-3.00,-2.00,6.15,-0.38,6.35,22.73,17.25,0.00,0.00,0.00,0.20,0.20,0,0
[10:57:12.353][S][sensor]: 'Shelly Active Power L3' >> 1485 W
[10:57:12.437][I][csv:715]: 1640593,AGG,3.15,2.58,6.35,-3.00,-2.00,6.35,-3.00,-2.00,6.35,-3.00,-2.00,6.15,-0.38,6.35,22.73,17.15,0.00,0.00,0.00,0.20,0.20,0,0
[10:57:12.489][I][csv:715]: 1640646,AGG,3.12,2.58,6.35,-3.00,-2.00,6.35,-3.00,-2.00,6.35,-3.00,-2.00,6.15,-0.38,6.35,22.73,17.15,0.00,0.00,0.00,0.20,0.20,0,0
[10:57:12.494][S][sensor]: 'Shelly Real Current L1' >> 3.15 A
[10:57:12.494][S][sensor]: 'Shelly Active Power L2' >> -604 W
[10:57:12.523][I][csv:715]: 1640680,AGG,3.12,2.58,6.35,-3.00,-2.00,6.35,-3.00,-2.00,6.35,-3.00,-2.00,6.15,-0.38,6.35,22.73,17.15,0.00,0.00,0.00,0.20,0.20,0,0
[10:57:12.530][I][csv:715]: 1640687,AGG,3.12,2.62,6.35,-3.00,-2.00,6.35,-3.00,-2.00,6.35,-3.00,-2.00,6.15,-0.38,6.35,22.73,17.15,0.00,0.00,0.00,0.20,0.20,0,0
[10:57:12.550][I][csv:715]: 1640707,AGG,3.12,2.62,6.35,-3.00,-2.00,6.35,-3.00,-2.00,6.35,-3.00,-2.00,6.15,-0.38,6.35,22.73,17.15,0.00,0.00,0.00,0.20,0.20,0,0
[10:57:12.564][I][csv:715]: 1640721,AGG,3.12,2.62,6.38,-3.00,-2.00,6.38,-3.00,-2.00,6.38,-3.00,-2.00,6.18,-0.39,6.38,22.77,17.15,0.00,0.00,0.00,0.20,0.20,0,0
[10:57:12.636][S][sensor]: 'Shelly Real Current L3' >> 6.35 A
[10:57:12.636][S][sensor]: 'TWC Vitals Vehicle Current' >> 0.20 A
[10:57:12.636][S][sensor]: 'Shelly Real Current L2' >> 2.62 A
[10:57:12.764][S][sensor]: 'TWC Time Since Last Poll' >> 184 ms
[10:57:12.878][I][vitals:883]: TWC vitals: A=0.00 B=0.00 C=0.20 vehicle=0.20 contactor=open
[10:57:12.920][S][sensor]: 'TWC Poll Interval' >> 194 ms
[10:57:12.921][S][sensor]: 'TWC Vitals Current L2' >> 0.00 A
[10:57:13.332][I][csv:715]: 1641487,AGG,3.12,2.62,6.38,-3.00,-2.00,6.38,-3.00,-2.00,6.38,-3.00,-2.00,6.18,-0.39,6.38,22.77,17.25,0.00,0.00,0.00,0.20,0.20,0,0
[10:57:13.439][I][csv:715]: 1641593,AGG,3.12,2.62,6.38,-3.00,-2.00,6.38,-3.00,-2.00,6.38,-3.00,-2.00,6.18,-0.39,6.38,22.77,17.15,0.00,0.00,0.00,0.20,0.20,0,0
[10:57:13.494][I][csv:715]: 1641651,AGG,3.10,2.62,6.38,-3.00,-2.00,6.38,-3.00,-2.00,6.38,-3.00,-2.00,6.18,-0.39,6.38,22.77,17.15,0.00,0.00,0.00,0.20,0.20,0,0
[10:57:13.514][S][sensor]: 'TWC Reported Current L2' >> 17.2 A
[10:57:13.529][I][csv:715]: 1641683,AGG,3.10,2.62,6.38,-3.00,-2.00,6.38,-3.00,-2.00,6.38,-3.00,-2.00,6.18,-0.39,6.38,22.77,17.15,0.00,0.00,0.00,0.20,0.20,0,0
[10:57:13.535][I][csv:715]: 1641691,AGG,3.10,2.54,6.38,-3.00,-2.00,6.38,-3.00,-2.00,6.38,-3.00,-2.00,6.18,-0.39,6.38,22.77,17.15,0.00,0.00,0.00,0.20,0.20,0,0
[10:57:13.560][I][csv:715]: 1641716,AGG,3.10,2.54,6.38,-3.00,-2.00,6.38,-3.00,-2.00,6.38,-3.00,-2.00,6.18,-0.39,6.38,22.77,17.15,0.00,0.00,0.00,0.20,0.20,0,0
[10:57:13.569][I][csv:715]: 1641726,AGG,3.10,2.54,6.40,-3.00,-2.00,6.40,-3.00,-2.00,6.40,-3.00,-2.00,6.20,-0.40,6.40,22.80,17.15,0.00,0.00,0.00,0.20,0.20,0,0
[10:57:13.912][S][sensor]: 'TWC Reported Current L3' >> 17.2 A
[10:57:14.091][S][sensor]: 'Shelly Active Power L1' >> -709 W
[10:57:14.091][S][sensor]: 'TWC Vitals Current L1' >> 0.00 A
[10:57:14.222][S][sensor]: 'TWC Vitals Current L3' >> 0.20 A
[10:57:14.222][S][sensor]: 'Shelly Time Since Last OK' >> 640 ms
[10:57:14.238][I][csv:715]: 1642392,AGG,3.10,2.54,6.40,-3.00,-2.00,6.40,-3.00,-2.00,6.40,-3.00,-2.00,6.20,-0.40,6.40,22.80,17.25,0.00,0.00,0.00,0.20,0.20,0,0
[10:57:14.355][S][sensor]: 'Shelly Active Power L3' >> 1500 W
[10:57:14.436][I][csv:715]: 1642593,AGG,3.10,2.54,6.40,-3.00,-2.00,6.40,-3.00,-2.00,6.40,-3.00,-2.00,6.20,-0.40,6.40,22.80,17.15,0.00,0.00,0.00,0.20,0.20,0,0
[10:57:14.478][S][sensor]: 'Shelly Real Current L1' >> 3.10 A
[10:57:14.478][S][sensor]: 'Shelly Active Power L2' >> -597 W
[10:57:14.500][I][csv:715]: 1642656,AGG,3.08,2.54,6.40,-3.00,-2.00,6.40,-3.00,-2.00,6.40,-3.00,-2.00,6.20,-0.40,6.40,22.80,17.15,0.00,0.00,0.00,0.20,0.20,0,0
[10:57:14.535][I][csv:715]: 1642691,AGG,3.08,2.54,6.40,-3.00,-2.00,6.40,-3.00,-2.00,6.40,-3.00,-2.00,6.20,-0.40,6.40,22.80,17.15,0.00,0.00,0.00,0.20,0.20,0,0
[10:57:14.541][I][csv:715]: 1642696,AGG,3.08,2.60,6.40,-3.00,-2.00,6.40,-3.00,-2.00,6.40,-3.00,-2.00,6.20,-0.40,6.40,22.80,17.15,0.00,0.00,0.00,0.20,0.20,0,0
[10:57:14.559][I][csv:715]: 1642715,AGG,3.08,2.60,6.40,-3.00,-2.00,6.40,-3.00,-2.00,6.40,-3.00,-2.00,6.20,-0.40,6.40,22.80,17.15,0.00,0.00,0.00,0.20,0.20,0,0
[10:57:14.573][I][csv:715]: 1642729,AGG,3.08,2.60,6.41,-3.00,-2.00,6.41,-3.00,-2.00,6.41,-3.00,-2.00,6.21,-0.40,6.41,22.81,17.15,0.00,0.00,0.00,0.20,0.20,0,0
[10:57:14.640][S][sensor]: 'Shelly Real Current L3' >> 6.40 A
[10:57:14.640][S][sensor]: 'TWC Vitals Vehicle Current' >> 0.20 A
[10:57:14.640][S][sensor]: 'Shelly Real Current L2' >> 2.60 A
[10:57:14.768][S][sensor]: 'TWC Time Since Last Poll' >> 50 ms
[10:57:14.769][S][sensor]: 'TWC Reported Current L1' >> 17.2 A
[10:57:14.881][I][vitals:883]: TWC vitals: A=0.00 B=0.00 C=0.20 vehicle=0.20 contactor=open
[10:57:14.913][S][sensor]: 'TWC Vitals Current L2' >> 0.00 A
[10:57:14.913][S][sensor]: 'TWC Poll Interval' >> 196 ms
[10:57:15.379][I][csv:715]: 1643535,AGG,3.08,2.60,6.41,-3.00,-2.00,6.41,-3.00,-2.00,6.41,-3.00,-2.00,6.21,-0.40,6.41,22.81,17.15,0.00,0.00,0.00,0.20,0.20,0,0
[10:57:15.436][I][csv:715]: 1643593,AGG,3.08,2.60,6.41,-3.00,-2.00,6.41,-3.00,-2.00,6.41,-3.00,-2.00,6.21,-0.40,6.41,22.81,17.15,0.00,0.00,0.00,0.20,0.20,0,0
[10:57:15.588][I][csv:715]: 1643744,AGG,3.11,2.60,6.41,-3.00,-2.00,6.41,-3.00,-2.00,6.41,-3.00,-2.00,6.21,-0.40,6.41,22.81,17.15,0.00,0.00,0.00,0.20,0.20,0,0
[10:57:15.591][I][csv:715]: 1643748,AGG,3.11,2.60,6.41,-3.00,-2.00,6.41,-3.00,-2.00,6.41,-3.00,-2.00,6.21,-0.40,6.41,22.81,17.15,0.00,0.00,0.00,0.20,0.20,0,0
[10:57:15.601][I][csv:715]: 1643752,AGG,3.11,2.54,6.41,-3.00,-2.00,6.41,-3.00,-2.00,6.41,-3.00,-2.00,6.21,-0.40,6.41,22.81,17.15,0.00,0.00,0.00,0.20,0.20,0,0
[10:57:15.601][I][csv:715]: 1643755,AGG,3.11,2.54,6.41,-3.00,-2.00,6.41,-3.00,-2.00,6.41,-3.00,-2.00,6.21,-0.40,6.41,22.81,17.15,0.00,0.00,0.00,0.20,0.20,0,0
[10:57:15.605][I][csv:715]: 1643758,AGG,3.11,2.54,6.44,-3.00,-2.00,6.44,-3.00,-2.00,6.44,-3.00,-2.00,6.24,-0.41,6.44,22.84,17.15,0.00,0.00,0.00,0.20,0.20,0,0
[10:57:16.095][S][sensor]: 'Shelly Active Power L1' >> -709 W
[10:57:16.095][S][sensor]: 'TWC Vitals Current L1' >> 0.00 A
[10:57:16.222][S][sensor]: 'TWC Vitals Current L3' >> 0.20 A
[10:57:16.222][S][sensor]: 'Shelly Time Since Last OK' >> 608 ms
[10:57:16.347][S][sensor]: 'Shelly Active Power L3' >> 1492 W
[10:57:16.353][I][csv:715]: 1644509,AGG,3.11,2.54,6.44,-3.00,-2.00,6.44,-3.00,-2.00,6.44,-3.00,-2.00,6.24,-0.41,6.44,22.85,17.15,0.00,0.00,0.00,0.20,0.20,0,0
[10:57:16.439][I][csv:715]: 1644593,AGG,3.11,2.54,6.44,-3.00,-2.00,6.44,-3.00,-2.00,6.44,-3.00,-2.00,6.24,-0.41,6.44,22.85,17.15,0.00,0.00,0.00,0.20,0.20,0,0
[10:57:16.492][S][sensor]: 'Shelly Real Current L1' >> 3.11 A
[10:57:16.492][S][sensor]: 'Shelly Active Power L2' >> -600 W
[10:57:16.516][I][csv:715]: 1644672,AGG,3.11,2.54,6.44,-3.00,-2.00,6.44,-3.00,-2.00,6.44,-3.00,-2.00,6.24,-0.41,6.44,22.85,17.15,0.00,0.00,0.00,0.20,0.20,0,0
[10:57:16.551][I][csv:715]: 1644702,AGG,3.11,2.54,6.44,-3.00,-2.00,6.44,-3.00,-2.00,6.44,-3.00,-2.00,6.24,-0.41,6.44,22.85,17.15,0.00,0.00,0.00,0.20,0.20,0,0
[10:57:16.562][I][csv:715]: 1644718,AGG,3.11,2.55,6.44,-3.00,-2.00,6.44,-3.00,-2.00,6.44,-3.00,-2.00,6.24,-0.41,6.44,22.85,17.15,0.00,0.00,0.00,0.20,0.20,0,0
[10:57:16.574][I][csv:715]: 1644730,AGG,3.11,2.55,6.44,-3.00,-2.00,6.44,-3.00,-2.00,6.44,-3.00,-2.00,6.24,-0.41,6.44,22.85,17.15,0.00,0.00,0.00,0.20,0.20,0,0
[10:57:16.592][I][csv:715]: 1644749,AGG,3.11,2.55,6.43,-3.00,-2.00,6.43,-3.00,-2.00,6.43,-3.00,-2.00,6.23,-0.41,6.43,22.83,17.15,0.00,0.00,0.00,0.20,0.20,0,0
[10:57:16.628][S][sensor]: 'Shelly Real Current L3' >> 6.44 A
[10:57:16.629][S][sensor]: 'TWC Vitals Vehicle Current' >> 0.20 A
[10:57:16.629][S][sensor]: 'Shelly Real Current L2' >> 2.55 A
[10:57:16.771][S][sensor]: 'TWC Time Since Last Poll' >> 118 ms
[10:57:17.129][I][vitals:883]: TWC vitals: A=0.00 B=0.00 C=0.20 vehicle=0.20 contactor=open
[10:57:17.140][S][sensor]: 'TWC Vitals Current L2' >> 0.00 A
[10:57:17.140][S][sensor]: 'TWC Poll Interval' >> 200 ms
[10:57:17.145][E][modbus:456]: Attempted to send while transmission blocked
[10:57:17.428][I][csv:715]: 1645585,AGG,3.11,2.55,6.43,-3.00,-2.00,6.43,-3.00,-2.00,6.43,-3.00,-2.00,6.23,-0.41,6.43,22.83,17.15,0.00,0.00,0.00,0.20,0.20,0,0
[10:57:17.437][I][csv:715]: 1645593,AGG,3.11,2.55,6.43,-3.00,-2.00,6.43,-3.00,-2.00,6.43,-3.00,-2.00,6.23,-0.41,6.43,22.83,17.15,0.00,0.00,0.00,0.20,0.20,0,0
[10:57:17.629][I][csv:715]: 1645786,AGG,3.13,2.55,6.43,-3.00,-2.00,6.43,-3.00,-2.00,6.43,-3.00,-2.00,6.23,-0.41,6.43,22.83,17.15,0.00,0.00,0.00,0.20,0.20,0,0
[10:57:17.638][I][csv:715]: 1645790,AGG,3.13,2.55,6.43,-3.00,-2.00,6.43,-3.00,-2.00,6.43,-3.00,-2.00,6.23,-0.41,6.43,22.83,17.15,0.00,0.00,0.00,0.20,0.20,0,0
[10:57:17.645][I][csv:715]: 1645794,AGG,3.13,2.55,6.43,-3.00,-2.00,6.43,-3.00,-2.00,6.43,-3.00,-2.00,6.23,-0.41,6.43,22.83,17.15,0.00,0.00,0.00,0.20,0.20,0,0
[10:57:17.645][I][csv:715]: 1645798,AGG,3.13,2.55,6.43,-3.00,-2.00,6.43,-3.00,-2.00,6.43,-3.00,-2.00,6.23,-0.41,6.43,22.83,17.15,0.00,0.00,0.00,0.20,0.20,0,0
[10:57:17.646][I][csv:715]: 1645802,AGG,3.13,2.55,6.41,-3.00,-2.00,6.41,-3.00,-2.00,6.41,-3.00,-2.00,6.21,-0.40,6.41,22.81,17.15,0.00,0.00,0.00,0.20,0.20,0,0
[10:57:18.090][S][sensor]: 'Shelly Active Power L1' >> -719 W
[10:57:18.090][S][sensor]: 'TWC Vitals Current L1' >> 0.00 A
[10:57:18.220][S][sensor]: 'TWC Vitals Current L3' >> 0.20 A
[10:57:18.220][S][sensor]: 'Shelly Time Since Last OK' >> 564 ms
[10:57:18.350][S][sensor]: 'Shelly Active Power L3' >> 1483 W
[10:57:18.360][I][csv:715]: 1646509,AGG,3.13,2.55,6.41,-3.00,-2.00,6.41,-3.00,-2.00,6.41,-3.00,-2.00,6.21,-0.40,6.41,22.81,17.15,0.00,0.00,0.00,0.20,0.20,0,0
[10:57:18.440][I][csv:715]: 1646593,AGG,3.13,2.55,6.41,-3.00,-2.00,6.41,-3.00,-2.00,6.41,-3.00,-2.00,6.21,-0.40,6.41,22.81,17.15,0.00,0.00,0.00,0.20,0.20,0,0
[10:57:18.481][S][sensor]: 'Shelly Real Current L1' >> 3.13 A
[10:57:18.482][S][sensor]: 'Shelly Active Power L2' >> -606 W
[10:57:18.482][S][sensor]: 'TWC Reported Current L2' >> 17.2 A
[10:57:18.528][I][csv:715]: 1646682,AGG,3.18,2.55,6.41,-3.00,-2.00,6.41,-3.00,-2.00,6.41,-3.00,-2.00,6.21,-0.40,6.41,22.81,17.15,0.00,0.00,0.00,0.20,0.20,0,0
[10:57:18.565][I][csv:715]: 1646721,AGG,3.18,2.55,6.41,-3.00,-2.00,6.41,-3.00,-2.00,6.41,-3.00,-2.00,6.21,-0.40,6.41,22.81,17.15,0.00,0.00,0.00,0.20,0.20,0,0
[10:57:18.571][I][csv:715]: 1646727,AGG,3.18,2.67,6.41,-3.00,-2.00,6.41,-3.00,-2.00,6.41,-3.00,-2.00,6.21,-0.40,6.41,22.81,17.15,0.00,0.00,0.00,0.20,0.20,0,0
[10:57:18.587][I][csv:715]: 1646742,AGG,3.18,2.67,6.41,-3.00,-2.00,6.41,-3.00,-2.00,6.41,-3.00,-2.00,6.21,-0.40,6.41,22.81,17.15,0.00,0.00,0.00,0.20,0.20,0,0
[10:57:18.601][I][csv:715]: 1646757,AGG,3.18,2.67,6.35,-3.00,-2.00,6.35,-3.00,-2.00,6.35,-3.00,-2.00,6.15,-0.39,6.35,22.73,17.15,0.00,0.00,0.00,0.20,0.20,0,0
[10:57:18.640][S][sensor]: 'Shelly Real Current L3' >> 6.41 A
[10:57:18.641][S][sensor]: 'TWC Vitals Vehicle Current' >> 0.20 A
[10:57:18.641][S][sensor]: 'Shelly Real Current L2' >> 2.55 A
[10:57:18.765][S][sensor]: 'TWC Time Since Last Poll' >> 162 ms
[10:57:19.628][I][vitals:883]: TWC vitals: A=0.00 B=0.00 C=0.20 vehicle=0.20 contactor=open
[10:57:19.638][I][csv:715]: 1647794,AGG,3.18,2.67,6.35,-3.00,-2.00,6.35,-3.00,-2.00,6.35,-3.00,-2.00,6.15,-0.38,6.35,22.73,17.15,0.00,0.00,0.00,0.20,0.20,0,0
[10:57:19.645][I][csv:715]: 1647798,AGG,3.21,2.67,6.35,-3.00,-2.00,6.35,-3.00,-2.00,6.35,-3.00,-2.00,6.15,-0.38,6.35,22.73,17.15,0.00,0.00,0.00,0.20,0.20,0,0
[10:57:19.647][I][csv:715]: 1647801,AGG,3.21,2.67,6.35,-3.00,-2.00,6.35,-3.00,-2.00,6.35,-3.00,-2.00,6.15,-0.38,6.35,22.73,17.15,0.00,0.00,0.00,0.20,0.20,0,0
[10:57:19.653][I][csv:715]: 1647808,AGG,3.21,2.65,6.35,-3.00,-2.00,6.35,-3.00,-2.00,6.35,-3.00,-2.00,6.15,-0.38,6.35,22.73,17.15,0.00,0.00,0.00,0.20,0.20,0,0
[10:57:19.658][I][csv:715]: 1647813,AGG,3.21,2.65,6.35,-3.00,-2.00,6.35,-3.00,-2.00,6.35,-3.00,-2.00,6.15,-0.38,6.35,22.73,17.15,0.00,0.00,0.00,0.20,0.20,0,0
[10:57:19.664][I][csv:715]: 1647818,AGG,3.21,2.65,6.31,-3.00,-2.00,6.31,-3.00,-2.00,6.31,-3.00,-2.00,6.11,-0.38,6.31,22.68,17.15,0.00,0.00,0.00,0.20,0.20,0,0
[10:57:19.668][S][sensor]: 'TWC Reported Current L3' >> 17.2 A
[10:57:19.668][S][sensor]: 'TWC Vitals Current L2' >> 0.00 A
[10:57:19.668][S][sensor]: 'TWC Poll Interval' >> 189 ms
[10:57:19.675][I][csv:715]: 1647825,AGG,3.21,2.65,6.31,-3.00,-2.00,6.31,-3.00,-2.00,6.31,-3.00,-2.00,6.11,-0.37,6.31,22.68,17.15,0.00,0.00,0.00,0.20,0.20,0,0
[10:57:19.675][E][modbus:456]: Attempted to send while transmission blocked
[10:57:19.779][S][sensor]: 'TWC Reported Current L1' >> 17.2 A
[10:57:20.101][S][sensor]: 'Shelly Active Power L1' >> -733 W
[10:57:20.102][S][sensor]: 'TWC Vitals Current L1' >> 0.00 A
[10:57:20.232][S][sensor]: 'TWC Vitals Current L3' >> 0.20 A
[10:57:20.232][S][sensor]: 'Shelly Time Since Last OK' >> 548 ms
[10:57:20.357][S][sensor]: 'Shelly Active Power L3' >> 1467 W
[10:57:20.363][I][csv:715]: 1648519,AGG,3.21,2.65,6.31,-3.00,-2.00,6.31,-3.00,-2.00,6.31,-3.00,-2.00,6.11,-0.37,6.31,22.68,17.15,0.00,0.00,0.00,0.20,0.20,0,0
[10:57:20.486][S][sensor]: 'Shelly Real Current L1' >> 3.21 A
[10:57:20.486][S][sensor]: 'Shelly Active Power L2' >> -628 W
[10:57:20.539][I][csv:715]: 1648695,AGG,3.21,2.65,6.31,-3.00,-2.00,6.31,-3.00,-2.00,6.31,-3.00,-2.00,6.11,-0.37,6.31,22.68,17.15,0.00,0.00,0.00,0.20,0.20,0,0
[10:57:20.574][I][csv:715]: 1648729,AGG,3.21,2.65,6.31,-3.00,-2.00,6.31,-3.00,-2.00,6.31,-3.00,-2.00,6.11,-0.37,6.31,22.68,17.15,0.00,0.00,0.00,0.20,0.20,0,0
[10:57:20.583][I][csv:715]: 1648738,AGG,3.21,2.69,6.31,-3.00,-2.00,6.31,-3.00,-2.00,6.31,-3.00,-2.00,6.11,-0.37,6.31,22.68,17.15,0.00,0.00,0.00,0.20,0.20,0,0
[10:57:20.596][I][csv:715]: 1648752,AGG,3.21,2.69,6.31,-3.00,-2.00,6.31,-3.00,-2.00,6.31,-3.00,-2.00,6.11,-0.37,6.31,22.68,17.15,0.00,0.00,0.00,0.20,0.20,0,0
[10:57:20.612][I][csv:715]: 1648768,AGG,3.21,2.69,6.32,-3.00,-2.00,6.32,-3.00,-2.00,6.32,-3.00,-2.00,6.12,-0.37,6.32,22.69,17.15,0.00,0.00,0.00,0.20,0.20,0,0
[10:57:20.632][S][sensor]: 'Shelly Real Current L3' >> 6.31 A
[10:57:20.632][S][sensor]: 'TWC Vitals Vehicle Current' >> 0.20 A
[10:57:20.633][S][sensor]: 'Shelly Real Current L2' >> 2.65 A
[10:57:20.668][I][csv:715]: 1648825,AGG,3.21,2.69,6.32,-3.00,-2.00,6.32,-3.00,-2.00,6.32,-3.00,-2.00,6.12,-0.37,6.32,22.69,17.15,0.00,0.00,0.00,0.20,0.20,0,0
[10:57:20.765][S][sensor]: 'TWC Time Since Last Poll' >> 27 ms
[10:57:20.880][I][vitals:883]: TWC vitals: A=0.00 B=0.00 C=0.20 vehicle=0.20 contactor=open
[10:57:20.922][S][sensor]: 'TWC Poll Interval' >> 195 ms
[10:57:20.922][S][sensor]: 'TWC Vitals Current L2' >> 0.00 A
[10:57:21.421][I][csv:715]: 1649577,AGG,3.21,2.69,6.32,-3.00,-2.00,6.32,-3.00,-2.00,6.32,-3.00,-2.00,6.12,-0.37,6.32,22.69,17.15,0.00,0.00,0.00,0.20,0.20,0,0
[10:57:21.630][I][csv:715]: 1649786,AGG,3.13,2.69,6.32,-3.00,-2.00,6.32,-3.00,-2.00,6.32,-3.00,-2.00,6.12,-0.37,6.32,22.69,17.15,0.00,0.00,0.00,0.20,0.20,0,0
[10:57:21.635][I][csv:715]: 1649790,AGG,3.13,2.69,6.32,-3.00,-2.00,6.32,-3.00,-2.00,6.32,-3.00,-2.00,6.12,-0.37,6.32,22.69,17.15,0.00,0.00,0.00,0.20,0.20,0,0
[10:57:21.639][I][csv:715]: 1649795,AGG,3.13,2.56,6.32,-3.00,-2.00,6.32,-3.00,-2.00,6.32,-3.00,-2.00,6.12,-0.37,6.32,22.69,17.15,0.00,0.00,0.00,0.20,0.20,0,0
[10:57:21.645][I][csv:715]: 1649799,AGG,3.13,2.56,6.32,-3.00,-2.00,6.32,-3.00,-2.00,6.32,-3.00,-2.00,6.12,-0.37,6.32,22.69,17.15,0.00,0.00,0.00,0.20,0.20,0,0
[10:57:21.649][I][csv:715]: 1649803,AGG,3.13,2.56,6.35,-3.00,-2.00,6.35,-3.00,-2.00,6.35,-3.00,-2.00,6.15,-0.38,6.35,22.73,17.15,0.00,0.00,0.00,0.20,0.20,0,0
[10:57:21.668][I][csv:715]: 1649825,AGG,3.13,2.56,6.35,-3.00,-2.00,6.35,-3.00,-2.00,6.35,-3.00,-2.00,6.15,-0.38,6.35,22.74,17.15,0.00,0.00,0.00,0.20,0.20,0,0
[10:57:22.099][S][sensor]: 'Shelly Active Power L1' >> -715 W
[10:57:22.099][S][sensor]: 'TWC Vitals Current L1' >> 0.00 A
[10:57:22.227][S][sensor]: 'TWC Vitals Current L3' >> 0.20 A
[10:57:22.227][S][sensor]: 'Shelly Time Since Last OK' >> 563 ms
[10:57:22.359][S][sensor]: 'Shelly Active Power L3' >> 1485 W
[10:57:22.416][I][csv:715]: 1650570,AGG,3.13,2.56,6.35,-3.00,-2.00,6.35,-3.00,-2.00,6.35,-3.00,-2.00,6.15,-0.38,6.35,22.74,17.15,0.00,0.00,0.00,0.20,0.20,0,0
[10:57:22.496][S][sensor]: 'Shelly Real Current L1' >> 3.13 A
[10:57:22.496][S][sensor]: 'Shelly Active Power L2' >> -607 W
[10:57:22.553][I][csv:715]: 1650709,AGG,3.06,2.56,6.35,-3.00,-2.00,6.35,-3.00,-2.00,6.35,-3.00,-2.00,6.15,-0.38,6.35,22.74,17.15,0.00,0.00,0.00,0.20,0.20,0,0
[10:57:22.583][I][csv:715]: 1650738,AGG,3.06,2.56,6.35,-3.00,-2.00,6.35,-3.00,-2.00,6.35,-3.00,-2.00,6.15,-0.38,6.35,22.74,17.15,0.00,0.00,0.00,0.20,0.20,0,0
[10:57:22.594][I][csv:715]: 1650750,AGG,3.06,2.48,6.35,-3.00,-2.00,6.35,-3.00,-2.00,6.35,-3.00,-2.00,6.15,-0.38,6.35,22.74,17.15,0.00,0.00,0.00,0.20,0.20,0,0
[10:57:22.609][I][csv:715]: 1650764,AGG,3.06,2.48,6.35,-3.00,-2.00,6.35,-3.00,-2.00,6.35,-3.00,-2.00,6.15,-0.38,6.35,22.74,17.15,0.00,0.00,0.00,0.20,0.20,0,0
[10:57:22.627][I][csv:715]: 1650784,AGG,3.06,2.48,6.45,-3.00,-2.00,6.45,-3.00,-2.00,6.45,-3.00,-2.00,6.25,-0.40,6.45,22.86,17.15,0.00,0.00,0.00,0.20,0.20,0,0
[10:57:22.648][S][sensor]: 'Shelly Real Current L3' >> 6.35 A
[10:57:22.648][S][sensor]: 'TWC Vitals Vehicle Current' >> 0.20 A
[10:57:22.648][S][sensor]: 'Shelly Real Current L2' >> 2.56 A
[10:57:22.669][I][csv:715]: 1650825,AGG,3.06,2.48,6.45,-3.00,-2.00,6.45,-3.00,-2.00,6.45,-3.00,-2.00,6.25,-0.42,6.45,22.87,17.15,0.00,0.00,0.00,0.20,0.20,0,0
[10:57:22.760][S][sensor]: 'TWC Time Since Last Poll' >> 81 ms
[10:57:23.132][I][vitals:883]: TWC vitals: A=0.00 B=0.00 C=0.20 vehicle=0.20 contactor=open
[10:57:23.142][S][sensor]: 'TWC Poll Interval' >> 181 ms
[10:57:23.143][S][sensor]: 'TWC Vitals Current L2' >> 0.00 A
[10:57:23.468][I][csv:715]: 1651625,AGG,3.06,2.48,6.45,-3.00,-2.00,6.45,-3.00,-2.00,6.45,-3.00,-2.00,6.25,-0.42,6.45,22.87,17.15,0.00,0.00,0.00,0.20,0.20,0,0
[10:57:23.520][S][sensor]: 'TWC Reported Current L2' >> 17.2 A
[10:57:23.560][I][csv:715]: 1651713,AGG,3.02,2.48,6.45,-3.00,-2.00,6.45,-3.00,-2.00,6.45,-3.00,-2.00,6.25,-0.42,6.45,22.87,17.15,0.00,0.00,0.00,0.20,0.20,0,0
[10:57:23.590][I][csv:715]: 1651743,AGG,3.02,2.48,6.45,-3.00,-2.00,6.45,-3.00,-2.00,6.45,-3.00,-2.00,6.25,-0.42,6.45,22.87,17.15,0.00,0.00,0.00,0.20,0.20,0,0
[10:57:23.608][I][csv:715]: 1651760,AGG,3.02,2.44,6.45,-3.00,-2.00,6.45,-3.00,-2.00,6.45,-3.00,-2.00,6.25,-0.42,6.45,22.87,17.15,0.00,0.00,0.00,0.20,0.20,0,0
[10:57:23.622][I][csv:715]: 1651776,AGG,3.02,2.44,6.45,-3.00,-2.00,6.45,-3.00,-2.00,6.45,-3.00,-2.00,6.25,-0.42,6.45,22.87,17.15,0.00,0.00,0.00,0.20,0.20,0,0
[10:57:23.631][I][csv:715]: 1651788,AGG,3.02,2.44,6.49,-3.00,-2.00,6.49,-3.00,-2.00,6.49,-3.00,-2.00,6.29,-0.43,6.49,22.92,17.15,0.00,0.00,0.00,0.20,0.20,0,0
[10:57:23.675][I][csv:715]: 1651825,AGG,3.02,2.44,6.49,-3.00,-2.00,6.49,-3.00,-2.00,6.49,-3.00,-2.00,6.29,-0.43,6.49,22.93,17.15,0.00,0.00,0.00,0.20,0.20,0,0
[10:57:23.899][S][sensor]: 'TWC Reported Current L3' >> 17.2 A
[10:57:24.092][S][sensor]: 'Shelly Active Power L1' >> -688 W
[10:57:24.092][S][sensor]: 'TWC Vitals Current L1' >> 0.00 A
[10:57:24.227][S][sensor]: 'TWC Vitals Current L3' >> 0.20 A
[10:57:24.227][S][sensor]: 'Shelly Time Since Last OK' >> 578 ms
[10:57:24.351][S][sensor]: 'Shelly Active Power L3' >> 1499 W
[10:57:24.366][I][csv:715]: 1652522,AGG,3.02,2.44,6.49,-3.00,-2.00,6.49,-3.00,-2.00,6.49,-3.00,-2.00,6.29,-0.43,6.49,22.93,17.15,0.00,0.00,0.00,0.20,0.20,0,0
[10:57:24.479][S][sensor]: 'Shelly Real Current L1' >> 3.02 A
[10:57:24.479][S][sensor]: 'Shelly Active Power L2' >> -578 W
[10:57:24.563][I][csv:715]: 1652718,AGG,3.06,2.44,6.49,-3.00,-2.00,6.49,-3.00,-2.00,6.49,-3.00,-2.00,6.29,-0.43,6.49,22.93,17.15,0.00,0.00,0.00,0.20,0.20,0,0
[10:57:24.593][I][csv:715]: 1652749,AGG,3.06,2.44,6.49,-3.00,-2.00,6.49,-3.00,-2.00,6.49,-3.00,-2.00,6.29,-0.43,6.49,22.93,17.15,0.00,0.00,0.00,0.20,0.20,0,0
[10:57:24.614][I][csv:715]: 1652769,AGG,3.06,2.54,6.49,-3.00,-2.00,6.49,-3.00,-2.00,6.49,-3.00,-2.00,6.29,-0.43,6.49,22.93,17.15,0.00,0.00,0.00,0.20,0.20,0,0
[10:57:24.623][I][csv:715]: 1652778,AGG,3.06,2.54,6.49,-3.00,-2.00,6.49,-3.00,-2.00,6.49,-3.00,-2.00,6.29,-0.43,6.49,22.93,17.15,0.00,0.00,0.00,0.20,0.20,0,0
[10:57:24.638][I][csv:715]: 1652792,AGG,3.06,2.54,6.46,-3.00,-2.00,6.46,-3.00,-2.00,6.46,-3.00,-2.00,6.26,-0.42,6.46,22.87,17.15,0.00,0.00,0.00,0.20,0.20,0,0
[10:57:24.639][S][sensor]: 'Shelly Real Current L3' >> 6.49 A
[10:57:24.639][S][sensor]: 'TWC Vitals Vehicle Current' >> 0.20 A
[10:57:24.639][S][sensor]: 'Shelly Real Current L2' >> 2.44 A
[10:57:24.669][I][csv:715]: 1652825,AGG,3.06,2.54,6.46,-3.00,-2.00,6.46,-3.00,-2.00,6.46,-3.00,-2.00,6.26,-0.42,6.46,22.87,17.15,0.00,0.00,0.00,0.20,0.20,0,0
[10:57:24.767][S][sensor]: 'TWC Time Since Last Poll' >> 51 ms
[10:57:24.767][S][sensor]: 'TWC Reported Current L1' >> 17.2 A
[10:57:25.133][I][vitals:883]: TWC vitals: A=0.00 B=0.00 C=0.20 vehicle=0.20 contactor=open
[10:57:25.144][S][sensor]: 'TWC Vitals Current L2' >> 0.00 A
[10:57:25.144][S][sensor]: 'TWC Poll Interval' >> 195 ms
[10:57:25.416][I][csv:715]: 1653571,AGG,3.06,2.54,6.46,-3.00,-2.00,6.46,-3.00,-2.00,6.46,-3.00,-2.00,6.26,-0.42,6.46,22.87,17.15,0.00,0.00,0.00,0.20,0.20,0,0
[10:57:25.624][I][csv:715]: 1653777,AGG,3.13,2.54,6.46,-3.00,-2.00,6.46,-3.00,-2.00,6.46,-3.00,-2.00,6.26,-0.42,6.46,22.87,17.15,0.00,0.00,0.00,0.20,0.20,0,0
[10:57:25.628][I][csv:715]: 1653781,AGG,3.13,2.54,6.46,-3.00,-2.00,6.46,-3.00,-2.00,6.46,-3.00,-2.00,6.26,-0.42,6.46,22.87,17.15,0.00,0.00,0.00,0.20,0.20,0,0
[10:57:25.628][I][csv:715]: 1653784,AGG,3.13,2.56,6.46,-3.00,-2.00,6.46,-3.00,-2.00,6.46,-3.00,-2.00,6.26,-0.42,6.46,22.87,17.15,0.00,0.00,0.00,0.20,0.20,0,0
[10:57:25.637][I][csv:715]: 1653789,AGG,3.13,2.56,6.46,-3.00,-2.00,6.46,-3.00,-2.00,6.46,-3.00,-2.00,6.26,-0.42,6.46,22.87,17.15,0.00,0.00,0.00,0.20,0.20,0,0
[10:57:25.648][I][csv:715]: 1653804,AGG,3.13,2.56,6.35,-3.00,-2.00,6.35,-3.00,-2.00,6.35,-3.00,-2.00,6.15,-0.40,6.35,22.76,17.15,0.00,0.00,0.00,0.20,0.20,0,0
[10:57:25.670][I][csv:715]: 1653826,AGG,3.13,2.56,6.35,-3.00,-2.00,6.35,-3.00,-2.00,6.35,-3.00,-2.00,6.15,-0.38,6.35,22.74,17.15,0.00,0.00,0.00,0.20,0.20,0,0
[10:57:26.106][S][sensor]: 'Shelly Active Power L1' >> -719 W
[10:57:26.107][S][sensor]: 'TWC Vitals Current L1' >> 0.00 A
[10:57:26.229][S][sensor]: 'TWC Vitals Current L3' >> 0.20 A
[10:57:26.229][S][sensor]: 'Shelly Time Since Last OK' >> 562 ms
[10:57:26.349][S][sensor]: 'Shelly Active Power L3' >> 1480 W
[10:57:26.375][I][csv:715]: 1654530,AGG,3.13,2.56,6.35,-3.00,-2.00,6.35,-3.00,-2.00,6.35,-3.00,-2.00,6.15,-0.38,6.35,22.74,17.15,0.00,0.00,0.00,0.20,0.20,0,0
[10:57:26.495][S][sensor]: 'Shelly Real Current L1' >> 3.13 A
[10:57:26.495][S][sensor]: 'Shelly Active Power L2' >> -601 W
[10:57:26.569][I][csv:715]: 1654726,AGG,3.15,2.56,6.35,-3.00,-2.00,6.35,-3.00,-2.00,6.35,-3.00,-2.00,6.15,-0.38,6.35,22.74,17.15,0.00,0.00,0.00,0.20,0.20,0,0
[10:57:26.604][I][csv:715]: 1654759,AGG,3.15,2.56,6.35,-3.00,-2.00,6.35,-3.00,-2.00,6.35,-3.00,-2.00,6.15,-0.38,6.35,22.74,17.15,0.00,0.00,0.00,0.20,0.20,0,0
[10:57:26.626][I][csv:715]: 1654781,AGG,3.15,2.62,6.35,-3.00,-2.00,6.35,-3.00,-2.00,6.35,-3.00,-2.00,6.15,-0.38,6.35,22.74,17.15,0.00,0.00,0.00,0.20,0.20,0,0
[10:57:26.640][S][sensor]: 'Shelly Real Current L3' >> 6.35 A
[10:57:26.640][S][sensor]: 'TWC Vitals Vehicle Current' >> 0.20 A
[10:57:26.640][S][sensor]: 'Shelly Real Current L2' >> 2.56 A
[10:57:26.647][I][csv:715]: 1654801,AGG,3.15,2.62,6.35,-3.00,-2.00,6.35,-3.00,-2.00,6.35,-3.00,-2.00,6.15,-0.38,6.35,22.74,17.15,0.00,0.00,0.00,0.20,0.20,0,0
[10:57:26.666][I][csv:715]: 1654809,AGG,3.15,2.62,6.35,-3.00,-2.00,6.35,-3.00,-2.00,6.35,-3.00,-2.00,6.15,-0.38,6.35,22.74,17.15,0.00,0.00,0.00,0.20,0.20,0,0
[10:57:26.670][I][csv:715]: 1654826,AGG,3.15,2.62,6.35,-3.00,-2.00,6.35,-3.00,-2.00,6.35,-3.00,-2.00,6.15,-0.38,6.35,22.74,17.15,0.00,0.00,0.00,0.20,0.20,0,0
[10:57:26.770][S][sensor]: 'TWC Time Since Last Poll' >> 20 ms
[10:57:26.891][I][vitals:883]: TWC vitals: A=0.00 B=0.00 C=0.20 vehicle=0.20 contactor=open
[10:57:26.923][S][sensor]: 'TWC Vitals Current L2' >> 0.00 A
[10:57:26.923][S][sensor]: 'TWC Poll Interval' >> 193 ms
[10:57:27.463][I][csv:715]: 1655619,AGG,3.15,2.62,6.35,-3.00,-2.00,6.35,-3.00,-2.00,6.35,-3.00,-2.00,6.15,-0.38,6.35,22.74,17.15,0.00,0.00,0.00,0.20,0.20,0,0
[10:57:27.633][I][csv:715]: 1655788,AGG,3.05,2.62,6.35,-3.00,-2.00,6.35,-3.00,-2.00,6.35,-3.00,-2.00,6.15,-0.38,6.35,22.74,17.15,0.00,0.00,0.00,0.20,0.20,0,0
[10:57:27.639][I][csv:715]: 1655792,AGG,3.05,2.62,6.35,-3.00,-2.00,6.35,-3.00,-2.00,6.35,-3.00,-2.00,6.15,-0.38,6.35,22.74,17.15,0.00,0.00,0.00,0.20,0.20,0,0
[10:57:27.639][I][csv:715]: 1655795,AGG,3.05,2.47,6.35,-3.00,-2.00,6.35,-3.00,-2.00,6.35,-3.00,-2.00,6.15,-0.38,6.35,22.74,17.15,0.00,0.00,0.00,0.20,0.20,0,0
[10:57:27.650][I][csv:715]: 1655803,AGG,3.05,2.47,6.35,-3.00,-2.00,6.35,-3.00,-2.00,6.35,-3.00,-2.00,6.15,-0.38,6.35,22.74,17.15,0.00,0.00,0.00,0.20,0.20,0,0
[10:57:27.660][I][csv:715]: 1655813,AGG,3.05,2.47,6.45,-3.00,-2.00,6.45,-3.00,-2.00,6.45,-3.00,-2.00,6.25,-0.39,6.45,22.84,17.15,0.00,0.00,0.00,0.20,0.20,0,0
[10:57:27.670][I][csv:715]: 1655826,AGG,3.05,2.47,6.45,-3.00,-2.00,6.45,-3.00,-2.00,6.45,-3.00,-2.00,6.25,-0.41,6.45,22.86,17.15,0.00,0.00,0.00,0.20,0.20,0,0
[10:57:28.092][S][sensor]: 'Shelly Active Power L1' >> -696 W
[10:57:28.092][S][sensor]: 'TWC Vitals Current L1' >> 0.00 A
[10:57:28.220][S][sensor]: 'TWC Vitals Current L3' >> 0.20 A
[10:57:28.220][S][sensor]: 'Shelly Time Since Last OK' >> 553 ms
[10:57:28.359][S][sensor]: 'Shelly Active Power L3' >> 1509 W
[10:57:28.387][I][csv:715]: 1656542,AGG,3.05,2.47,6.45,-3.00,-2.00,6.45,-3.00,-2.00,6.45,-3.00,-2.00,6.25,-0.42,6.45,22.87,17.15,0.00,0.00,0.00,0.20,0.20,0,0
[10:57:28.480][S][sensor]: 'Shelly Real Current L1' >> 3.05 A
[10:57:28.481][S][sensor]: 'Shelly Active Power L2' >> -584 W
[10:57:28.481][S][sensor]: 'TWC Reported Current L2' >> 17.2 A
[10:57:28.642][S][sensor]: 'Shelly Real Current L3' >> 6.45 A
[10:57:28.642][S][sensor]: 'TWC Vitals Vehicle Current' >> 0.20 A
[10:57:28.642][S][sensor]: 'Shelly Real Current L2' >> 2.47 A
[10:57:28.649][I][csv:715]: 1656802,AGG,2.94,2.47,6.45,-2.00,-2.00,6.45,-2.00,-2.00,6.45,-2.00,-2.00,6.25,-0.68,6.45,23.13,17.15,0.00,0.00,0.00,0.20,0.20,0,0
[10:57:28.656][I][csv:715]: 1656806,AGG,2.94,2.47,6.45,-2.00,-2.00,6.45,-2.00,-2.00,6.45,-2.00,-2.00,6.25,-0.68,6.45,23.13,17.15,0.00,0.00,0.00,0.20,0.20,0,0
[10:57:28.660][I][csv:715]: 1656813,AGG,2.94,2.45,6.45,-2.00,-2.00,6.45,-2.00,-2.00,6.45,-2.00,-2.00,6.25,-0.69,6.45,23.14,17.15,0.00,0.00,0.00,0.20,0.20,0,0
[10:57:28.660][I][csv:715]: 1656816,AGG,2.94,2.45,6.45,-2.00,-2.00,6.45,-2.00,-2.00,6.45,-2.00,-2.00,6.25,-0.69,6.45,23.14,17.15,0.00,0.00,0.00,0.20,0.20,0,0
[10:57:28.669][I][csv:715]: 1656824,AGG,2.94,2.45,6.57,-2.00,-2.00,6.57,-2.00,-2.00,6.57,-2.00,-2.00,6.37,-0.70,6.57,23.27,17.15,0.00,0.00,0.00,0.20,0.20,0,0
[10:57:28.673][I][csv:715]: 1656827,AGG,2.94,2.45,6.57,-2.00,-2.00,6.57,-2.00,-2.00,6.57,-2.00,-2.00,6.37,-0.70,6.57,23.27,17.15,0.00,0.00,0.00,0.20,0.20,0,0
[10:57:28.769][S][sensor]: 'TWC Time Since Last Poll' >> 91 ms
[10:57:28.882][I][vitals:883]: TWC vitals: A=0.00 B=0.00 C=0.20 vehicle=0.20 contactor=open
[10:57:28.910][S][sensor]: 'TWC Reported Current L3' >> 17.2 A
[10:57:28.910][S][sensor]: 'TWC Poll Interval' >> 194 ms
[10:57:28.910][S][sensor]: 'TWC Vitals Current L2' >> 0.00 A
[10:57:29.513][I][csv:715]: 1657667,AGG,2.94,2.45,6.57,-2.00,-2.00,6.57,-2.00,-2.00,6.57,-2.00,-2.00,6.37,-0.79,6.57,23.36,17.15,0.00,0.00,0.00,0.20,0.20,0,0
[10:57:29.631][I][csv:715]: 1657787,AGG,2.86,2.45,6.57,-2.00,-2.00,6.57,-2.00,-2.00,6.57,-2.00,-2.00,6.37,-0.79,6.57,23.36,17.15,0.00,0.00,0.00,0.20,0.20,0,0
[10:57:29.638][I][csv:715]: 1657791,AGG,2.86,2.45,6.57,-2.00,-2.00,6.57,-2.00,-2.00,6.57,-2.00,-2.00,6.37,-0.79,6.57,23.36,17.15,0.00,0.00,0.00,0.20,0.20,0,0
[10:57:29.647][I][csv:715]: 1657804,AGG,2.86,2.31,6.57,-2.00,-2.00,6.57,-2.00,-2.00,6.57,-2.00,-2.00,6.37,-0.79,6.57,23.36,17.15,0.00,0.00,0.00,0.20,0.20,0,0
[10:57:29.662][I][csv:715]: 1657819,AGG,2.86,2.31,6.57,-2.00,-2.00,6.57,-2.00,-2.00,6.57,-2.00,-2.00,6.37,-0.79,6.57,23.36,17.15,0.00,0.00,0.00,0.20,0.20,0,0
[10:57:29.672][I][csv:715]: 1657827,AGG,2.86,2.31,6.57,-2.00,-2.00,6.57,-2.00,-2.00,6.57,-2.00,-2.00,6.37,-0.79,6.57,23.36,17.15,0.00,0.00,0.00,0.20,0.20,0,0
[10:57:29.679][I][csv:715]: 1657832,AGG,2.86,2.31,6.65,-2.00,-2.00,6.65,-2.00,-2.00,6.65,-2.00,-2.00,6.45,-0.79,6.65,23.45,17.15,0.00,0.00,0.00,0.20,0.20,0,0
[10:57:29.785][S][sensor]: 'TWC Reported Current L1' >> 17.2 A
[10:57:30.091][S][sensor]: 'Shelly Active Power L1' >> -654 W
[10:57:30.092][S][sensor]: 'TWC Vitals Current L1' >> 0.00 A
[10:57:30.221][S][sensor]: 'TWC Vitals Current L3' >> 0.20 A
[10:57:30.221][S][sensor]: 'Shelly Time Since Last OK' >> 534 ms
[10:57:30.349][S][sensor]: 'Shelly Active Power L3' >> 1539 W
[10:57:30.400][I][csv:715]: 1658555,AGG,2.86,2.31,6.65,-2.00,-2.00,6.65,-2.00,-2.00,6.65,-2.00,-2.00,6.45,-0.82,6.65,23.47,17.15,0.00,0.00,0.00,0.20,0.20,0,0
[10:57:30.494][S][sensor]: 'Shelly Real Current L1' >> 2.86 A
[10:57:30.494][S][sensor]: 'Shelly Active Power L2' >> -542 W
[10:57:30.640][I][csv:715]: 1658794,AGG,2.80,2.31,6.65,-2.00,-2.00,6.65,-2.00,-2.00,6.65,-2.00,-2.00,6.45,-0.82,6.65,23.47,17.15,0.00,0.00,0.00,0.20,0.20,0,0
[10:57:30.645][I][csv:715]: 1658798,AGG,2.80,2.31,6.65,-2.00,-2.00,6.65,-2.00,-2.00,6.65,-2.00,-2.00,6.45,-0.82,6.65,23.47,17.15,0.00,0.00,0.00,0.20,0.20,0,0
[10:57:30.645][S][sensor]: 'Shelly Real Current L3' >> 6.65 A
[10:57:30.645][S][sensor]: 'TWC Vitals Vehicle Current' >> 0.20 A
[10:57:30.645][S][sensor]: 'Shelly Real Current L2' >> 2.31 A
[10:57:30.658][I][csv:715]: 1658811,AGG,2.80,2.28,6.65,-2.00,-2.00,6.65,-2.00,-2.00,6.65,-2.00,-2.00,6.45,-0.82,6.65,23.47,17.15,0.00,0.00,0.00,0.20,0.20,0,0
[10:57:30.678][I][csv:715]: 1658827,AGG,2.80,2.28,6.65,-2.00,-2.00,6.65,-2.00,-2.00,6.65,-2.00,-2.00,6.45,-0.82,6.65,23.47,17.15,0.00,0.00,0.00,0.20,0.20,0,0
[10:57:30.682][I][csv:715]: 1658830,AGG,2.80,2.28,6.65,-2.00,-2.00,6.65,-2.00,-2.00,6.65,-2.00,-2.00,6.45,-0.82,6.65,23.47,17.15,0.00,0.00,0.00,0.20,0.20,0,0
[10:57:30.693][I][csv:715]: 1658844,AGG,2.80,2.28,6.70,-2.00,-2.00,6.70,-2.00,-2.00,6.70,-2.00,-2.00,6.50,-0.83,6.70,23.53,17.15,0.00,0.00,0.00,0.20,0.20,0,0
[10:57:30.768][S][sensor]: 'TWC Time Since Last Poll' >> 155 ms
[10:57:30.882][I][vitals:883]: TWC vitals: A=0.00 B=0.00 C=0.20 vehicle=0.20 contactor=open
[10:57:30.928][S][sensor]: 'TWC Poll Interval' >> 193 ms
[10:57:30.928][S][sensor]: 'TWC Vitals Current L2' >> 0.00 A
[10:57:31.456][I][csv:715]: 1659612,AGG,2.80,2.28,6.70,-2.00,-2.00,6.70,-2.00,-2.00,6.70,-2.00,-2.00,6.50,-0.83,6.70,23.54,17.15,0.00,0.00,0.00,0.20,0.20,0,0
[10:57:31.631][I][csv:715]: 1659787,AGG,2.71,2.28,6.70,-2.00,-2.00,6.70,-2.00,-2.00,6.70,-2.00,-2.00,6.50,-0.83,6.70,23.54,17.15,0.00,0.00,0.00,0.20,0.20,0,0
[10:57:31.635][I][csv:715]: 1659791,AGG,2.71,2.28,6.70,-2.00,-2.00,6.70,-2.00,-2.00,6.70,-2.00,-2.00,6.50,-0.83,6.70,23.54,17.15,0.00,0.00,0.00,0.20,0.20,0,0
[10:57:31.671][I][csv:715]: 1659827,AGG,2.71,2.16,6.70,-2.00,-2.00,6.70,-2.00,-2.00,6.70,-2.00,-2.00,6.50,-0.83,6.70,23.54,17.15,0.00,0.00,0.00,0.20,0.20,0,0
[10:57:31.679][I][csv:715]: 1659832,AGG,2.71,2.16,6.70,-2.00,-2.00,6.70,-2.00,-2.00,6.70,-2.00,-2.00,6.50,-0.83,6.70,23.54,17.15,0.00,0.00,0.00,0.20,0.20,0,0
[10:57:31.685][I][csv:715]: 1659837,AGG,2.71,2.16,6.70,-2.00,-2.00,6.70,-2.00,-2.00,6.70,-2.00,-2.00,6.50,-0.83,6.70,23.54,17.15,0.00,0.00,0.00,0.20,0.20,0,0
[10:57:31.698][I][csv:715]: 1659855,AGG,2.71,2.16,6.79,-2.00,-2.00,6.79,-2.00,-2.00,6.79,-2.00,-2.00,6.59,-0.85,6.79,23.64,17.15,0.00,0.00,0.00,0.20,0.20,0,0
[10:57:32.090][S][sensor]: 'Shelly Active Power L1' >> -615 W
[10:57:32.090][S][sensor]: 'TWC Vitals Current L1' >> 0.00 A
[10:57:32.220][S][sensor]: 'TWC Vitals Current L3' >> 0.20 A
[10:57:32.220][S][sensor]: 'Shelly Time Since Last OK' >> 512 ms
[10:57:32.353][S][sensor]: 'Shelly Active Power L3' >> 1581 W
[10:57:32.415][I][csv:715]: 1660569,AGG,2.71,2.16,6.79,-2.00,-2.00,6.79,-2.00,-2.00,6.79,-2.00,-2.00,6.59,-0.86,6.79,23.65,17.15,0.00,0.00,0.00,0.20,0.20,0,0
[10:57:32.488][S][sensor]: 'Shelly Real Current L1' >> 2.71 A
[10:57:32.488][S][sensor]: 'Shelly Active Power L2' >> -510 W
[10:57:32.639][S][sensor]: 'Shelly Real Current L3' >> 6.79 A
[10:57:32.639][S][sensor]: 'TWC Vitals Vehicle Current' >> 0.20 A
[10:57:32.639][S][sensor]: 'Shelly Real Current L2' >> 2.16 A
[10:57:32.646][I][csv:715]: 1660802,AGG,2.65,2.16,6.79,-2.00,-2.00,6.79,-2.00,-2.00,6.79,-2.00,-2.00,6.59,-0.86,6.79,23.65,17.15,0.00,0.00,0.00,0.20,0.20,0,0
[10:57:32.651][I][csv:715]: 1660806,AGG,2.65,2.16,6.79,-2.00,-2.00,6.79,-2.00,-2.00,6.79,-2.00,-2.00,6.59,-0.86,6.79,23.65,17.15,0.00,0.00,0.00,0.20,0.20,0,0
[10:57:32.677][I][csv:715]: 1660829,AGG,2.65,2.09,6.79,-2.00,-2.00,6.79,-2.00,-2.00,6.79,-2.00,-2.00,6.59,-0.86,6.79,23.65,17.15,0.00,0.00,0.00,0.20,0.20,0,0
[10:57:32.685][I][csv:715]: 1660833,AGG,2.65,2.09,6.79,-2.00,-2.00,6.79,-2.00,-2.00,6.79,-2.00,-2.00,6.59,-0.86,6.79,23.65,17.15,0.00,0.00,0.00,0.20,0.20,0,0
[10:57:32.690][I][csv:715]: 1660840,AGG,2.65,2.09,6.79,-2.00,-2.00,6.79,-2.00,-2.00,6.79,-2.00,-2.00,6.59,-0.86,6.79,23.65,17.15,0.00,0.00,0.00,0.20,0.20,0,0
[10:57:32.702][I][csv:715]: 1660859,AGG,2.65,2.09,6.86,-2.00,-2.00,6.86,-2.00,-2.00,6.86,-2.00,-2.00,6.66,-0.88,6.86,23.74,17.15,0.00,0.00,0.00,0.20,0.20,0,0
[10:57:32.765][S][sensor]: 'TWC Time Since Last Poll' >> 28 ms
[10:57:32.882][I][vitals:883]: TWC vitals: A=0.00 B=0.00 C=0.20 vehicle=0.20 contactor=open
[10:57:32.921][S][sensor]: 'TWC Poll Interval' >> 182 ms
[10:57:32.921][S][sensor]: 'TWC Vitals Current L2' >> 0.00 A
[10:57:33.505][I][csv:715]: 1661660,AGG,2.65,2.09,6.86,-2.00,-2.00,6.86,-2.00,-2.00,6.86,-2.00,-2.00,6.66,-0.89,6.86,23.74,17.15,0.00,0.00,0.00,0.20,0.20,0,0
[10:57:33.518][S][sensor]: 'TWC Reported Current L2' >> 17.2 A
[10:57:33.679][I][csv:715]: 1661833,AGG,2.65,2.09,6.86,-2.00,-2.00,6.86,-2.00,-2.00,6.86,-2.00,-2.00,6.66,-0.89,6.86,23.74,17.15,0.00,0.00,0.00,0.20,0.20,0,0
[10:57:33.687][I][csv:715]: 1661843,AGG,2.62,2.09,6.86,-2.00,-2.00,6.86,-2.00,-2.00,6.86,-2.00,-2.00,6.66,-0.89,6.86,23.74,17.15,0.00,0.00,0.00,0.20,0.20,0,0
[10:57:33.693][I][csv:715]: 1661847,AGG,2.62,2.09,6.86,-2.00,-2.00,6.86,-2.00,-2.00,6.86,-2.00,-2.00,6.66,-0.89,6.86,23.74,17.15,0.00,0.00,0.00,0.20,0.20,0,0
[10:57:33.697][I][csv:715]: 1661850,AGG,2.62,2.07,6.86,-2.00,-2.00,6.86,-2.00,-2.00,6.86,-2.00,-2.00,6.66,-0.89,6.86,23.74,17.15,0.00,0.00,0.00,0.20,0.20,0,0
[10:57:33.708][I][csv:715]: 1661856,AGG,2.62,2.07,6.86,-2.00,-2.00,6.86,-2.00,-2.00,6.86,-2.00,-2.00,6.66,-0.89,6.86,23.74,17.15,0.00,0.00,0.00,0.20,0.20,0,0
[10:57:33.719][I][csv:715]: 1661876,AGG,2.62,2.07,6.89,-2.00,-2.00,6.89,-2.00,-2.00,6.89,-2.00,-2.00,6.69,-0.90,6.89,23.78,17.15,0.00,0.00,0.00,0.20,0.20,0,0
[10:57:33.906][S][sensor]: 'TWC Reported Current L3' >> 17.2 A
[10:57:34.101][S][sensor]: 'Shelly Active Power L1' >> -594 W
[10:57:34.101][S][sensor]: 'TWC Vitals Current L1' >> 0.00 A
[10:57:34.229][S][sensor]: 'TWC Vitals Current L3' >> 0.20 A
[10:57:34.229][S][sensor]: 'Shelly Time Since Last OK' >> 490 ms
[10:57:34.358][S][sensor]: 'Shelly Active Power L3' >> 1606 W
[10:57:34.486][S][sensor]: 'Shelly Real Current L1' >> 2.62 A
[10:57:34.487][S][sensor]: 'Shelly Active Power L2' >> -489 W
[10:57:34.500][I][csv:715]: 1662647,AGG,2.62,2.07,6.89,-2.00,-2.00,6.89,-2.00,-2.00,6.89,-2.00,-2.00,6.69,-0.90,6.89,23.78,17.15,0.00,0.00,0.00,0.20,0.20,0,0
[10:57:34.631][S][sensor]: 'Shelly Real Current L3' >> 6.89 A
[10:57:34.631][S][sensor]: 'TWC Vitals Vehicle Current' >> 0.20 A
[10:57:34.631][S][sensor]: 'Shelly Real Current L2' >> 2.07 A
[10:57:34.641][I][csv:715]: 1662797,AGG,2.64,2.07,6.89,-2.00,-2.00,6.89,-2.00,-2.00,6.89,-2.00,-2.00,6.69,-0.90,6.89,23.78,17.15,0.00,0.00,0.00,0.20,0.20,0,0
[10:57:34.650][I][csv:715]: 1662804,AGG,2.64,2.07,6.89,-2.00,-2.00,6.89,-2.00,-2.00,6.89,-2.00,-2.00,6.69,-0.90,6.89,23.78,17.15,0.00,0.00,0.00,0.20,0.20,0,0
[10:57:34.679][I][csv:715]: 1662833,AGG,2.64,2.07,6.89,-2.00,-2.00,6.89,-2.00,-2.00,6.89,-2.00,-2.00,6.69,-0.90,6.89,23.78,17.15,0.00,0.00,0.00,0.20,0.20,0,0
[10:57:34.687][I][csv:715]: 1662842,AGG,2.64,2.14,6.89,-2.00,-2.00,6.89,-2.00,-2.00,6.89,-2.00,-2.00,6.69,-0.90,6.89,23.78,17.15,0.00,0.00,0.00,0.20,0.20,0,0
[10:57:34.694][I][csv:715]: 1662851,AGG,2.64,2.14,6.89,-2.00,-2.00,6.89,-2.00,-2.00,6.89,-2.00,-2.00,6.69,-0.90,6.89,23.78,17.15,0.00,0.00,0.00,0.20,0.20,0,0
[10:57:34.722][I][csv:715]: 1662879,AGG,2.64,2.14,6.87,-2.00,-2.00,6.87,-2.00,-2.00,6.87,-2.00,-2.00,6.67,-0.89,6.87,23.76,17.15,0.00,0.00,0.00,0.20,0.20,0,0
[10:57:34.778][S][sensor]: 'TWC Time Since Last Poll' >> 83 ms
[10:57:34.778][S][sensor]: 'TWC Reported Current L1' >> 17.2 A
[10:57:34.885][I][vitals:883]: TWC vitals: A=0.00 B=0.00 C=0.20 vehicle=0.20 contactor=open
[10:57:34.930][S][sensor]: 'TWC Vitals Current L2' >> 0.00 A
[10:57:34.931][S][sensor]: 'TWC Poll Interval' >> 193 ms
[10:57:35.449][I][csv:715]: 1663606,AGG,2.64,2.14,6.87,-2.00,-2.00,6.87,-2.00,-2.00,6.87,-2.00,-2.00,6.67,-0.89,6.87,23.76,17.15,0.00,0.00,0.00,0.20,0.20,0,0
[10:57:35.634][I][csv:715]: 1663790,AGG,2.61,2.14,6.87,-2.00,-2.00,6.87,-2.00,-2.00,6.87,-2.00,-2.00,6.67,-0.89,6.87,23.76,17.15,0.00,0.00,0.00,0.20,0.20,0,0
[10:57:35.653][I][csv:715]: 1663809,AGG,2.61,2.14,6.87,-2.00,-2.00,6.87,-2.00,-2.00,6.87,-2.00,-2.00,6.67,-0.89,6.87,23.76,17.15,0.00,0.00,0.00,0.20,0.20,0,0
[10:57:35.677][I][csv:715]: 1663833,AGG,2.61,2.14,6.87,-2.00,-2.00,6.87,-2.00,-2.00,6.87,-2.00,-2.00,6.67,-0.89,6.87,23.76,17.15,0.00,0.00,0.00,0.20,0.20,0,0
[10:57:35.693][I][csv:715]: 1663850,AGG,2.61,2.06,6.87,-2.00,-2.00,6.87,-2.00,-2.00,6.87,-2.00,-2.00,6.67,-0.89,6.87,23.76,17.15,0.00,0.00,0.00,0.20,0.20,0,0
[10:57:35.702][I][csv:715]: 1663858,AGG,2.61,2.06,6.87,-2.00,-2.00,6.87,-2.00,-2.00,6.87,-2.00,-2.00,6.67,-0.89,6.87,23.76,17.15,0.00,0.00,0.00,0.20,0.20,0,0
[10:57:35.730][I][csv:715]: 1663886,AGG,2.61,2.06,6.85,-2.00,-2.00,6.85,-2.00,-2.00,6.85,-2.00,-2.00,6.65,-0.88,6.85,23.74,17.15,0.00,0.00,0.00,0.20,0.20,0,0
[10:57:36.104][S][sensor]: 'Shelly Active Power L1' >> -593 W
[10:57:36.104][S][sensor]: 'TWC Vitals Current L1' >> 0.00 A
[10:57:36.218][S][sensor]: 'TWC Vitals Current L3' >> 0.20 A
[10:57:36.218][S][sensor]: 'Shelly Time Since Last OK' >> 480 ms
[10:57:36.358][S][sensor]: 'Shelly Active Power L3' >> 1598 W
[10:57:36.488][S][sensor]: 'Shelly Real Current L1' >> 2.61 A
[10:57:36.489][S][sensor]: 'Shelly Active Power L2' >> -481 W
[10:57:36.494][I][csv:715]: 1664647,AGG,2.61,2.06,6.85,-2.00,-2.00,6.85,-2.00,-2.00,6.85,-2.00,-2.00,6.65,-0.88,6.85,23.74,17.15,0.00,0.00,0.00,0.20,0.20,0,0
[10:57:36.641][S][sensor]: 'Shelly Real Current L3' >> 6.85 A
[10:57:36.641][S][sensor]: 'TWC Vitals Vehicle Current' >> 0.20 A
[10:57:36.641][S][sensor]: 'Shelly Real Current L2' >> 2.06 A
[10:57:36.654][I][csv:715]: 1664808,AGG,2.61,2.06,6.85,-2.00,-2.00,6.85,-2.00,-2.00,6.85,-2.00,-2.00,6.65,-0.88,6.85,23.74,17.15,0.00,0.00,0.00,0.20,0.20,0,0
[10:57:36.665][I][csv:715]: 1664817,AGG,2.61,2.06,6.85,-2.00,-2.00,6.85,-2.00,-2.00,6.85,-2.00,-2.00,6.65,-0.88,6.85,23.74,17.15,0.00,0.00,0.00,0.20,0.20,0,0
[10:57:36.680][I][csv:715]: 1664833,AGG,2.61,2.06,6.85,-2.00,-2.00,6.85,-2.00,-2.00,6.85,-2.00,-2.00,6.65,-0.88,6.85,23.74,17.15,0.00,0.00,0.00,0.20,0.20,0,0
[10:57:36.708][I][csv:715]: 1664863,AGG,2.61,2.03,6.85,-2.00,-2.00,6.85,-2.00,-2.00,6.85,-2.00,-2.00,6.65,-0.88,6.85,23.74,17.15,0.00,0.00,0.00,0.20,0.20,0,0
[10:57:36.731][I][csv:715]: 1664887,AGG,2.61,2.03,6.85,-2.00,-2.00,6.85,-2.00,-2.00,6.85,-2.00,-2.00,6.65,-0.88,6.85,23.74,17.15,0.00,0.00,0.00,0.20,0.20,0,0
[10:57:36.742][I][csv:715]: 1664892,AGG,2.61,2.03,6.89,-2.00,-2.00,6.89,-2.00,-2.00,6.89,-2.00,-2.00,6.69,-0.89,6.89,23.78,17.15,0.00,0.00,0.00,0.20,0.20,0,0
[10:57:36.774][S][sensor]: 'TWC Time Since Last Poll' >> 148 ms
[10:57:36.890][I][vitals:883]: TWC vitals: A=0.00 B=0.00 C=0.20 vehicle=0.20 contactor=open
[10:57:36.923][S][sensor]: 'TWC Vitals Current L2' >> 0.00 A
[10:57:36.923][S][sensor]: 'TWC Poll Interval' >> 194 ms
[10:57:37.498][I][csv:715]: 1665654,AGG,2.61,2.03,6.89,-2.00,-2.00,6.89,-2.00,-2.00,6.89,-2.00,-2.00,6.69,-0.90,6.89,23.79,17.15,0.00,0.00,0.00,0.20,0.20,0,0
[10:57:37.647][I][csv:715]: 1665802,AGG,2.57,2.03,6.89,-2.00,-2.00,6.89,-2.00,-2.00,6.89,-2.00,-2.00,6.69,-0.90,6.89,23.79,17.15,0.00,0.00,0.00,0.20,0.20,0,0
[10:57:37.668][I][csv:715]: 1665822,AGG,2.57,2.03,6.89,-2.00,-2.00,6.89,-2.00,-2.00,6.89,-2.00,-2.00,6.69,-0.90,6.89,23.79,17.15,0.00,0.00,0.00,0.20,0.20,0,0
[10:57:37.678][I][csv:715]: 1665833,AGG,2.57,2.03,6.89,-2.00,-2.00,6.89,-2.00,-2.00,6.89,-2.00,-2.00,6.69,-0.90,6.89,23.79,17.15,0.00,0.00,0.00,0.20,0.20,0,0
[10:57:37.714][I][csv:715]: 1665867,AGG,2.57,2.02,6.89,-2.00,-2.00,6.89,-2.00,-2.00,6.89,-2.00,-2.00,6.69,-0.90,6.89,23.79,17.15,0.00,0.00,0.00,0.20,0.20,0,0
[10:57:37.734][I][csv:715]: 1665890,AGG,2.57,2.02,6.89,-2.00,-2.00,6.89,-2.00,-2.00,6.89,-2.00,-2.00,6.69,-0.90,6.89,23.79,17.15,0.00,0.00,0.00,0.20,0.20,0,0
[10:57:37.740][I][csv:715]: 1665896,AGG,2.57,2.02,6.90,-2.00,-2.00,6.90,-2.00,-2.00,6.90,-2.00,-2.00,6.70,-0.90,6.90,23.79,17.15,0.00,0.00,0.00,0.20,0.20,0,0
[10:57:38.101][S][sensor]: 'Shelly Active Power L1' >> -583 W
[10:57:38.102][S][sensor]: 'TWC Vitals Current L1' >> 0.00 A
[10:57:38.213][S][sensor]: 'TWC Vitals Current L3' >> 0.20 A
[10:57:38.213][S][sensor]: 'Shelly Time Since Last OK' >> 470 ms
[10:57:38.348][S][sensor]: 'Shelly Active Power L3' >> 1593 W
[10:57:38.486][S][sensor]: 'Shelly Real Current L1' >> 2.57 A
[10:57:38.487][S][sensor]: 'Shelly Active Power L2' >> -471 W
[10:57:38.487][S][sensor]: 'TWC Reported Current L2' >> 17.2 A
[10:57:38.493][I][csv:715]: 1666647,AGG,2.57,2.02,6.90,-2.00,-2.00,6.90,-2.00,-2.00,6.90,-2.00,-2.00,6.70,-0.90,6.90,23.79,17.15,0.00,0.00,0.00,0.20,0.20,0,0
[10:57:38.637][S][sensor]: 'Shelly Real Current L3' >> 6.90 A
[10:57:38.637][S][sensor]: 'TWC Vitals Vehicle Current' >> 0.20 A
[10:57:38.638][S][sensor]: 'Shelly Real Current L2' >> 2.02 A
[10:57:38.651][I][csv:715]: 1666808,AGG,2.61,2.02,6.90,-2.00,-2.00,6.90,-2.00,-2.00,6.90,-2.00,-2.00,6.70,-0.90,6.90,23.79,17.15,0.00,0.00,0.00,0.20,0.20,0,0
[10:57:38.680][I][csv:715]: 1666833,AGG,2.61,2.02,6.90,-2.00,-2.00,6.90,-2.00,-2.00,6.90,-2.00,-2.00,6.70,-0.90,6.90,23.79,17.15,0.00,0.00,0.00,0.20,0.20,0,0
[10:57:38.685][I][csv:715]: 1666838,AGG,2.61,2.02,6.90,-2.00,-2.00,6.90,-2.00,-2.00,6.90,-2.00,-2.00,6.70,-0.90,6.90,23.79,17.15,0.00,0.00,0.00,0.20,0.20,0,0
[10:57:38.716][I][csv:715]: 1666872,AGG,2.61,2.12,6.90,-2.00,-2.00,6.90,-2.00,-2.00,6.90,-2.00,-2.00,6.70,-0.90,6.90,23.79,17.15,0.00,0.00,0.00,0.20,0.20,0,0
[10:57:38.736][I][csv:715]: 1666892,AGG,2.61,2.12,6.90,-2.00,-2.00,6.90,-2.00,-2.00,6.90,-2.00,-2.00,6.70,-0.90,6.90,23.79,17.15,0.00,0.00,0.00,0.20,0.20,0,0
[10:57:38.748][I][csv:715]: 1666902,AGG,2.61,2.12,6.79,-2.00,-2.00,6.79,-2.00,-2.00,6.79,-2.00,-2.00,6.59,-0.89,6.79,23.68,17.15,0.00,0.00,0.00,0.20,0.20,0,0
[10:57:38.770][S][sensor]: 'TWC Time Since Last Poll' >> 20 ms
[10:57:38.890][I][vitals:883]: TWC vitals: A=0.00 B=0.00 C=0.20 vehicle=0.20 contactor=open
[10:57:38.913][S][sensor]: 'TWC Reported Current L3' >> 17.2 A
[10:57:38.913][S][sensor]: 'TWC Vitals Current L2' >> 0.00 A
[10:57:38.913][S][sensor]: 'TWC Poll Interval' >> 194 ms
[10:57:39.546][I][csv:715]: 1667702,AGG,2.61,2.12,6.79,-2.00,-2.00,6.79,-2.00,-2.00,6.79,-2.00,-2.00,6.59,-0.86,6.79,23.65,17.15,0.00,0.00,0.00,0.20,0.20,0,0
[10:57:39.678][I][csv:715]: 1667832,AGG,2.62,2.12,6.79,-2.00,-2.00,6.79,-2.00,-2.00,6.79,-2.00,-2.00,6.59,-0.86,6.79,23.65,17.15,0.00,0.00,0.00,0.20,0.20,0,0
[10:57:39.685][I][csv:715]: 1667835,AGG,2.62,2.12,6.79,-2.00,-2.00,6.79,-2.00,-2.00,6.79,-2.00,-2.00,6.59,-0.86,6.79,23.65,17.15,0.00,0.00,0.00,0.20,0.20,0,0
[10:57:39.689][I][csv:715]: 1667845,AGG,2.62,2.12,6.79,-2.00,-2.00,6.79,-2.00,-2.00,6.79,-2.00,-2.00,6.59,-0.86,6.79,23.65,17.15,0.00,0.00,0.00,0.20,0.20,0,0
[10:57:39.728][I][csv:715]: 1667884,AGG,2.62,2.08,6.79,-2.00,-2.00,6.79,-2.00,-2.00,6.79,-2.00,-2.00,6.59,-0.86,6.79,23.65,17.15,0.00,0.00,0.00,0.20,0.20,0,0
[10:57:39.748][I][csv:715]: 1667904,AGG,2.62,2.08,6.79,-2.00,-2.00,6.79,-2.00,-2.00,6.79,-2.00,-2.00,6.59,-0.86,6.79,23.65,17.15,0.00,0.00,0.00,0.20,0.20,0,0
[10:57:39.768][I][csv:715]: 1667923,AGG,2.62,2.08,6.57,-2.00,-2.00,6.57,-2.00,-2.00,6.57,-2.00,-2.00,6.37,-0.84,6.57,23.41,17.15,0.00,0.00,0.00,0.20,0.20,0,0
[10:57:39.792][S][sensor]: 'TWC Reported Current L1' >> 17.2 A
[10:57:40.099][S][sensor]: 'Shelly Active Power L1' >> -569 W
[10:57:40.099][S][sensor]: 'TWC Vitals Current L1' >> 0.00 A
[10:57:40.229][S][sensor]: 'TWC Vitals Current L3' >> 0.20 A
[10:57:40.229][S][sensor]: 'Shelly Time Since Last OK' >> 443 ms
[10:57:40.359][S][sensor]: 'Shelly Active Power L3' >> 1489 W
[10:57:40.486][S][sensor]: 'Shelly Real Current L1' >> 2.62 A
[10:57:40.486][S][sensor]: 'Shelly Active Power L2' >> -472 W
[10:57:40.498][I][csv:715]: 1668654,AGG,2.62,2.08,6.57,-2.00,-2.00,6.57,-2.00,-2.00,6.57,-2.00,-2.00,6.37,-0.79,6.57,23.35,17.15,0.00,0.00,0.00,0.20,0.20,0,0
[10:57:40.640][S][sensor]: 'Shelly Real Current L3' >> 6.57 A
[10:57:40.640][S][sensor]: 'TWC Vitals Vehicle Current' >> 0.20 A
[10:57:40.641][S][sensor]: 'Shelly Real Current L2' >> 2.08 A
[10:57:40.665][I][csv:715]: 1668818,AGG,2.56,2.08,6.57,-2.00,-2.00,6.57,-2.00,-2.00,6.57,-2.00,-2.00,6.37,-0.79,6.57,23.35,17.15,0.00,0.00,0.00,0.20,0.20,0,0
[10:57:40.679][I][csv:715]: 1668835,AGG,2.56,2.08,6.57,-2.00,-2.00,6.57,-2.00,-2.00,6.57,-2.00,-2.00,6.37,-0.79,6.57,23.35,17.15,0.00,0.00,0.00,0.20,0.20,0,0
[10:57:40.693][I][csv:715]: 1668849,AGG,2.56,2.08,6.57,-2.00,-2.00,6.57,-2.00,-2.00,6.57,-2.00,-2.00,6.37,-0.79,6.57,23.35,17.15,0.00,0.00,0.00,0.20,0.20,0,0
[10:57:40.730][I][csv:715]: 1668886,AGG,2.56,2.09,6.57,-2.00,-2.00,6.57,-2.00,-2.00,6.57,-2.00,-2.00,6.37,-0.79,6.57,23.35,17.15,0.00,0.00,0.00,0.20,0.20,0,0
[10:57:40.765][I][csv:715]: 1668915,AGG,2.56,2.09,6.57,-2.00,-2.00,6.57,-2.00,-2.00,6.57,-2.00,-2.00,6.37,-0.79,6.57,23.35,17.15,0.00,0.00,0.00,0.20,0.20,0,0
[10:57:40.779][I][csv:715]: 1668931,AGG,2.56,2.09,6.86,-2.00,-2.00,6.86,-2.00,-2.00,6.86,-2.00,-2.00,6.66,-0.80,6.86,23.66,17.15,0.00,0.00,0.00,0.20,0.20,0,0
[10:57:40.780][S][sensor]: 'TWC Time Since Last Poll' >> 78 ms
[10:57:40.884][I][vitals:883]: TWC vitals: A=0.00 B=0.00 C=0.20 vehicle=0.20 contactor=open
[10:57:40.925][S][sensor]: 'TWC Poll Interval' >> 194 ms
[10:57:40.926][S][sensor]: 'TWC Vitals Current L2' >> 0.00 A
[10:57:41.493][I][csv:715]: 1669649,AGG,2.56,2.09,6.86,-2.00,-2.00,6.86,-2.00,-2.00,6.86,-2.00,-2.00,6.66,-0.89,6.86,23.74,17.15,0.00,0.00,0.00,0.20,0.20,0,0
[10:57:41.668][I][csv:715]: 1669823,AGG,2.55,2.09,6.86,-2.00,-2.00,6.86,-2.00,-2.00,6.86,-2.00,-2.00,6.66,-0.89,6.86,23.74,17.15,0.00,0.00,0.00,0.20,0.20,0,0
[10:57:41.680][I][csv:715]: 1669835,AGG,2.55,2.09,6.86,-2.00,-2.00,6.86,-2.00,-2.00,6.86,-2.00,-2.00,6.66,-0.89,6.86,23.74,17.15,0.00,0.00,0.00,0.20,0.20,0,0
[10:57:41.700][I][csv:715]: 1669856,AGG,2.55,2.09,6.86,-2.00,-2.00,6.86,-2.00,-2.00,6.86,-2.00,-2.00,6.66,-0.89,6.86,23.74,17.15,0.00,0.00,0.00,0.20,0.20,0,0
[10:57:41.739][I][csv:715]: 1669892,AGG,2.55,2.02,6.86,-2.00,-2.00,6.86,-2.00,-2.00,6.86,-2.00,-2.00,6.66,-0.89,6.86,23.74,17.15,0.00,0.00,0.00,0.20,0.20,0,0
[10:57:41.768][I][csv:715]: 1669923,AGG,2.55,2.02,6.86,-2.00,-2.00,6.86,-2.00,-2.00,6.86,-2.00,-2.00,6.66,-0.89,6.86,23.74,17.15,0.00,0.00,0.00,0.20,0.20,0,0
[10:57:42.100][S][sensor]: 'Shelly Active Power L1' >> -572 W
[10:57:42.100][S][sensor]: 'TWC Vitals Current L1' >> 0.00 A
[10:57:42.218][S][sensor]: 'TWC Vitals Current L3' >> 0.20 A
[10:57:42.219][S][sensor]: 'Shelly Time Since Last OK' >> 443 ms
[10:57:42.349][S][sensor]: 'Shelly Active Power L3' >> 1591 W
[10:57:42.484][S][sensor]: 'Shelly Real Current L1' >> 2.55 A
[10:57:42.484][S][sensor]: 'Shelly Active Power L2' >> -472 W
[10:57:42.490][I][csv:715]: 1670644,AGG,2.55,2.02,6.86,-2.00,-2.00,6.86,-2.00,-2.00,6.86,-2.00,-2.00,6.66,-0.89,6.86,23.74,17.15,0.00,0.00,0.00,0.20,0.20,0,0
[10:57:42.639][S][sensor]: 'Shelly Real Current L3' >> 6.86 A
[10:57:42.639][S][sensor]: 'TWC Vitals Vehicle Current' >> 0.20 A
[10:57:42.639][S][sensor]: 'Shelly Real Current L2' >> 2.02 A
[10:57:42.672][I][csv:715]: 1670829,AGG,2.58,2.02,6.86,-2.00,-2.00,6.86,-2.00,-2.00,6.86,-2.00,-2.00,6.66,-0.89,6.86,23.74,17.15,0.00,0.00,0.00,0.20,0.20,0,0
[10:57:42.683][I][csv:715]: 1670835,AGG,2.58,2.02,6.86,-2.00,-2.00,6.86,-2.00,-2.00,6.86,-2.00,-2.00,6.66,-0.89,6.86,23.74,17.15,0.00,0.00,0.00,0.20,0.20,0,0
[10:57:42.709][I][csv:715]: 1670862,AGG,2.58,2.02,6.86,-2.00,-2.00,6.86,-2.00,-2.00,6.86,-2.00,-2.00,6.66,-0.89,6.86,23.74,17.15,0.00,0.00,0.00,0.20,0.20,0,0
[10:57:42.746][I][csv:715]: 1670901,AGG,2.58,2.00,6.86,-2.00,-1.00,6.86,-2.00,-1.00,6.86,-2.00,-1.00,6.66,-0.92,6.86,23.78,17.15,0.00,0.00,0.00,0.20,0.20,0,0
[10:57:42.774][I][csv:715]: 1670930,AGG,2.58,2.00,6.86,-2.00,-1.00,6.86,-2.00,-1.00,6.86,-2.00,-1.00,6.66,-0.95,6.86,23.81,17.15,0.00,0.00,0.00,0.20,0.20,0,0
[10:57:42.778][S][sensor]: 'TWC Time Since Last Poll' >> 134 ms
[10:57:42.789][I][csv:715]: 1670942,AGG,2.58,2.00,6.67,-2.00,-1.00,6.67,-2.00,-1.00,6.67,-2.00,-1.00,6.47,-0.97,6.67,23.64,17.15,0.00,0.00,0.00,0.20,0.20,0,0
[10:57:42.884][I][vitals:883]: TWC vitals: A=0.00 B=0.00 C=0.20 vehicle=0.20 contactor=open
[10:57:42.928][S][sensor]: 'TWC Poll Interval' >> 181 ms
[10:57:42.928][S][sensor]: 'TWC Vitals Current L2' >> 0.00 A
[10:57:43.525][S][sensor]: 'TWC Reported Current L2' >> 17.2 A
[10:57:43.532][I][csv:715]: 1671687,AGG,2.58,2.00,6.67,-2.00,-1.00,6.67,-2.00,-1.00,6.67,-2.00,-1.00,6.47,-1.16,6.67,23.83,17.15,0.00,0.00,0.00,0.20,0.20,0,0
[10:57:43.681][I][csv:715]: 1671835,AGG,2.58,2.00,6.67,-2.00,-1.00,6.67,-2.00,-1.00,6.67,-2.00,-1.00,6.47,-1.16,6.67,23.83,17.15,0.00,0.00,0.00,0.20,0.20,0,0
[10:57:43.791][I][csv:715]: 1671944,AGG,2.59,2.00,6.67,-2.00,-1.00,6.67,-2.00,-1.00,6.67,-2.00,-1.00,6.47,-1.16,6.67,23.83,17.15,0.00,0.00,0.00,0.20,0.20,0,0
[10:57:43.809][I][csv:715]: 1671948,AGG,2.59,2.00,6.67,-2.00,-1.00,6.67,-2.00,-1.00,6.67,-2.00,-1.00,6.47,-1.16,6.67,23.83,17.15,0.00,0.00,0.00,0.20,0.20,0,0
[10:57:43.814][I][csv:715]: 1671953,AGG,2.59,2.03,6.67,-2.00,-2.00,6.67,-2.00,-2.00,6.67,-2.00,-2.00,6.47,-1.15,6.67,23.83,17.15,0.00,0.00,0.00,0.20,0.20,0,0
[10:57:43.814][I][csv:715]: 1671957,AGG,2.59,2.03,6.67,-2.00,-2.00,6.67,-2.00,-2.00,6.67,-2.00,-2.00,6.47,-1.15,6.67,23.82,17.15,0.00,0.00,0.00,0.20,0.20,0,0
[10:57:43.814][I][csv:715]: 1671962,AGG,2.59,2.03,6.68,-2.00,-2.00,6.68,-2.00,-2.00,6.68,-2.00,-2.00,6.48,-1.14,6.68,23.83,17.15,0.00,0.00,0.00,0.20,0.20,0,0
[10:57:43.914][S][sensor]: 'TWC Reported Current L3' >> 17.2 A
[10:57:44.103][S][sensor]: 'Shelly Active Power L1' >> -576 W
[10:57:44.103][S][sensor]: 'TWC Vitals Current L1' >> 0.00 A
[10:57:44.223][S][sensor]: 'TWC Vitals Current L3' >> 0.20 A
[10:57:44.223][S][sensor]: 'Shelly Time Since Last OK' >> 404 ms
[10:57:44.352][S][sensor]: 'Shelly Active Power L3' >> 1515 W
[10:57:44.485][S][sensor]: 'Shelly Real Current L1' >> 2.59 A
[10:57:44.485][S][sensor]: 'Shelly Active Power L2' >> -460 W
[10:57:44.505][I][csv:715]: 1672661,AGG,2.59,2.03,6.68,-2.00,-2.00,6.68,-2.00,-2.00,6.68,-2.00,-2.00,6.48,-0.83,6.68,23.51,17.15,0.00,0.00,0.00,0.20,0.20,0,0
[10:57:44.644][S][sensor]: 'Shelly Real Current L3' >> 6.68 A
[10:57:44.644][S][sensor]: 'TWC Vitals Vehicle Current' >> 0.20 A
[10:57:44.644][S][sensor]: 'Shelly Real Current L2' >> 2.03 A
[10:57:44.681][I][csv:715]: 1672835,AGG,2.59,2.03,6.68,-2.00,-2.00,6.68,-2.00,-2.00,6.68,-2.00,-2.00,6.48,-0.83,6.68,23.51,17.15,0.00,0.00,0.00,0.20,0.20,0,0
[10:57:44.689][I][csv:715]: 1672841,AGG,2.59,2.03,6.68,-2.00,-2.00,6.68,-2.00,-2.00,6.68,-2.00,-2.00,6.48,-0.83,6.68,23.51,17.15,0.00,0.00,0.00,0.20,0.20,0,0
[10:57:44.718][I][csv:715]: 1672874,AGG,2.59,2.03,6.68,-2.00,-2.00,6.68,-2.00,-2.00,6.68,-2.00,-2.00,6.48,-0.83,6.68,23.51,17.15,0.00,0.00,0.00,0.20,0.20,0,0
[10:57:44.758][I][csv:715]: 1672911,AGG,2.59,2.11,6.68,-2.00,-2.00,6.68,-2.00,-2.00,6.68,-2.00,-2.00,6.48,-0.83,6.68,23.51,17.15,0.00,0.00,0.00,0.20,0.20,0,0
[10:57:44.785][S][sensor]: 'TWC Time Since Last Poll' >> 7 ms
[10:57:44.785][S][sensor]: 'TWC Reported Current L1' >> 17.2 A
[10:57:44.800][I][csv:715]: 1672956,AGG,2.59,2.11,6.68,-2.00,-2.00,6.68,-2.00,-2.00,6.68,-2.00,-2.00,6.48,-0.83,6.68,23.51,17.15,0.00,0.00,0.00,0.20,0.20,0,0
[10:57:44.809][I][csv:715]: 1672962,AGG,2.59,2.11,6.68,-2.00,-2.00,6.68,-2.00,-2.00,6.68,-2.00,-2.00,6.48,-0.83,6.68,23.50,17.15,0.00,0.00,0.00,0.20,0.20,0,0
[10:57:44.886][I][vitals:883]: TWC vitals: A=0.00 B=0.00 C=0.20 vehicle=0.20 contactor=open
[10:57:44.924][S][sensor]: 'TWC Poll Interval' >> 195 ms
[10:57:44.924][S][sensor]: 'TWC Vitals Current L2' >> 0.00 A
[10:57:45.587][I][csv:715]: 1673744,AGG,2.59,2.11,6.68,-2.00,-2.00,6.68,-2.00,-2.00,6.68,-2.00,-2.00,6.48,-0.83,6.68,23.50,17.15,0.00,0.00,0.00,0.20,0.20,0,0
[10:57:45.680][I][csv:715]: 1673835,AGG,2.59,2.11,6.68,-2.00,-2.00,6.68,-2.00,-2.00,6.68,-2.00,-2.00,6.48,-0.83,6.68,23.50,17.15,0.00,0.00,0.00,0.20,0.20,0,0
[10:57:45.801][I][csv:715]: 1673951,AGG,2.60,2.11,6.68,-2.00,-2.00,6.68,-2.00,-2.00,6.68,-2.00,-2.00,6.48,-0.83,6.68,23.50,17.15,0.00,0.00,0.00,0.20,0.20,0,0
[10:57:45.801][I][csv:715]: 1673955,AGG,2.60,2.11,6.68,-2.00,-2.00,6.68,-2.00,-2.00,6.68,-2.00,-2.00,6.48,-0.83,6.68,23.50,17.15,0.00,0.00,0.00,0.20,0.20,0,0
[10:57:45.809][I][csv:715]: 1673959,AGG,2.60,2.00,6.68,-2.00,-2.00,6.68,-2.00,-2.00,6.68,-2.00,-2.00,6.48,-0.83,6.68,23.50,17.15,0.00,0.00,0.00,0.20,0.20,0,0
[10:57:45.813][I][csv:715]: 1673966,AGG,2.60,2.00,6.68,-2.00,-2.00,6.68,-2.00,-2.00,6.68,-2.00,-2.00,6.48,-0.83,6.68,23.50,17.15,0.00,0.00,0.00,0.20,0.20,0,0
[10:57:45.823][I][csv:715]: 1673970,AGG,2.60,2.00,6.69,-2.00,-2.00,6.69,-2.00,-2.00,6.69,-2.00,-2.00,6.49,-0.83,6.69,23.52,17.15,0.00,0.00,0.00,0.20,0.20,0,0
[10:57:46.096][S][sensor]: 'Shelly Active Power L1' >> -578 W
[10:57:46.096][S][sensor]: 'TWC Vitals Current L1' >> 0.00 A
[10:57:46.225][S][sensor]: 'TWC Vitals Current L3' >> 0.20 A
[10:57:46.225][S][sensor]: 'Shelly Time Since Last OK' >> 396 ms
[10:57:46.353][S][sensor]: 'Shelly Active Power L3' >> 1538 W
[10:57:46.481][S][sensor]: 'Shelly Real Current L1' >> 2.60 A
[10:57:46.481][S][sensor]: 'Shelly Active Power L2' >> -459 W
[10:57:46.497][I][csv:715]: 1674653,AGG,2.60,2.00,6.69,-2.00,-2.00,6.69,-2.00,-2.00,6.69,-2.00,-2.00,6.49,-0.83,6.69,23.52,17.15,0.00,0.00,0.00,0.20,0.20,0,0
[10:57:46.646][S][sensor]: 'Shelly Real Current L3' >> 6.69 A
[10:57:46.647][S][sensor]: 'TWC Vitals Vehicle Current' >> 0.20 A
[10:57:46.647][S][sensor]: 'Shelly Real Current L2' >> 2.00 A
[10:57:46.679][I][csv:715]: 1674835,AGG,2.60,2.00,6.69,-2.00,-2.00,6.69,-2.00,-2.00,6.69,-2.00,-2.00,6.49,-0.83,6.69,23.52,17.15,0.00,0.00,0.00,0.20,0.20,0,0
[10:57:46.698][I][csv:715]: 1674854,AGG,2.62,2.00,6.69,-2.00,-2.00,6.69,-2.00,-2.00,6.69,-2.00,-2.00,6.49,-0.83,6.69,23.52,17.15,0.00,0.00,0.00,0.20,0.20,0,0
[10:57:46.737][I][csv:715]: 1674893,AGG,2.62,2.00,6.69,-2.00,-2.00,6.69,-2.00,-2.00,6.69,-2.00,-2.00,6.49,-0.83,6.69,23.52,17.15,0.00,0.00,0.00,0.20,0.20,0,0
[10:57:46.775][S][sensor]: 'TWC Time Since Last Poll' >> 170 ms
[10:57:46.787][I][csv:715]: 1674933,AGG,2.62,3.79,6.69,-2.00,-3.00,6.69,-2.00,-3.00,6.69,-2.00,-3.00,6.49,-0.79,6.69,23.48,17.15,0.00,0.00,0.00,0.20,0.20,0,0
[10:57:46.825][I][csv:715]: 1674975,AGG,2.62,3.79,6.69,-2.00,3.79,6.69,-2.00,3.79,6.69,-2.00,3.79,6.49,-0.83,6.69,23.53,17.15,0.00,0.00,0.00,0.20,0.20,0,0
[10:57:46.829][I][csv:715]: 1674979,AGG,2.62,3.79,6.73,-2.00,3.79,6.73,-2.00,3.79,6.73,-2.00,3.79,6.53,-0.84,6.73,23.56,17.15,0.00,0.00,0.00,0.20,0.20,0,0
[10:57:46.884][I][vitals:883]: TWC vitals: A=0.00 B=0.00 C=0.20 vehicle=0.20 contactor=open
[10:57:46.926][S][sensor]: 'TWC Vitals Current L2' >> 0.00 A
[10:57:46.926][S][sensor]: 'TWC Poll Interval' >> 193 ms
[10:57:47.536][I][csv:715]: 1675689,AGG,2.62,3.79,6.73,-2.00,3.79,6.73,-2.00,3.79,6.73,-2.00,3.79,6.53,-1.55,6.73,24.27,17.15,0.00,0.00,0.00,0.20,0.20,0,0
[10:57:47.679][I][csv:715]: 1675835,AGG,2.62,3.79,6.73,-2.00,3.79,6.73,-2.00,3.79,6.73,-2.00,3.79,6.53,-1.69,6.73,24.42,17.15,0.00,0.00,0.00,0.20,0.20,0,0
[10:57:47.703][I][csv:715]: 1675859,AGG,2.64,3.79,6.73,-2.00,3.79,6.73,-2.00,3.79,6.73,-2.00,3.79,6.53,-1.72,6.73,24.44,17.15,0.00,0.00,0.00,0.20,0.20,0,0
[10:57:47.748][I][csv:715]: 1675900,AGG,2.64,3.79,6.73,-2.00,3.79,6.73,-2.00,3.79,6.73,-2.00,3.79,6.53,-1.76,6.73,24.49,17.15,0.00,0.00,0.00,0.20,0.20,0,0
[10:57:47.779][I][csv:715]: 1675934,AGG,2.64,1.77,6.73,-2.00,1.77,6.73,-2.00,1.77,6.73,-2.00,1.77,6.53,-1.79,6.73,24.52,17.15,0.00,0.00,0.00,0.20,0.20,0,0
[10:57:47.817][I][csv:715]: 1675973,AGG,2.64,1.77,6.73,-2.00,-1.00,6.73,-2.00,-1.00,6.73,-2.00,-1.00,6.53,-1.75,6.73,24.48,17.15,0.00,0.00,0.00,0.20,0.20,0,0
[10:57:47.826][I][csv:715]: 1675983,AGG,2.64,1.77,6.72,-2.00,-1.00,6.72,-2.00,-1.00,6.72,-2.00,-1.00,6.52,-1.74,6.72,24.46,17.15,0.00,0.00,0.00,0.20,0.20,0,0
[10:57:48.102][S][sensor]: 'Shelly Active Power L1' >> -591 W
[10:57:48.103][S][sensor]: 'TWC Vitals Current L1' >> 0.00 A
[10:57:48.217][S][sensor]: 'TWC Vitals Current L3' >> 0.20 A
[10:57:48.217][S][sensor]: 'Shelly Time Since Last OK' >> 383 ms
[10:57:48.360][S][sensor]: 'Shelly Active Power L3' >> 1524 W
[10:57:48.489][S][sensor]: 'Shelly Real Current L1' >> 2.64 A
[10:57:48.490][S][sensor]: 'Shelly Active Power L2' >> -409 W
[10:57:48.490][S][sensor]: 'TWC Reported Current L2' >> 17.2 A
[10:57:48.516][I][csv:715]: 1676672,AGG,2.64,1.77,6.72,-2.00,-1.00,6.72,-2.00,-1.00,6.72,-2.00,-1.00,6.52,-1.17,6.72,23.89,17.15,0.00,0.00,0.00,0.20,0.20,0,0
[10:57:48.633][S][sensor]: 'Shelly Real Current L3' >> 6.72 A
[10:57:48.633][S][sensor]: 'TWC Vitals Vehicle Current' >> 0.20 A
[10:57:48.633][S][sensor]: 'Shelly Real Current L2' >> 1.77 A
[10:57:48.680][I][csv:715]: 1676835,AGG,2.64,1.77,6.72,-2.00,-1.00,6.72,-2.00,-1.00,6.72,-2.00,-1.00,6.52,-1.17,6.72,23.89,17.15,0.00,0.00,0.00,0.20,0.20,0,0
[10:57:48.716][I][csv:715]: 1676869,AGG,2.65,1.77,6.72,-2.00,-1.00,6.72,-2.00,-1.00,6.72,-2.00,-1.00,6.52,-1.17,6.72,23.89,17.15,0.00,0.00,0.00,0.20,0.20,0,0
[10:57:48.755][I][csv:715]: 1676910,AGG,2.65,1.77,6.72,-2.00,-1.00,6.72,-2.00,-1.00,6.72,-2.00,-1.00,6.52,-1.17,6.72,23.89,17.15,0.00,0.00,0.00,0.20,0.20,0,0
[10:57:48.777][S][sensor]: 'TWC Time Since Last Poll' >> 35 ms
[10:57:48.801][I][csv:715]: 1676956,AGG,2.65,1.85,6.72,-2.00,-1.00,6.72,-2.00,-1.00,6.72,-2.00,-1.00,6.52,-1.17,6.72,23.89,17.15,0.00,0.00,0.00,0.20,0.20,0,0
[10:57:48.827][I][csv:715]: 1676979,AGG,2.65,1.85,6.72,-2.00,-1.00,6.72,-2.00,-1.00,6.72,-2.00,-1.00,6.52,-1.17,6.72,23.89,17.15,0.00,0.00,0.00,0.20,0.20,0,0
[10:57:48.832][I][csv:715]: 1676989,AGG,2.65,1.85,6.67,-2.00,-1.00,6.67,-2.00,-1.00,6.67,-2.00,-1.00,6.47,-1.16,6.67,23.84,17.15,0.00,0.00,0.00,0.20,0.20,0,0
[10:57:48.886][I][vitals:883]: TWC vitals: A=0.00 B=0.00 C=0.20 vehicle=0.20 contactor=open
[10:57:48.907][S][sensor]: 'TWC Reported Current L3' >> 17.2 A
[10:57:48.907][S][sensor]: 'TWC Vitals Current L2' >> 0.00 A
[10:57:48.907][S][sensor]: 'TWC Poll Interval' >> 194 ms
[10:57:49.583][I][csv:715]: 1677738,AGG,2.65,1.85,6.67,-2.00,-1.00,6.67,-2.00,-1.00,6.67,-2.00,-1.00,6.47,-1.16,6.67,23.83,17.15,0.00,0.00,0.00,0.20,0.20,0,0
[10:57:49.679][I][csv:715]: 1677835,AGG,2.65,1.85,6.67,-2.00,-1.00,6.67,-2.00,-1.00,6.67,-2.00,-1.00,6.47,-1.16,6.67,23.83,17.15,0.00,0.00,0.00,0.20,0.20,0,0
[10:57:49.776][S][sensor]: 'TWC Reported Current L1' >> 17.2 A
[10:57:49.784][I][csv:715]: 1677938,AGG,2.67,1.85,6.67,-2.00,-1.00,6.67,-2.00,-1.00,6.67,-2.00,-1.00,6.47,-1.16,6.67,23.83,17.15,0.00,0.00,0.00,0.20,0.20,0,0
[10:57:49.794][I][csv:715]: 1677944,AGG,2.67,1.85,6.67,-2.00,-1.00,6.67,-2.00,-1.00,6.67,-2.00,-1.00,6.47,-1.16,6.67,23.83,17.15,0.00,0.00,0.00,0.20,0.20,0,0
[10:57:49.808][I][csv:715]: 1677964,AGG,2.67,1.77,6.67,-2.00,-1.00,6.67,-2.00,-1.00,6.67,-2.00,-1.00,6.47,-1.16,6.67,23.83,17.15,0.00,0.00,0.00,0.20,0.20,0,0
[10:57:49.829][I][csv:715]: 1677984,AGG,2.67,1.77,6.67,-2.00,-1.00,6.67,-2.00,-1.00,6.67,-2.00,-1.00,6.47,-1.16,6.67,23.83,17.15,0.00,0.00,0.00,0.20,0.20,0,0
[10:57:49.839][I][csv:715]: 1677996,AGG,2.67,1.77,6.66,-2.00,-1.00,6.66,-2.00,-1.00,6.66,-2.00,-1.00,6.46,-1.15,6.66,23.81,17.15,0.00,0.00,0.00,0.20,0.20,0,0
[10:57:50.099][S][sensor]: 'Shelly Active Power L1' >> -604 W
[10:57:50.100][S][sensor]: 'TWC Vitals Current L1' >> 0.00 A
[10:57:50.230][S][sensor]: 'TWC Vitals Current L3' >> 0.20 A
[10:57:50.230][S][sensor]: 'Shelly Time Since Last OK' >> 370 ms
[10:57:50.362][S][sensor]: 'Shelly Active Power L3' >> 1508 W
[10:57:50.496][S][sensor]: 'Shelly Real Current L1' >> 2.67 A
[10:57:50.496][S][sensor]: 'Shelly Active Power L2' >> -407 W
[10:57:50.530][I][csv:715]: 1678686,AGG,2.67,1.77,6.66,-2.00,-1.00,6.66,-2.00,-1.00,6.66,-2.00,-1.00,6.46,-1.15,6.66,23.81,17.15,0.00,0.00,0.00,0.20,0.20,0,0
[10:57:50.640][S][sensor]: 'Shelly Real Current L3' >> 6.66 A
[10:57:50.640][S][sensor]: 'TWC Vitals Vehicle Current' >> 0.20 A
[10:57:50.640][S][sensor]: 'Shelly Real Current L2' >> 1.77 A
[10:57:50.679][I][csv:715]: 1678835,AGG,2.67,1.77,6.66,-2.00,-1.00,6.66,-2.00,-1.00,6.66,-2.00,-1.00,6.46,-1.15,6.66,23.81,17.15,0.00,0.00,0.00,0.20,0.20,0,0
[10:57:50.726][I][csv:715]: 1678881,AGG,2.70,1.77,6.66,-2.00,-1.00,6.66,-2.00,-1.00,6.66,-2.00,-1.00,6.46,-1.15,6.66,23.81,17.15,0.00,0.00,0.00,0.20,0.20,0,0
[10:57:50.771][S][sensor]: 'TWC Time Since Last Poll' >> 95 ms
[10:57:50.802][I][csv:715]: 1678953,AGG,2.70,1.77,6.66,-2.00,-1.00,6.66,-2.00,-1.00,6.66,-2.00,-1.00,6.46,-1.15,6.66,23.81,17.15,0.00,0.00,0.00,0.20,0.20,0,0
[10:57:50.836][I][csv:715]: 1678991,AGG,2.70,1.87,6.66,-2.00,-1.00,6.66,-2.00,-1.00,6.66,-2.00,-1.00,6.46,-1.15,6.66,23.81,17.15,0.00,0.00,0.00,0.20,0.20,0,0
[10:57:50.886][I][vitals:883]: TWC vitals: A=0.00 B=0.00 C=0.20 vehicle=0.20 contactor=open
[10:57:50.893][I][csv:715]: 1679048,AGG,2.70,1.87,6.66,-2.00,-1.00,6.66,-2.00,-1.00,6.66,-2.00,-1.00,6.46,-1.15,6.66,23.81,17.25,0.00,0.00,0.00,0.20,0.20,0,0
[10:57:50.903][I][csv:715]: 1679058,AGG,2.70,1.87,6.65,-2.00,-1.00,6.65,-2.00,-1.00,6.65,-2.00,-1.00,6.45,-1.15,6.65,23.80,17.25,0.00,0.00,0.00,0.20,0.20,0,0
[10:57:50.924][S][sensor]: 'TWC Vitals Current L2' >> 0.00 A
[10:57:50.924][S][sensor]: 'TWC Poll Interval' >> 195 ms
[10:57:51.631][I][csv:715]: 1679786,AGG,2.70,1.87,6.65,-2.00,-1.00,6.65,-2.00,-1.00,6.65,-2.00,-1.00,6.45,-1.15,6.65,23.80,17.15,0.00,0.00,0.00,0.20,0.20,0,0
[10:57:51.679][I][csv:715]: 1679835,AGG,2.70,1.87,6.65,-2.00,-1.00,6.65,-2.00,-1.00,6.65,-2.00,-1.00,6.45,-1.15,6.65,23.80,17.15,0.00,0.00,0.00,0.20,0.20,0,0
[10:57:51.731][I][csv:715]: 1679887,AGG,2.70,1.87,6.65,-2.00,-1.00,6.65,-2.00,-1.00,6.65,-2.00,-1.00,6.45,-1.15,6.65,23.80,17.15,0.00,0.00,0.00,0.20,0.20,0,0
[10:57:51.839][I][csv:715]: 1679994,AGG,2.70,1.87,6.65,-2.00,-1.00,6.65,-2.00,-1.00,6.65,-2.00,-1.00,6.45,-1.15,6.65,23.80,17.15,0.00,0.00,0.00,0.20,0.20,0,0
[10:57:51.844][I][csv:715]: 1679998,AGG,2.70,1.90,6.65,-2.00,-1.00,6.65,-2.00,-1.00,6.65,-2.00,-1.00,6.45,-1.15,6.65,23.80,17.15,0.00,0.00,0.00,0.20,0.20,0,0
[10:57:51.874][I][csv:715]: 1680030,AGG,2.70,1.90,6.65,-2.00,-1.00,6.65,-2.00,-1.00,6.65,-2.00,-1.00,6.45,-1.15,6.65,23.80,17.25,0.00,0.00,0.00,0.20,0.20,0,0
[10:57:51.908][I][csv:715]: 1680063,AGG,2.70,1.90,6.48,-2.00,-1.00,6.48,-2.00,-1.00,6.48,-2.00,-1.00,6.28,-1.12,6.48,23.60,17.25,0.00,0.00,0.00,0.20,0.20,0,0
[10:57:52.095][S][sensor]: 'Shelly Active Power L1' >> -606 W
[10:57:52.095][S][sensor]: 'TWC Vitals Current L1' >> 0.00 A
[10:57:52.223][S][sensor]: 'TWC Vitals Current L3' >> 0.20 A
[10:57:52.223][S][sensor]: 'Shelly Time Since Last OK' >> 303 ms
[10:57:52.350][S][sensor]: 'Shelly Active Power L3' >> 1479 W
[10:57:52.480][S][sensor]: 'Shelly Real Current L1' >> 2.70 A
[10:57:52.480][S][sensor]: 'Shelly Active Power L2' >> -439 W
[10:57:52.643][S][sensor]: 'Shelly Real Current L3' >> 6.48 A
[10:57:52.644][S][sensor]: 'TWC Vitals Vehicle Current' >> 0.20 A
[10:57:52.644][S][sensor]: 'Shelly Real Current L2' >> 1.90 A
[10:57:52.653][I][csv:715]: 1680804,AGG,2.70,1.90,6.48,-2.00,-1.00,6.48,-2.00,-1.00,6.48,-2.00,-1.00,6.28,-1.09,6.48,23.58,17.15,0.00,0.00,0.00,0.20,0.20,0,0
[10:57:52.679][I][csv:715]: 1680835,AGG,2.70,1.90,6.48,-2.00,-1.00,6.48,-2.00,-1.00,6.48,-2.00,-1.00,6.28,-1.09,6.48,23.58,17.15,0.00,0.00,0.00,0.20,0.20,0,0
[10:57:52.780][S][sensor]: 'TWC Time Since Last Poll' >> 155 ms
[10:57:52.830][I][csv:715]: 1680985,AGG,2.73,1.90,6.48,-2.00,-1.00,6.48,-2.00,-1.00,6.48,-2.00,-1.00,6.28,-1.09,6.48,23.58,17.15,0.00,0.00,0.00,0.20,0.20,0,0
[10:57:52.835][I][csv:715]: 1680989,AGG,2.73,1.90,6.48,-2.00,-1.00,6.48,-2.00,-1.00,6.48,-2.00,-1.00,6.28,-1.09,6.48,23.58,17.15,0.00,0.00,0.00,0.20,0.20,0,0
[10:57:52.841][I][csv:715]: 1680994,AGG,2.73,1.93,6.48,-2.00,-1.00,6.48,-2.00,-1.00,6.48,-2.00,-1.00,6.28,-1.09,6.48,23.58,17.15,0.00,0.00,0.00,0.20,0.20,0,0
[10:57:52.889][I][vitals:883]: TWC vitals: A=0.00 B=0.00 C=0.20 vehicle=0.20 contactor=open
[10:57:52.898][I][csv:715]: 1681051,AGG,2.73,1.93,6.48,-2.00,-1.00,6.48,-2.00,-1.00,6.48,-2.00,-1.00,6.28,-1.09,6.48,23.58,17.25,0.00,0.00,0.00,0.20,0.20,0,0
[10:57:52.915][I][csv:715]: 1681071,AGG,2.73,1.93,6.44,-2.00,-1.00,6.44,-2.00,-1.00,6.44,-2.00,-1.00,6.24,-1.08,6.44,23.52,17.25,0.00,0.00,0.00,0.20,0.20,0,0
[10:57:52.919][S][sensor]: 'TWC Vitals Current L2' >> 0.00 A
[10:57:52.919][S][sensor]: 'TWC Poll Interval' >> 200 ms
[10:57:53.515][S][sensor]: 'TWC Reported Current L2' >> 17.2 A
[10:57:53.559][I][csv:715]: 1681713,AGG,2.73,1.93,6.44,-2.00,-1.00,6.44,-2.00,-1.00,6.44,-2.00,-1.00,6.24,-1.08,6.44,23.52,17.15,0.00,0.00,0.00,0.20,0.20,0,0
[10:57:53.679][I][csv:715]: 1681835,AGG,2.73,1.93,6.44,-2.00,-1.00,6.44,-2.00,-1.00,6.44,-2.00,-1.00,6.24,-1.08,6.44,23.52,17.15,0.00,0.00,0.00,0.20,0.20,0,0
[10:57:53.790][I][csv:715]: 1681937,AGG,2.85,1.93,6.44,-2.00,-1.00,6.44,-2.00,-1.00,6.44,-2.00,-1.00,6.24,-1.08,6.44,23.52,17.15,0.00,0.00,0.00,0.20,0.20,0,0
[10:57:53.815][I][csv:715]: 1681971,AGG,2.85,1.93,6.44,-2.00,-1.00,6.44,-2.00,-1.00,6.44,-2.00,-1.00,6.24,-1.08,6.44,23.52,17.15,0.00,0.00,0.00,0.20,0.20,0,0
[10:57:53.842][I][csv:715]: 1681998,AGG,2.85,2.01,6.44,-2.00,-2.00,6.44,-2.00,-2.00,6.44,-2.00,-2.00,6.24,-1.05,6.44,23.49,17.15,0.00,0.00,0.00,0.20,0.20,0,0
[10:57:53.879][I][csv:715]: 1682034,AGG,2.85,2.01,6.44,-2.00,-2.00,6.44,-2.00,-2.00,6.44,-2.00,-2.00,6.24,-1.02,6.44,23.46,17.25,0.00,0.00,0.00,0.20,0.20,0,0
[10:57:53.914][S][sensor]: 'TWC Reported Current L3' >> 17.2 A
[10:57:53.921][I][csv:715]: 1682075,AGG,2.85,2.01,6.32,-2.00,-2.00,6.32,-2.00,-2.00,6.32,-2.00,-2.00,6.12,-0.98,6.32,23.30,17.25,0.00,0.00,0.00,0.20,0.20,0,0
[10:57:54.094][S][sensor]: 'Shelly Active Power L1' >> -644 W
[10:57:54.094][S][sensor]: 'TWC Vitals Current L1' >> 0.00 A
[10:57:54.225][S][sensor]: 'TWC Vitals Current L3' >> 0.20 A
[10:57:54.225][S][sensor]: 'Shelly Time Since Last OK' >> 291 ms
[10:57:54.356][S][sensor]: 'Shelly Active Power L3' >> 1448 W
[10:57:54.482][S][sensor]: 'Shelly Real Current L1' >> 2.85 A
[10:57:54.482][S][sensor]: 'Shelly Active Power L2' >> -461 W
[10:57:54.599][I][csv:715]: 1682755,AGG,2.85,2.01,6.32,-2.00,-2.00,6.32,-2.00,-2.00,6.32,-2.00,-2.00,6.12,-0.71,6.32,23.03,17.15,0.00,0.00,0.00,0.20,0.20,0,0
[10:57:54.636][S][sensor]: 'Shelly Real Current L3' >> 6.32 A
[10:57:54.636][S][sensor]: 'TWC Vitals Vehicle Current' >> 0.20 A
[10:57:54.636][S][sensor]: 'Shelly Real Current L2' >> 2.01 A
[10:57:54.684][I][csv:715]: 1682835,AGG,2.85,2.01,6.32,-2.00,-2.00,6.32,-2.00,-2.00,6.32,-2.00,-2.00,6.12,-0.71,6.32,23.03,17.15,0.00,0.00,0.00,0.20,0.20,0,0
[10:57:54.772][S][sensor]: 'TWC Time Since Last Poll' >> 24 ms
[10:57:54.772][S][sensor]: 'TWC Reported Current L1' >> 17.2 A
[10:57:54.785][I][csv:715]: 1682936,AGG,3.13,2.01,6.32,-3.00,-2.00,6.32,-3.00,-2.00,6.32,-3.00,-2.00,6.12,-0.61,6.32,22.93,17.15,0.00,0.00,0.00,0.20,0.20,0,0
[10:57:54.819][I][csv:715]: 1682974,AGG,3.13,2.01,6.32,-3.00,-2.00,6.32,-3.00,-2.00,6.32,-3.00,-2.00,6.12,-0.57,6.32,22.89,17.15,0.00,0.00,0.00,0.20,0.20,0,0
[10:57:54.848][I][csv:715]: 1683003,AGG,3.13,2.26,6.32,-3.00,-2.00,6.32,-3.00,-2.00,6.32,-3.00,-2.00,6.12,-0.54,6.32,22.86,17.25,0.00,0.00,0.00,0.20,0.20,0,0
[10:57:54.889][I][vitals:883]: TWC vitals: A=0.00 B=0.00 C=0.20 vehicle=0.20 contactor=open
[10:57:54.899][I][csv:715]: 1683049,AGG,3.13,2.26,6.32,-3.00,-2.00,6.32,-3.00,-2.00,6.32,-3.00,-2.00,6.12,-0.49,6.32,22.81,17.25,0.00,0.00,0.00,0.20,0.20,0,0
[10:57:54.916][S][sensor]: 'TWC Poll Interval' >> 194 ms
[10:57:54.916][S][sensor]: 'TWC Vitals Current L2' >> 0.00 A
[10:57:54.928][I][csv:715]: 1683084,AGG,3.13,2.26,6.03,-3.00,-2.00,6.03,-3.00,-2.00,6.03,-3.00,-2.00,5.84,-0.46,6.03,22.49,17.25,0.00,0.00,0.00,0.20,0.20,0,0
[10:57:55.628][I][csv:715]: 1683779,AGG,3.13,2.26,6.03,-3.00,-2.00,6.03,-3.00,-2.00,6.03,-3.00,-2.00,5.84,-0.28,6.03,22.31,17.15,0.00,0.00,0.00,0.20,0.20,0,0
[10:57:55.679][I][csv:715]: 1683835,AGG,3.13,2.26,6.03,-3.00,-2.00,6.03,-3.00,-2.00,6.03,-3.00,-2.00,5.84,-0.28,6.03,22.31,17.15,0.00,0.00,0.00,0.20,0.20,0,0
[10:57:55.699][S][sensor]: 'TWC Control WiFi Signal' >> -25 dBm
[10:57:55.766][I][csv:715]: 1683921,AGG,3.75,2.26,6.03,-3.00,-2.00,6.03,-3.00,-2.00,6.03,-3.00,-2.00,5.84,-0.28,6.03,22.31,17.15,0.00,0.00,0.00,0.20,0.20,0,0
[10:57:55.824][I][csv:715]: 1683978,AGG,3.75,2.26,6.03,-3.00,-2.00,6.03,-3.00,-2.00,6.03,-3.00,-2.00,5.84,-0.28,6.03,22.31,17.15,0.00,0.00,0.00,0.20,0.20,0,0
[10:57:55.854][I][csv:715]: 1684009,AGG,3.75,2.87,6.03,-3.00,-2.00,6.03,-3.00,-2.00,6.03,-3.00,-2.00,5.84,-0.28,6.03,22.31,17.25,0.00,0.00,0.00,0.20,0.20,0,0
[10:57:55.890][I][csv:715]: 1684047,AGG,3.75,2.87,6.03,-3.00,-2.00,6.03,-3.00,-2.00,6.03,-3.00,-2.00,5.84,-0.28,6.03,22.31,17.25,0.00,0.00,0.00,0.20,0.20,0,0
[10:57:55.938][I][csv:715]: 1684094,AGG,3.75,2.87,5.49,-3.00,-2.00,5.49,-3.00,-2.00,5.49,-3.00,-2.00,5.29,-0.23,5.49,21.72,17.25,0.00,0.00,0.00,0.20,0.20,0,0
[10:57:56.087][S][sensor]: 'Shelly Active Power L1' >> -856 W
[10:57:56.087][S][sensor]: 'TWC Vitals Current L1' >> 0.00 A
[10:57:56.223][S][sensor]: 'TWC Vitals Current L3' >> 0.20 A
[10:57:56.224][S][sensor]: 'Shelly Time Since Last OK' >> 272 ms
[10:57:56.353][S][sensor]: 'Shelly Active Power L3' >> 1244 W
[10:57:56.483][S][sensor]: 'Shelly Real Current L1' >> 3.75 A
[10:57:56.483][S][sensor]: 'Shelly Active Power L2' >> -679 W
[10:57:56.644][S][sensor]: 'Shelly Real Current L3' >> 5.49 A
[10:57:56.645][S][sensor]: 'TWC Vitals Vehicle Current' >> 0.20 A
[10:57:56.645][S][sensor]: 'Shelly Real Current L2' >> 2.87 A
[10:57:56.645][S][sensor]: 'TWC Control Uptime' >> 1685 s
[10:57:56.651][I][csv:715]: 1684805,AGG,3.75,2.87,5.49,-3.00,-2.00,5.49,-3.00,-2.00,5.49,-3.00,-2.00,5.29,-0.10,5.49,21.58,17.15,0.00,0.00,0.00,0.20,0.20,0,0
[10:57:56.679][I][csv:715]: 1684835,AGG,3.75,2.87,5.49,-3.00,-2.00,5.49,-3.00,-2.00,5.49,-3.00,-2.00,5.29,-0.10,5.49,21.58,17.15,0.00,0.00,0.00,0.20,0.20,0,0
[10:57:56.778][S][sensor]: 'TWC Time Since Last Poll' >> 88 ms
[10:57:56.892][I][vitals:883]: TWC vitals: A=0.00 B=0.00 C=0.20 vehicle=0.20 contactor=open
[10:57:56.914][I][csv:715]: 1685056,AGG,4.59,2.87,5.49,-4.00,-2.00,5.49,-4.00,-2.00,5.49,-4.00,-2.00,5.29,0.13,5.49,21.36,17.25,0.00,0.00,0.00,0.20,0.20,0,0
[10:57:56.914][I][csv:715]: 1685062,AGG,4.59,2.87,5.49,-4.00,-2.00,5.49,-4.00,-2.00,5.49,-4.00,-2.00,5.29,0.13,5.49,21.36,17.25,0.00,0.00,0.00,0.20,0.20,0,0
[10:57:56.914][I][csv:715]: 1685065,AGG,4.59,3.77,5.49,-4.00,-3.00,5.49,-4.00,-3.00,5.49,-4.00,-3.00,5.29,0.13,5.49,21.35,17.25,0.00,0.00,0.00,0.20,0.20,0,0
[10:57:56.919][I][csv:715]: 1685070,AGG,4.59,3.77,5.49,-4.00,-3.00,5.49,-4.00,-3.00,5.49,-4.00,-3.00,5.29,0.14,5.49,21.35,17.25,0.00,0.00,0.00,0.20,0.20,0,0
[10:57:56.920][S][sensor]: 'TWC Vitals Current L2' >> 0.00 A
[10:57:56.920][S][sensor]: 'TWC Poll Interval' >> 197 ms
[10:57:56.968][I][csv:715]: 1685109,AGG,4.59,3.77,4.68,-4.00,-3.00,4.68,-4.00,-3.00,4.68,-4.00,-3.00,4.48,0.18,4.68,20.51,17.25,0.00,0.00,0.00,0.20,0.20,0,0
[10:57:57.675][I][csv:715]: 1685826,AGG,4.59,3.77,4.68,-4.00,-3.00,4.68,-4.00,-3.00,4.68,-4.00,-3.00,4.48,0.84,4.68,19.85,17.15,0.00,0.00,0.00,0.20,0.20,0,0
[10:57:57.681][I][csv:715]: 1685835,AGG,4.59,3.77,4.68,-4.00,-3.00,4.68,-4.00,-3.00,4.68,-4.00,-3.00,4.48,0.84,4.68,19.85,17.15,0.00,0.00,0.00,0.20,0.20,0,0
[10:57:57.878][I][csv:715]: 1686033,AGG,5.26,3.77,4.68,-5.00,-3.00,4.68,-5.00,-3.00,4.68,-5.00,-3.00,4.48,1.04,4.68,19.65,17.25,0.00,0.00,0.00,0.20,0.20,0,0
[10:57:57.884][I][csv:715]: 1686037,AGG,5.26,3.77,4.68,-5.00,-3.00,4.68,-5.00,-3.00,4.68,-5.00,-3.00,4.48,1.04,4.68,19.64,17.25,0.00,0.00,0.00,0.20,0.20,0,0
[10:57:57.889][I][csv:715]: 1686042,AGG,5.26,4.37,4.68,-5.00,-4.00,4.68,-5.00,-4.00,4.68,-5.00,-4.00,4.48,1.05,4.68,19.64,17.25,0.00,0.00,0.00,0.20,0.20,0,0
[10:57:57.903][I][csv:715]: 1686059,AGG,5.26,4.37,4.68,-5.00,-4.00,4.68,-5.00,-4.00,4.68,-5.00,-4.00,4.48,1.06,4.68,19.62,17.25,0.00,0.00,0.00,0.20,0.20,0,0
[10:57:57.960][I][csv:715]: 1686116,AGG,5.26,4.37,4.06,-5.00,-4.00,4.06,-5.00,-4.00,4.06,-5.00,-4.00,3.86,1.12,4.06,18.94,17.25,0.00,0.00,0.00,0.20,0.20,0,0
[10:57:58.104][S][sensor]: 'Shelly Active Power L1' >> -1202 W
[10:57:58.104][S][sensor]: 'TWC Vitals Current L1' >> 0.00 A
[10:57:58.228][S][sensor]: 'TWC Vitals Current L3' >> 0.20 A
[10:57:58.228][S][sensor]: 'Shelly Time Since Last OK' >> 250 ms
[10:57:58.358][S][sensor]: 'Shelly Active Power L3' >> 923 W
[10:57:58.487][S][sensor]: 'Shelly Real Current L1' >> 5.26 A
[10:57:58.487][S][sensor]: 'Shelly Active Power L2' >> -1030 W
[10:57:58.488][S][sensor]: 'TWC Reported Current L2' >> 17.2 A
[10:57:58.631][S][sensor]: 'Shelly Real Current L3' >> 4.06 A
[10:57:58.631][S][sensor]: 'TWC Vitals Vehicle Current' >> 0.20 A
[10:57:58.632][S][sensor]: 'Shelly Real Current L2' >> 4.37 A
[10:57:58.639][I][csv:715]: 1686793,AGG,5.26,4.37,4.06,-5.00,-4.00,4.06,-5.00,-4.00,4.06,-5.00,-4.00,3.86,1.71,4.06,18.35,17.15,0.00,0.00,0.00,0.20,0.20,0,0
[10:57:58.679][I][csv:715]: 1686835,AGG,5.26,4.37,4.06,-5.00,-4.00,4.06,-5.00,-4.00,4.06,-5.00,-4.00,3.86,1.71,4.06,18.35,17.15,0.00,0.00,0.00,0.20,0.20,0,0
[10:57:58.782][S][sensor]: 'TWC Time Since Last Poll' >> 133 ms
[10:57:58.797][I][csv:715]: 1686953,AGG,5.70,4.37,4.06,-5.00,-4.00,4.06,-5.00,-4.00,4.06,-5.00,-4.00,3.86,1.71,4.06,18.35,17.15,0.00,0.00,0.00,0.20,0.20,0,0
[10:57:58.892][I][vitals:883]: TWC vitals: A=0.00 B=0.00 C=0.20 vehicle=0.20 contactor=open
[10:57:58.897][I][csv:715]: 1687053,AGG,5.70,4.37,4.06,-5.00,-4.00,4.06,-5.00,-4.00,4.06,-5.00,-4.00,3.86,1.71,4.06,18.35,17.25,0.00,0.00,0.00,0.20,0.20,0,0
[10:57:58.906][I][csv:715]: 1687059,AGG,5.70,4.84,4.06,-5.00,-4.00,4.06,-5.00,-4.00,4.06,-5.00,-4.00,3.86,1.71,4.06,18.35,17.25,0.00,0.00,0.00,0.20,0.20,0,0
[10:57:58.916][I][csv:715]: 1687067,AGG,5.70,4.84,4.06,-5.00,-4.00,4.06,-5.00,-4.00,4.06,-5.00,-4.00,3.86,1.71,4.06,18.35,17.25,0.00,0.00,0.00,0.20,0.20,0,0
[10:57:58.917][S][sensor]: 'TWC Reported Current L3' >> 17.2 A
[10:57:58.917][S][sensor]: 'TWC Vitals Current L2' >> 0.00 A
[10:57:58.917][S][sensor]: 'TWC Poll Interval' >> 196 ms
[10:57:58.965][I][csv:715]: 1687121,AGG,5.70,4.84,3.63,-5.00,-4.00,3.63,-5.00,-4.00,3.63,-5.00,-4.00,3.43,1.77,3.63,17.86,17.25,0.00,0.00,0.00,0.20,0.20,0,0
[10:57:59.616][I][csv:715]: 1687772,AGG,5.70,4.84,3.63,-5.00,-4.00,3.63,-5.00,-4.00,3.63,-5.00,-4.00,3.43,1.86,3.63,17.77,17.15,0.00,0.00,0.00,0.20,0.20,0,0
[10:57:59.681][I][csv:715]: 1687835,AGG,5.70,4.84,3.63,-5.00,-4.00,3.63,-5.00,-4.00,3.63,-5.00,-4.00,3.43,1.86,3.63,17.77,17.15,0.00,0.00,0.00,0.20,0.20,0,0
[10:57:59.778][S][sensor]: 'TWC Reported Current L1' >> 17.2 A
[10:57:59.816][I][csv:715]: 1687971,AGG,6.36,4.84,3.63,-6.00,-4.00,3.63,-6.00,-4.00,3.63,-6.00,-4.00,3.43,1.99,3.63,17.64,17.15,0.00,0.00,0.00,0.20,0.20,0,0
[10:57:59.858][I][csv:715]: 1688012,AGG,6.36,4.84,3.63,-6.00,-4.00,3.63,-6.00,-4.00,3.63,-6.00,-4.00,3.43,2.03,3.63,17.59,17.25,0.00,0.00,0.00,0.20,0.20,0,0
[10:57:59.875][I][csv:715]: 1688031,AGG,6.36,5.47,3.63,-6.00,-5.00,3.63,-6.00,-5.00,3.63,-6.00,-5.00,3.43,2.05,3.63,17.58,17.23,0.00,0.00,0.00,0.20,0.20,0,0
[10:57:59.917][I][csv:715]: 1688072,AGG,6.36,5.47,3.63,-6.00,-5.00,3.63,-6.00,-5.00,3.63,-6.00,-5.00,3.43,2.09,3.63,17.53,17.20,0.00,0.00,0.00,0.20,0.20,0,0
[10:57:59.969][I][csv:715]: 1688124,AGG,6.36,5.47,3.00,-6.00,-5.00,3.00,-6.00,-5.00,3.00,-6.00,-5.00,2.80,2.15,3.00,16.86,16.69,0.00,0.00,0.00,0.20,0.20,0,0
[10:58:00.098][S][sensor]: 'Shelly Active Power L1' >> -1461 W
[10:58:00.098][S][sensor]: 'TWC Vitals Current L1' >> 0.00 A
[10:58:00.226][S][sensor]: 'TWC Vitals Current L3' >> 0.20 A
[10:58:00.226][S][sensor]: 'Shelly Time Since Last OK' >> 242 ms
[10:58:00.356][S][sensor]: 'Shelly Active Power L3' >> 678 W
[10:58:00.486][S][sensor]: 'Shelly Real Current L1' >> 6.36 A
[10:58:00.487][S][sensor]: 'Shelly Active Power L2' >> -1296 W
[10:58:00.635][S][sensor]: 'Shelly Real Current L3' >> 3.00 A
[10:58:00.636][S][sensor]: 'TWC Vitals Vehicle Current' >> 0.20 A
[10:58:00.636][S][sensor]: 'Shelly Real Current L2' >> 5.47 A
[10:58:00.679][I][csv:715]: 1688835,AGG,6.36,5.47,3.00,-6.00,-5.00,3.00,-6.00,-5.00,3.00,-6.00,-5.00,2.80,2.73,3.00,16.27,16.15,0.00,0.00,0.00,0.20,0.20,0,0
[10:58:00.776][S][sensor]: 'TWC Time Since Last Poll' >> 2 ms
[10:58:00.895][I][vitals:883]: TWC vitals: A=0.00 B=0.00 C=0.20 vehicle=0.20 contactor=open
[10:58:00.920][S][sensor]: 'TWC Poll Interval' >> 197 ms
[10:58:00.921][S][sensor]: 'TWC Vitals Current L2' >> 0.00 A
[10:58:01.055][I][csv:715]: 1689209,AGG,6.36,5.47,3.00,-6.00,-5.00,3.00,-6.00,-5.00,3.00,-6.00,-5.00,2.80,2.73,3.00,16.27,16.25,0.00,0.00,0.00,0.20,0.20,0,0
[10:58:01.062][I][csv:715]: 1689213,AGG,7.13,5.47,3.00,-7.00,-5.00,3.00,-7.00,-5.00,3.00,-7.00,-5.00,2.80,2.74,3.00,16.27,16.25,0.00,0.00,0.00,0.20,0.20,0,0
[10:58:01.062][I][csv:715]: 1689216,AGG,7.13,5.47,3.00,-7.00,-5.00,3.00,-7.00,-5.00,3.00,-7.00,-5.00,2.80,2.74,3.00,16.26,16.25,0.00,0.00,0.00,0.20,0.20,0,0
[10:58:01.066][I][csv:715]: 1689221,AGG,7.13,6.30,3.00,-7.00,-6.00,3.00,-7.00,-6.00,3.00,-7.00,-6.00,2.80,2.74,3.00,16.26,16.24,0.00,0.00,0.00,0.20,0.20,0,0
[10:58:01.071][I][csv:715]: 1689226,AGG,7.13,6.30,3.00,-7.00,-6.00,3.00,-7.00,-6.00,3.00,-7.00,-6.00,2.80,2.75,3.00,16.25,16.24,0.00,0.00,0.00,0.20,0.20,0,0
[10:58:01.079][I][csv:715]: 1689231,AGG,7.13,6.30,2.29,-7.00,-6.00,2.29,-7.00,-6.00,2.29,-7.00,-6.00,2.09,2.75,2.29,15.54,15.59,0.00,0.00,0.00,0.20,0.20,0,0
[10:58:01.680][I][csv:715]: 1689835,AGG,7.13,6.30,2.29,-7.00,-6.00,2.29,-7.00,-6.00,2.29,-7.00,-6.00,2.09,3.36,2.29,14.94,14.89,0.00,0.00,0.00,0.20,0.20,0,0
[10:58:02.078][I][csv:715]: 1690233,AGG,7.13,6.30,2.29,-7.00,-6.00,2.29,-7.00,-6.00,2.29,-7.00,-6.00,2.09,3.64,2.29,14.66,14.71,0.00,0.00,0.00,0.20,0.20,0,0
[10:58:02.082][I][csv:715]: 1690237,AGG,7.58,6.30,2.29,-7.00,-6.00,2.29,-7.00,-6.00,2.29,-7.00,-6.00,2.09,3.64,2.29,14.66,14.71,0.00,0.00,0.00,0.20,0.20,0,0
[10:58:02.090][I][csv:715]: 1690242,AGG,7.58,6.30,2.29,-7.00,-6.00,2.29,-7.00,-6.00,2.29,-7.00,-6.00,2.09,3.64,2.29,14.66,14.71,0.00,0.00,0.00,0.20,0.20,0,0
[10:58:02.095][I][csv:715]: 1690245,AGG,7.58,6.67,2.29,-7.00,-6.00,2.29,-7.00,-6.00,2.29,-7.00,-6.00,2.09,3.64,2.29,14.66,14.71,0.00,0.00,0.00,0.20,0.20,0,0
[10:58:02.099][I][csv:715]: 1690250,AGG,7.58,6.67,2.29,-7.00,-6.00,2.29,-7.00,-6.00,2.29,-7.00,-6.00,2.09,3.64,2.29,14.66,14.71,0.00,0.00,0.00,0.20,0.20,0,0
[10:58:02.105][I][csv:715]: 1690255,AGG,7.58,6.67,1.99,-7.00,-6.00,1.99,-7.00,-6.00,1.99,-7.00,-6.00,1.79,3.64,1.99,14.35,14.40,0.00,0.00,0.00,0.20,0.20,0,0
[10:58:02.119][S][sensor]: 'Shelly Active Power L1' >> -1642 W
[10:58:02.119][S][sensor]: 'TWC Vitals Current L1' >> 0.00 A
[10:58:02.119][S][sensor]: 'TWC Vitals Current L3' >> 0.20 A
[10:58:02.324][S][sensor]: 'Shelly Time Since Last OK' >> 111 ms
[10:58:02.324][S][sensor]: 'Shelly Active Power L3' >> 442 W
[10:58:02.483][S][sensor]: 'Shelly Real Current L1' >> 7.58 A
[10:58:02.483][S][sensor]: 'Shelly Active Power L2' >> -1613 W
[10:58:02.642][S][sensor]: 'Shelly Real Current L3' >> 1.99 A
[10:58:02.642][S][sensor]: 'TWC Vitals Vehicle Current' >> 0.20 A
[10:58:02.642][S][sensor]: 'Shelly Real Current L2' >> 6.67 A
[10:58:02.682][I][csv:715]: 1690835,AGG,7.58,6.67,1.99,-7.00,-6.00,1.99,-7.00,-6.00,1.99,-7.00,-6.00,1.79,3.74,1.99,14.25,14.20,0.00,0.00,0.00,0.20,0.20,0,0
[10:58:02.771][S][sensor]: 'TWC Time Since Last Poll' >> 156 ms
[10:58:03.143][I][vitals:883]: TWC vitals: A=0.00 B=0.00 C=0.20 vehicle=0.20 contactor=open
[10:58:03.154][I][csv:715]: 1691307,AGG,7.58,6.67,1.99,-7.00,-6.00,1.99,-7.00,-6.00,1.99,-7.00,-6.00,1.79,3.74,1.99,14.25,14.30,0.00,0.00,0.00,0.20,0.20,0,0
[10:58:03.161][I][csv:715]: 1691311,AGG,8.05,6.67,1.99,-8.00,-6.00,1.99,-8.00,-6.00,1.99,-8.00,-6.00,1.79,3.74,1.99,14.25,14.30,0.00,0.00,0.00,0.20,0.20,0,0
[10:58:03.161][I][csv:715]: 1691314,AGG,8.05,6.67,1.99,-8.00,-6.00,1.99,-8.00,-6.00,1.99,-8.00,-6.00,1.79,3.74,1.99,14.25,14.30,0.00,0.00,0.00,0.20,0.20,0,0
[10:58:03.171][I][csv:715]: 1691319,AGG,8.05,7.24,1.99,-8.00,-7.00,1.99,-8.00,-7.00,1.99,-8.00,-7.00,1.79,3.75,1.99,14.24,14.29,0.00,0.00,0.00,0.20,0.20,0,0
[10:58:03.185][I][csv:715]: 1691323,AGG,8.05,7.24,1.99,-8.00,-7.00,1.99,-8.00,-7.00,1.99,-8.00,-7.00,1.79,3.75,1.99,14.24,14.29,0.00,0.00,0.00,0.20,0.20,0,0
[10:58:03.186][I][csv:715]: 1691328,AGG,8.05,7.24,1.57,-8.00,-7.00,1.57,-8.00,-7.00,1.57,-8.00,-7.00,1.37,3.76,1.57,13.81,13.86,0.00,0.00,0.00,0.20,0.20,0,0
[10:58:03.186][S][sensor]: 'TWC Poll Interval' >> 193 ms
[10:58:03.186][S][sensor]: 'TWC Vitals Current L2' >> 0.00 A
[10:58:03.523][S][sensor]: 'TWC Reported Current L2' >> 13.9 A
[10:58:03.680][I][csv:715]: 1691835,AGG,8.05,7.24,1.57,-8.00,-7.00,1.57,-8.00,-7.00,1.57,-8.00,-7.00,1.37,4.26,1.57,13.30,13.25,0.00,0.00,0.00,0.20,0.20,0,0
[10:58:03.917][S][sensor]: 'TWC Reported Current L3' >> 13.3 A
[10:58:04.095][S][sensor]: 'Shelly Active Power L1' >> -1865 W
[10:58:04.095][S][sensor]: 'TWC Vitals Current L1' >> 0.00 A
[10:58:04.111][I][csv:715]: 1692260,AGG,8.05,7.24,1.57,-8.00,-7.00,1.57,-8.00,-7.00,1.57,-8.00,-7.00,1.37,4.54,1.57,13.02,13.07,0.00,0.00,0.00,0.20,0.20,0,0
[10:58:04.115][I][csv:715]: 1692264,AGG,8.26,7.24,1.57,-8.00,-7.00,1.57,-8.00,-7.00,1.57,-8.00,-7.00,1.37,4.54,1.57,13.02,13.07,0.00,0.00,0.00,0.20,0.20,0,0
[10:58:04.115][I][csv:715]: 1692267,AGG,8.26,7.24,1.57,-8.00,-7.00,1.57,-8.00,-7.00,1.57,-8.00,-7.00,1.37,4.54,1.57,13.02,13.07,0.00,0.00,0.00,0.20,0.20,0,0
[10:58:04.115][I][csv:715]: 1692270,AGG,8.26,7.39,1.57,-8.00,-7.00,1.57,-8.00,-7.00,1.57,-8.00,-7.00,1.37,4.54,1.57,13.02,13.07,0.00,0.00,0.00,0.20,0.20,0,0
[10:58:04.125][I][csv:715]: 1692273,AGG,8.26,7.39,1.57,-8.00,-7.00,1.57,-8.00,-7.00,1.57,-8.00,-7.00,1.37,4.54,1.57,13.02,13.07,0.00,0.00,0.00,0.20,0.20,0,0
[10:58:04.131][I][csv:715]: 1692278,AGG,8.26,7.39,1.34,-8.00,-7.00,1.34,-8.00,-7.00,1.34,-8.00,-7.00,1.14,4.55,1.34,12.79,12.84,0.00,0.00,0.00,0.20,0.20,0,0
[10:58:04.240][S][sensor]: 'TWC Vitals Current L3' >> 0.20 A
[10:58:04.241][S][sensor]: 'Shelly Time Since Last OK' >> 88 ms
[10:58:04.359][S][sensor]: 'Shelly Active Power L3' >> 297 W
[10:58:04.483][S][sensor]: 'Shelly Real Current L1' >> 8.26 A
[10:58:04.483][S][sensor]: 'Shelly Active Power L2' >> -1775 W
[10:58:04.644][S][sensor]: 'Shelly Real Current L3' >> 1.34 A
[10:58:04.645][S][sensor]: 'TWC Vitals Vehicle Current' >> 0.20 A
[10:58:04.645][S][sensor]: 'Shelly Real Current L2' >> 7.39 A
[10:58:04.682][I][csv:715]: 1692835,AGG,8.26,7.39,1.34,-8.00,-7.00,1.34,-8.00,-7.00,1.34,-8.00,-7.00,1.14,4.62,1.34,12.72,12.67,0.00,0.00,0.00,0.20,0.20,0,0
[10:58:04.771][S][sensor]: 'TWC Time Since Last Poll' >> 125 ms
[10:58:04.771][S][sensor]: 'TWC Reported Current L1' >> 12.8 A
[10:58:04.891][I][vitals:883]: TWC vitals: A=0.00 B=0.00 C=0.20 vehicle=0.20 contactor=open
[10:58:04.929][S][sensor]: 'TWC Vitals Current L2' >> 0.00 A
[10:58:04.930][S][sensor]: 'TWC Poll Interval' >> 194 ms
[10:58:05.152][I][csv:715]: 1693308,AGG,8.26,7.39,1.34,-8.00,-7.00,1.34,-8.00,-7.00,1.34,-8.00,-7.00,1.14,4.62,1.34,12.72,12.77,0.00,0.00,0.00,0.20,0.20,0,0
[10:58:05.157][I][csv:715]: 1693312,AGG,8.01,7.39,1.34,-8.00,-7.00,1.34,-8.00,-7.00,1.34,-8.00,-7.00,1.14,4.62,1.34,12.72,12.77,0.00,0.00,0.00,0.20,0.20,0,0
[10:58:05.163][I][csv:715]: 1693317,AGG,8.01,7.39,1.34,-8.00,-7.00,1.34,-8.00,-7.00,1.34,-8.00,-7.00,1.14,4.62,1.34,12.72,12.77,0.00,0.00,0.00,0.20,0.20,0,0
[10:58:05.166][I][csv:715]: 1693321,AGG,8.01,7.13,1.34,-8.00,-7.00,1.34,-8.00,-7.00,1.34,-8.00,-7.00,1.14,4.62,1.34,12.72,12.77,0.00,0.00,0.00,0.20,0.20,0,0
[10:58:05.174][I][csv:715]: 1693325,AGG,8.01,7.13,1.34,-8.00,-7.00,1.34,-8.00,-7.00,1.34,-8.00,-7.00,1.14,4.62,1.34,12.72,12.77,0.00,0.00,0.00,0.20,0.20,0,0
[10:58:05.186][I][csv:715]: 1693331,AGG,8.01,7.13,1.56,-8.00,-7.00,1.56,-8.00,-7.00,1.56,-8.00,-7.00,1.36,4.61,1.56,12.95,13.00,0.00,0.00,0.00,0.20,0.20,0,0
[10:58:05.680][I][csv:715]: 1693835,AGG,8.01,7.13,1.56,-8.00,-7.00,1.56,-8.00,-7.00,1.56,-8.00,-7.00,1.36,4.55,1.56,13.02,12.97,0.00,0.00,0.00,0.20,0.20,0,0
[10:58:06.083][I][csv:715]: 1694226,AGG,8.01,7.13,1.56,-8.00,-7.00,1.56,-8.00,-7.00,1.56,-8.00,-7.00,1.36,4.55,1.56,13.02,13.07,0.00,0.00,0.00,0.20,0.20,0,0
[10:58:06.099][I][csv:715]: 1694230,AGG,7.52,7.13,1.56,-7.00,-7.00,1.56,-7.00,-7.00,1.56,-7.00,-7.00,1.36,4.54,1.56,13.02,13.07,0.00,0.00,0.00,0.20,0.20,0,0
[10:58:06.100][I][csv:715]: 1694233,AGG,7.52,7.13,1.56,-7.00,-7.00,1.56,-7.00,-7.00,1.56,-7.00,-7.00,1.36,4.54,1.56,13.03,13.08,0.00,0.00,0.00,0.20,0.20,0,0
[10:58:06.100][I][csv:715]: 1694243,AGG,7.52,6.59,1.56,-7.00,-6.00,1.56,-7.00,-6.00,1.56,-7.00,-6.00,1.36,4.53,1.56,13.04,13.09,0.00,0.00,0.00,0.20,0.20,0,0
[10:58:06.100][S][sensor]: 'Shelly Active Power L1' >> -1865 W
[10:58:06.100][S][sensor]: 'TWC Vitals Current L1' >> 0.00 A
[10:58:06.105][I][csv:715]: 1694252,AGG,7.52,6.59,1.56,-7.00,-6.00,1.56,-7.00,-6.00,1.56,-7.00,-6.00,1.36,4.52,1.56,13.04,13.09,0.00,0.00,0.00,0.20,0.20,0,0
[10:58:06.114][I][csv:715]: 1694269,AGG,7.52,6.59,2.03,-7.00,-6.00,2.03,-7.00,-6.00,2.03,-7.00,-6.00,1.83,4.50,2.03,13.53,13.58,0.00,0.00,0.00,0.20,0.20,0,0
[10:58:06.240][S][sensor]: 'TWC Vitals Current L3' >> 0.20 A
[10:58:06.240][S][sensor]: 'Shelly Time Since Last OK' >> 97 ms
[10:58:06.362][S][sensor]: 'Shelly Active Power L3' >> 480 W
[10:58:06.480][S][sensor]: 'Shelly Real Current L1' >> 7.52 A
[10:58:06.481][S][sensor]: 'Shelly Active Power L2' >> -1564 W
[10:58:06.646][S][sensor]: 'Shelly Real Current L3' >> 2.03 A
[10:58:06.646][S][sensor]: 'TWC Vitals Vehicle Current' >> 0.20 A
[10:58:06.646][S][sensor]: 'Shelly Real Current L2' >> 6.59 A
[10:58:06.681][I][csv:715]: 1694835,AGG,7.52,6.59,2.03,-7.00,-6.00,2.03,-7.00,-6.00,2.03,-7.00,-6.00,1.83,3.94,2.03,14.10,14.05,0.00,0.00,0.00,0.20,0.20,0,0
[10:58:06.784][S][sensor]: 'TWC Time Since Last Poll' >> 183 ms
[10:58:07.142][I][vitals:883]: TWC vitals: A=0.00 B=0.00 C=0.20 vehicle=0.20 contactor=open
[10:58:07.151][I][csv:715]: 1695306,AGG,7.52,6.59,2.03,-7.00,-6.00,2.03,-7.00,-6.00,2.03,-7.00,-6.00,1.83,3.72,2.03,14.31,14.36,0.00,0.00,0.00,0.20,0.20,0,0
[10:58:07.158][I][csv:715]: 1695311,AGG,6.40,6.59,2.03,-6.00,-6.00,2.03,-6.00,-6.00,2.03,-6.00,-6.00,1.83,3.72,2.03,14.32,14.37,0.00,0.00,0.00,0.20,0.20,0,0
[10:58:07.161][I][csv:715]: 1695314,AGG,6.40,6.59,2.03,-6.00,-6.00,2.03,-6.00,-6.00,2.03,-6.00,-6.00,1.83,3.71,2.03,14.32,14.37,0.00,0.00,0.00,0.20,0.20,0,0
[10:58:07.166][I][csv:715]: 1695322,AGG,6.40,5.55,2.03,-6.00,-5.00,2.03,-6.00,-5.00,2.03,-6.00,-5.00,1.83,3.71,2.03,14.33,14.38,0.00,0.00,0.00,0.20,0.20,0,0
[10:58:07.172][I][csv:715]: 1695327,AGG,6.40,5.55,2.03,-6.00,-5.00,2.03,-6.00,-5.00,2.03,-6.00,-5.00,1.83,3.70,2.03,14.33,14.38,0.00,0.00,0.00,0.20,0.20,0,0
[10:58:07.179][I][csv:715]: 1695331,AGG,6.40,5.55,3.17,-6.00,-5.00,3.17,-6.00,-5.00,3.17,-6.00,-5.00,2.97,3.70,3.17,15.47,15.52,0.00,0.00,0.00,0.20,0.20,0,0
[10:58:07.181][S][sensor]: 'TWC Vitals Current L2' >> 0.00 A
[10:58:07.181][S][sensor]: 'TWC Poll Interval' >> 199 ms
[10:58:07.208][E][modbus:456]: Attempted to send while transmission blocked
[10:58:07.684][I][csv:715]: 1695835,AGG,6.40,5.55,3.17,-6.00,-5.00,3.17,-6.00,-5.00,3.17,-6.00,-5.00,2.97,3.19,3.17,15.98,15.93,0.00,0.00,0.00,0.20,0.20,0,0
[10:58:08.095][S][sensor]: 'Shelly Active Power L1' >> -1464 W
[10:58:08.095][S][sensor]: 'TWC Vitals Current L1' >> 0.00 A
[10:58:08.102][I][csv:715]: 1696256,AGG,6.40,5.55,3.17,-6.00,-5.00,3.17,-6.00,-5.00,3.17,-6.00,-5.00,2.97,2.77,3.17,16.40,16.35,0.00,0.00,0.00,0.20,0.20,0,0
[10:58:08.109][I][csv:715]: 1696262,AGG,5.01,5.55,3.17,-5.00,-5.00,3.17,-5.00,-5.00,3.17,-5.00,-5.00,2.97,2.77,3.17,16.41,16.35,0.00,0.00,0.00,0.20,0.20,0,0
[10:58:08.115][I][csv:715]: 1696267,AGG,5.01,5.55,3.17,-5.00,-5.00,3.17,-5.00,-5.00,3.17,-5.00,-5.00,2.97,2.76,3.17,16.41,16.36,0.00,0.00,0.00,0.20,0.20,0,0
[10:58:08.118][I][csv:715]: 1696273,AGG,5.01,4.11,3.17,-5.00,-4.00,3.17,-5.00,-4.00,3.17,-5.00,-4.00,2.97,2.75,3.17,16.42,16.36,0.00,0.00,0.00,0.20,0.20,0,0
[10:58:08.124][I][csv:715]: 1696277,AGG,5.01,4.11,3.17,-5.00,-4.00,3.17,-5.00,-4.00,3.17,-5.00,-4.00,2.97,2.75,3.17,16.42,16.36,0.00,0.00,0.00,0.20,0.20,0,0
[10:58:08.129][I][csv:715]: 1696284,AGG,5.01,4.11,4.44,-5.00,-4.00,4.44,-5.00,-4.00,4.44,-5.00,-4.00,4.24,2.74,4.44,17.70,17.25,0.00,0.00,0.00,0.20,0.20,0,0
[10:58:08.239][S][sensor]: 'TWC Vitals Current L3' >> 0.20 A
[10:58:08.239][S][sensor]: 'Shelly Time Since Last OK' >> 82 ms
[10:58:08.350][S][sensor]: 'Shelly Active Power L3' >> 1045 W
[10:58:08.479][S][sensor]: 'Shelly Real Current L1' >> 5.01 A
[10:58:08.480][S][sensor]: 'Shelly Active Power L2' >> -975 W
[10:58:08.480][S][sensor]: 'TWC Reported Current L2' >> 17.2 A
[10:58:08.645][S][sensor]: 'Shelly Real Current L3' >> 4.44 A
[10:58:08.645][S][sensor]: 'TWC Vitals Vehicle Current' >> 0.20 A
[10:58:08.646][S][sensor]: 'Shelly Real Current L2' >> 4.11 A
[10:58:08.679][I][csv:715]: 1696835,AGG,5.01,4.11,4.44,-5.00,-4.00,4.44,-5.00,-4.00,4.44,-5.00,-4.00,4.24,2.19,4.44,18.25,17.15,0.00,0.00,0.00,0.20,0.20,0,0
[10:58:08.770][S][sensor]: 'TWC Time Since Last Poll' >> 140 ms
[10:58:08.891][I][vitals:883]: TWC vitals: A=0.00 B=0.00 C=0.20 vehicle=0.20 contactor=open
[10:58:08.915][S][sensor]: 'TWC Reported Current L3' >> 17.2 A
[10:58:08.915][S][sensor]: 'TWC Vitals Current L2' >> 0.00 A
[10:58:08.915][S][sensor]: 'TWC Poll Interval' >> 194 ms
[10:58:09.143][I][csv:715]: 1697299,AGG,5.01,4.11,4.44,-5.00,-4.00,4.44,-5.00,-4.00,4.44,-5.00,-4.00,4.24,1.73,4.44,18.71,17.25,0.00,0.00,0.00,0.20,0.20,0,0
[10:58:09.151][I][csv:715]: 1697303,AGG,4.51,4.11,4.44,-4.00,-4.00,4.44,-4.00,-4.00,4.44,-4.00,-4.00,4.24,1.72,4.44,18.72,17.25,0.00,0.00,0.00,0.20,0.20,0,0
[10:58:09.158][I][csv:715]: 1697306,AGG,4.51,4.11,4.44,-4.00,-4.00,4.44,-4.00,-4.00,4.44,-4.00,-4.00,4.24,1.72,4.44,18.72,17.25,0.00,0.00,0.00,0.20,0.20,0,0
[10:58:09.158][I][csv:715]: 1697311,AGG,4.51,3.59,4.44,-4.00,-3.00,4.44,-4.00,-3.00,4.44,-4.00,-3.00,4.24,1.72,4.44,18.72,17.25,0.00,0.00,0.00,0.20,0.20,0,0
[10:58:09.163][I][csv:715]: 1697315,AGG,4.51,3.59,4.44,-4.00,-3.00,4.44,-4.00,-3.00,4.44,-4.00,-3.00,4.24,1.71,4.44,18.73,17.25,0.00,0.00,0.00,0.20,0.20,0,0
[10:58:09.164][I][csv:715]: 1697318,AGG,4.51,3.59,4.95,-4.00,-3.00,4.95,-4.00,-3.00,4.95,-4.00,-3.00,4.76,1.71,4.95,19.24,17.25,0.00,0.00,0.00,0.20,0.20,0,0
[10:58:09.680][I][csv:715]: 1697835,AGG,4.51,3.59,4.95,-4.00,-3.00,4.95,-4.00,-3.00,4.95,-4.00,-3.00,4.76,1.19,4.95,19.76,17.15,0.00,0.00,0.00,0.20,0.20,0,0
[10:58:09.786][S][sensor]: 'TWC Reported Current L1' >> 17.2 A
[10:58:10.098][S][sensor]: 'Shelly Active Power L1' >> -1036 W
[10:58:10.098][S][sensor]: 'TWC Vitals Current L1' >> 0.00 A
[10:58:10.109][I][csv:715]: 1698259,AGG,4.51,3.59,4.95,-4.00,-3.00,4.95,-4.00,-3.00,4.95,-4.00,-3.00,4.76,0.77,4.95,20.19,17.25,0.00,0.00,0.00,0.20,0.20,0,0
[10:58:10.110][I][csv:715]: 1698262,AGG,4.63,3.59,4.95,-4.00,-3.00,4.95,-4.00,-3.00,4.95,-4.00,-3.00,4.76,0.77,4.95,20.19,17.25,0.00,0.00,0.00,0.20,0.20,0,0
[10:58:10.114][I][csv:715]: 1698265,AGG,4.63,3.59,4.95,-4.00,-3.00,4.95,-4.00,-3.00,4.95,-4.00,-3.00,4.76,0.76,4.95,20.19,17.25,0.00,0.00,0.00,0.20,0.20,0,0
[10:58:10.115][I][csv:715]: 1698270,AGG,4.63,3.72,4.95,-4.00,-3.00,4.95,-4.00,-3.00,4.95,-4.00,-3.00,4.76,0.76,4.95,20.20,17.25,0.00,0.00,0.00,0.20,0.20,0,0
[10:58:10.122][I][csv:715]: 1698276,AGG,4.63,3.72,4.95,-4.00,-3.00,4.95,-4.00,-3.00,4.95,-4.00,-3.00,4.76,0.75,4.95,20.20,17.25,0.00,0.00,0.00,0.20,0.20,0,0
[10:58:10.138][I][csv:715]: 1698293,AGG,4.63,3.72,4.81,-4.00,-3.00,4.81,-4.00,-3.00,4.81,-4.00,-3.00,4.61,0.77,4.81,20.04,17.25,0.00,0.00,0.00,0.20,0.20,0,0
[10:58:10.241][S][sensor]: 'TWC Vitals Current L3' >> 0.20 A
[10:58:10.241][S][sensor]: 'Shelly Time Since Last OK' >> 73 ms
[10:58:10.356][S][sensor]: 'Shelly Active Power L3' >> 1106 W
[10:58:10.494][S][sensor]: 'Shelly Real Current L1' >> 4.63 A
[10:58:10.494][S][sensor]: 'Shelly Active Power L2' >> -881 W
[10:58:10.639][S][sensor]: 'Shelly Real Current L3' >> 4.81 A
[10:58:10.639][S][sensor]: 'TWC Vitals Vehicle Current' >> 0.20 A
[10:58:10.639][S][sensor]: 'Shelly Real Current L2' >> 3.72 A
[10:58:10.679][I][csv:715]: 1698835,AGG,4.63,3.72,4.81,-4.00,-3.00,4.81,-4.00,-3.00,4.81,-4.00,-3.00,4.61,0.80,4.81,20.01,17.15,0.00,0.00,0.00,0.20,0.20,0,0
[10:58:10.776][S][sensor]: 'TWC Time Since Last Poll' >> 195 ms
[10:58:10.895][I][vitals:883]: TWC vitals: A=0.00 B=0.00 C=0.20 vehicle=0.20 contactor=open
[10:58:10.919][S][sensor]: 'TWC Vitals Current L2' >> 0.00 A
[10:58:10.919][S][sensor]: 'TWC Poll Interval' >> 197 ms
[10:58:11.191][I][csv:715]: 1699347,AGG,4.63,3.72,4.81,-4.00,-3.00,4.81,-4.00,-3.00,4.81,-4.00,-3.00,4.61,0.80,4.81,20.01,17.25,0.00,0.00,0.00,0.20,0.20,0,0
[10:58:11.198][I][csv:715]: 1699351,AGG,5.16,3.72,4.81,-5.00,-3.00,4.81,-5.00,-3.00,4.81,-5.00,-3.00,4.61,0.80,4.81,20.01,17.25,0.00,0.00,0.00,0.20,0.20,0,0
[10:58:11.202][I][csv:715]: 1699356,AGG,5.16,3.72,4.81,-5.00,-3.00,4.81,-5.00,-3.00,4.81,-5.00,-3.00,4.61,0.81,4.81,20.00,17.25,0.00,0.00,0.00,0.20,0.20,0,0
[10:58:11.205][I][csv:715]: 1699359,AGG,5.16,4.25,4.81,-5.00,-4.00,4.81,-5.00,-4.00,4.81,-5.00,-4.00,4.61,0.81,4.81,20.00,17.25,0.00,0.00,0.00,0.20,0.20,0,0
[10:58:11.214][I][csv:715]: 1699366,AGG,5.16,4.25,4.81,-5.00,-4.00,4.81,-5.00,-4.00,4.81,-5.00,-4.00,4.61,0.82,4.81,19.99,17.25,0.00,0.00,0.00,0.20,0.20,0,0
[10:58:11.218][I][csv:715]: 1699370,AGG,5.16,4.25,3.54,-5.00,-4.00,3.54,-5.00,-4.00,3.54,-5.00,-4.00,3.34,0.82,3.54,18.72,17.25,0.00,0.00,0.00,0.20,0.20,0,0
[10:58:11.680][I][csv:715]: 1699835,AGG,5.16,4.25,3.54,-5.00,-4.00,3.54,-5.00,-4.00,3.54,-5.00,-4.00,3.34,1.28,3.54,18.25,17.15,0.00,0.00,0.00,0.20,0.20,0,0
[10:58:12.104][S][sensor]: 'Shelly Active Power L1' >> -1202 W
[10:58:12.105][S][sensor]: 'TWC Vitals Current L1' >> 0.00 A
[10:58:12.113][I][csv:715]: 1700266,AGG,5.16,4.25,3.54,-5.00,-4.00,3.54,-5.00,-4.00,3.54,-5.00,-4.00,3.34,1.72,3.54,17.82,17.25,0.00,0.00,0.00,0.20,0.20,0,0
[10:58:12.117][I][csv:715]: 1700271,AGG,5.96,4.25,3.54,-5.00,-4.00,3.54,-5.00,-4.00,3.54,-5.00,-4.00,3.34,1.72,3.54,17.82,17.25,0.00,0.00,0.00,0.20,0.20,0,0
[10:58:12.124][I][csv:715]: 1700274,AGG,5.96,4.25,3.54,-5.00,-4.00,3.54,-5.00,-4.00,3.54,-5.00,-4.00,3.34,1.72,3.54,17.81,17.25,0.00,0.00,0.00,0.20,0.20,0,0
[10:58:12.127][I][csv:715]: 1700282,AGG,5.96,5.01,3.54,-5.00,-5.00,3.54,-5.00,-5.00,3.54,-5.00,-5.00,3.34,1.73,3.54,17.81,17.25,0.00,0.00,0.00,0.20,0.20,0,0
[10:58:12.133][I][csv:715]: 1700288,AGG,5.96,5.01,3.54,-5.00,-5.00,3.54,-5.00,-5.00,3.54,-5.00,-5.00,3.34,1.74,3.54,17.80,17.25,0.00,0.00,0.00,0.20,0.20,0,0
[10:58:12.180][I][csv:715]: 1700336,AGG,5.96,5.01,2.94,-5.00,-5.00,2.94,-5.00,-5.00,2.94,-5.00,-5.00,2.74,1.79,2.94,17.16,16.92,0.00,0.00,0.00,0.20,0.20,0,0
[10:58:12.244][S][sensor]: 'TWC Vitals Current L3' >> 0.20 A
[10:58:12.244][S][sensor]: 'Shelly Time Since Last OK' >> 30 ms
[10:58:12.355][S][sensor]: 'Shelly Active Power L3' >> 811 W
[10:58:12.487][S][sensor]: 'Shelly Real Current L1' >> 5.96 A
[10:58:12.487][S][sensor]: 'Shelly Active Power L2' >> -1210 W
[10:58:12.637][S][sensor]: 'Shelly Real Current L3' >> 2.94 A
[10:58:12.637][S][sensor]: 'TWC Vitals Vehicle Current' >> 0.20 A
[10:58:12.637][S][sensor]: 'Shelly Real Current L2' >> 5.01 A
[10:58:12.680][I][csv:715]: 1700835,AGG,5.96,5.01,2.94,-5.00,-5.00,2.94,-5.00,-5.00,2.94,-5.00,-5.00,2.74,2.28,2.94,16.66,16.45,0.00,0.00,0.00,0.20,0.20,0,0
[10:58:12.779][S][sensor]: 'TWC Time Since Last Poll' >> 147 ms
[10:58:12.895][I][vitals:883]: TWC vitals: A=0.00 B=0.00 C=0.20 vehicle=0.20 contactor=open
[10:58:12.924][S][sensor]: 'TWC Poll Interval' >> 191 ms
[10:58:12.924][S][sensor]: 'TWC Vitals Current L2' >> 0.00 A
[10:58:13.137][I][csv:715]: 1701293,AGG,5.96,5.01,2.94,-5.00,-5.00,2.94,-5.00,-5.00,2.94,-5.00,-5.00,2.74,2.42,2.94,16.53,16.44,0.00,0.00,0.00,0.20,0.20,0,0
[10:58:13.142][I][csv:715]: 1701297,AGG,6.57,5.01,2.94,-6.00,-5.00,2.94,-6.00,-5.00,2.94,-6.00,-5.00,2.74,2.42,2.94,16.52,16.44,0.00,0.00,0.00,0.20,0.20,0,0
[10:58:13.148][I][csv:715]: 1701302,AGG,6.57,5.01,2.94,-6.00,-5.00,2.94,-6.00,-5.00,2.94,-6.00,-5.00,2.74,2.43,2.94,16.52,16.44,0.00,0.00,0.00,0.20,0.20,0,0
[10:58:13.153][I][csv:715]: 1701306,AGG,6.57,5.66,2.94,-6.00,-5.00,2.94,-6.00,-5.00,2.94,-6.00,-5.00,2.74,2.43,2.94,16.51,16.44,0.00,0.00,0.00,0.20,0.20,0,0
[10:58:13.160][I][csv:715]: 1701310,AGG,6.57,5.66,2.94,-6.00,-5.00,2.94,-6.00,-5.00,2.94,-6.00,-5.00,2.74,2.44,2.94,16.51,16.43,0.00,0.00,0.00,0.20,0.20,0,0
[10:58:13.182][I][csv:715]: 1701338,AGG,6.57,5.66,2.43,-6.00,-5.00,2.43,-6.00,-5.00,2.43,-6.00,-5.00,2.23,2.46,2.43,15.96,16.01,0.00,0.00,0.00,0.20,0.20,0,0
[10:58:13.518][S][sensor]: 'TWC Reported Current L2' >> 16.0 A
[10:58:13.682][I][csv:715]: 1701835,AGG,6.57,5.66,2.43,-6.00,-5.00,2.43,-6.00,-5.00,2.43,-6.00,-5.00,2.23,2.92,2.43,15.50,15.45,0.00,0.00,0.00,0.20,0.20,0,0
[10:58:13.909][S][sensor]: 'TWC Reported Current L3' >> 15.5 A
[10:58:14.101][S][sensor]: 'Shelly Active Power L1' >> -1530 W
[10:58:14.101][S][sensor]: 'TWC Vitals Current L1' >> 0.00 A
[10:58:14.108][I][csv:715]: 1702264,AGG,6.57,5.66,2.43,-6.00,-5.00,2.43,-6.00,-5.00,2.43,-6.00,-5.00,2.23,2.92,2.43,15.50,15.55,0.00,0.00,0.00,0.20,0.20,0,0
[10:58:14.117][I][csv:715]: 1702272,AGG,7.12,5.66,2.43,-7.00,-5.00,2.43,-7.00,-5.00,2.43,-7.00,-5.00,2.23,2.93,2.43,15.49,15.54,0.00,0.00,0.00,0.20,0.20,0,0
[10:58:14.123][I][csv:715]: 1702278,AGG,7.12,5.66,2.43,-7.00,-5.00,2.43,-7.00,-5.00,2.43,-7.00,-5.00,2.23,2.94,2.43,15.49,15.54,0.00,0.00,0.00,0.20,0.20,0,0
[10:58:14.134][I][csv:715]: 1702287,AGG,7.12,6.19,2.43,-7.00,-6.00,2.43,-7.00,-6.00,2.43,-7.00,-6.00,2.23,2.95,2.43,15.48,15.53,0.00,0.00,0.00,0.20,0.20,0,0
[10:58:14.174][I][csv:715]: 1702326,AGG,7.12,6.19,2.43,-7.00,-6.00,2.43,-7.00,-6.00,2.43,-7.00,-6.00,2.23,2.99,2.43,15.44,15.49,0.00,0.00,0.00,0.20,0.20,0,0
[10:58:14.188][I][csv:715]: 1702344,AGG,7.12,6.19,2.00,-7.00,-6.00,2.00,-7.00,-6.00,2.00,-7.00,-6.00,1.80,3.00,2.00,15.00,15.05,0.00,0.00,0.00,0.20,0.20,0,0
[10:58:14.248][S][sensor]: 'TWC Vitals Current L3' >> 0.20 A
[10:58:14.250][S][sensor]: 'Shelly Time Since Last OK' >> 22 ms
[10:58:14.359][S][sensor]: 'Shelly Active Power L3' >> 547 W
[10:58:14.483][S][sensor]: 'Shelly Real Current L1' >> 7.12 A
[10:58:14.483][S][sensor]: 'Shelly Active Power L2' >> -1594 W
[10:58:14.646][S][sensor]: 'Shelly Real Current L3' >> 2.00 A
[10:58:14.646][S][sensor]: 'TWC Vitals Vehicle Current' >> 0.20 A
[10:58:14.646][S][sensor]: 'Shelly Real Current L2' >> 6.19 A
[10:58:14.679][I][csv:715]: 1702835,AGG,7.12,6.19,2.00,-7.00,-6.00,2.00,-7.00,-6.00,2.00,-7.00,-6.00,1.80,3.50,2.00,14.51,14.46,0.00,0.00,0.00,0.20,0.20,0,0
[10:58:14.778][S][sensor]: 'TWC Time Since Last Poll' >> 20 ms
[10:58:14.778][S][sensor]: 'TWC Reported Current L1' >> 15.0 A
[10:58:14.896][I][vitals:883]: TWC vitals: A=0.00 B=0.00 C=0.20 vehicle=0.20 contactor=open
[10:58:14.917][S][sensor]: 'TWC Poll Interval' >> 183 ms
[10:58:14.917][S][sensor]: 'TWC Vitals Current L2' >> 0.00 A
[10:58:15.184][I][csv:715]: 1703340,AGG,7.12,6.19,2.00,-7.00,-6.00,2.00,-7.00,-6.00,2.00,-7.00,-6.00,1.80,3.73,2.00,14.27,14.32,0.00,0.00,0.00,0.20,0.20,0,0
[10:58:15.199][I][csv:715]: 1703344,AGG,7.58,6.19,2.00,-7.00,-6.00,2.00,-7.00,-6.00,2.00,-7.00,-6.00,1.80,3.73,2.00,14.27,14.32,0.00,0.00,0.00,0.20,0.20,0,0
[10:58:15.199][I][csv:715]: 1703347,AGG,7.58,6.19,2.00,-7.00,-6.00,2.00,-7.00,-6.00,2.00,-7.00,-6.00,1.80,3.73,2.00,14.27,14.32,0.00,0.00,0.00,0.20,0.20,0,0
[10:58:15.199][I][csv:715]: 1703350,AGG,7.58,6.97,2.00,-7.00,-6.00,2.00,-7.00,-6.00,2.00,-7.00,-6.00,1.80,3.73,2.00,14.27,14.32,0.00,0.00,0.00,0.20,0.20,0,0
[10:58:15.223][I][csv:715]: 1703378,AGG,7.58,6.97,2.00,-7.00,-6.00,2.00,-7.00,-6.00,2.00,-7.00,-6.00,1.80,3.73,2.00,14.27,14.32,0.00,0.00,0.00,0.20,0.20,0,0
[10:58:15.229][I][csv:715]: 1703382,AGG,7.58,6.97,1.70,-7.00,-6.00,1.70,-7.00,-6.00,1.70,-7.00,-6.00,1.50,3.74,1.70,13.96,14.01,0.00,0.00,0.00,0.20,0.20,0,0
[10:58:15.680][I][csv:715]: 1703835,AGG,7.58,6.97,1.70,-7.00,-6.00,1.70,-7.00,-6.00,1.70,-7.00,-6.00,1.50,3.83,1.70,13.87,13.82,0.00,0.00,0.00,0.20,0.20,0,0
[10:58:16.102][S][sensor]: 'Shelly Active Power L1' >> -1843 W
[10:58:16.103][S][sensor]: 'TWC Vitals Current L1' >> 0.00 A
[10:58:16.127][I][csv:715]: 1704282,AGG,7.58,6.97,1.70,-7.00,-6.00,1.70,-7.00,-6.00,1.70,-7.00,-6.00,1.50,3.83,1.70,13.87,13.92,0.00,0.00,0.00,0.20,0.20,0,0
[10:58:16.133][I][csv:715]: 1704287,AGG,7.89,6.97,1.70,-7.00,-6.00,1.70,-7.00,-6.00,1.70,-7.00,-6.00,1.50,3.83,1.70,13.87,13.92,0.00,0.00,0.00,0.20,0.20,0,0
[10:58:16.185][I][csv:715]: 1704339,AGG,7.89,6.97,1.70,-7.00,-6.00,1.70,-7.00,-6.00,1.70,-7.00,-6.00,1.50,3.83,1.70,13.87,13.92,0.00,0.00,0.00,0.20,0.20,0,0
[10:58:16.188][I][csv:715]: 1704344,AGG,7.89,7.27,1.70,-7.00,-7.00,1.70,-7.00,-7.00,1.70,-7.00,-7.00,1.50,3.84,1.70,13.86,13.91,0.00,0.00,0.00,0.20,0.20,0,0
[10:58:16.212][I][csv:715]: 1704363,AGG,7.89,7.27,1.70,-7.00,-7.00,1.70,-7.00,-7.00,1.70,-7.00,-7.00,1.50,3.86,1.70,13.84,13.89,0.00,0.00,0.00,0.20,0.20,0,0
[10:58:16.218][I][csv:715]: 1704367,AGG,7.89,7.27,1.50,-7.00,-7.00,1.50,-7.00,-7.00,1.50,-7.00,-7.00,1.30,3.86,1.50,13.64,13.69,0.00,0.00,0.00,0.20,0.20,0,0
[10:58:16.246][S][sensor]: 'TWC Vitals Current L3' >> 0.20 A
[10:58:16.247][S][sensor]: 'Shelly Time Since Last OK' >> 2 ms
[10:58:16.360][S][sensor]: 'Shelly Active Power L3' >> 378 W
[10:58:16.487][S][sensor]: 'Shelly Real Current L1' >> 7.89 A
[10:58:16.488][S][sensor]: 'Shelly Active Power L2' >> -1741 W
[10:58:16.633][S][sensor]: 'Shelly Real Current L3' >> 1.50 A
[10:58:16.634][S][sensor]: 'TWC Vitals Vehicle Current' >> 0.20 A
[10:58:16.634][S][sensor]: 'Shelly Real Current L2' >> 7.27 A
[10:58:16.681][I][csv:715]: 1704836,AGG,7.89,7.27,1.50,-7.00,-7.00,1.50,-7.00,-7.00,1.50,-7.00,-7.00,1.30,4.23,1.50,13.27,13.22,0.00,0.00,0.00,0.20,0.20,0,0
[10:58:16.780][S][sensor]: 'TWC Time Since Last Poll' >> 85 ms
[10:58:16.894][I][vitals:883]: TWC vitals: A=0.00 B=0.00 C=0.20 vehicle=0.20 contactor=open
[10:58:16.923][S][sensor]: 'TWC Poll Interval' >> 194 ms
[10:58:16.923][S][sensor]: 'TWC Vitals Current L2' >> 0.00 A
[10:58:17.233][I][csv:715]: 1705389,AGG,7.89,7.27,1.50,-7.00,-7.00,1.50,-7.00,-7.00,1.50,-7.00,-7.00,1.30,4.23,1.50,13.27,13.32,0.00,0.00,0.00,0.20,0.20,0,0
[10:58:17.238][I][csv:715]: 1705393,AGG,8.22,7.27,1.50,-8.00,-7.00,1.50,-8.00,-7.00,1.50,-8.00,-7.00,1.30,4.24,1.50,13.27,13.32,0.00,0.00,0.00,0.20,0.20,0,0
[10:58:17.242][I][csv:715]: 1705398,AGG,8.22,7.27,1.50,-8.00,-7.00,1.50,-8.00,-7.00,1.50,-8.00,-7.00,1.30,4.24,1.50,13.26,13.31,0.00,0.00,0.00,0.20,0.20,0,0
[10:58:17.251][I][csv:715]: 1705402,AGG,8.22,7.29,1.50,-8.00,-7.00,1.50,-8.00,-7.00,1.50,-8.00,-7.00,1.30,4.24,1.50,13.26,13.31,0.00,0.00,0.00,0.20,0.20,0,0
[10:58:17.257][I][csv:715]: 1705407,AGG,8.22,7.29,1.50,-8.00,-7.00,1.50,-8.00,-7.00,1.50,-8.00,-7.00,1.30,4.25,1.50,13.26,13.31,0.00,0.00,0.00,0.20,0.20,0,0
[10:58:17.257][I][csv:715]: 1705410,AGG,8.22,7.29,1.42,-8.00,-7.00,1.42,-8.00,-7.00,1.42,-8.00,-7.00,1.22,4.25,1.42,13.17,13.22,0.00,0.00,0.00,0.20,0.20,0,0
[10:58:17.681][I][csv:715]: 1705836,AGG,8.22,7.29,1.42,-8.00,-7.00,1.42,-8.00,-7.00,1.42,-8.00,-7.00,1.22,4.59,1.42,12.83,12.78,0.00,0.00,0.00,0.20,0.20,0,0
[10:58:18.099][S][sensor]: 'Shelly Active Power L1' >> -1918 W
[10:58:18.100][S][sensor]: 'TWC Vitals Current L1' >> 0.00 A
[10:58:18.247][S][sensor]: 'TWC Vitals Current L3' >> 0.20 A
[10:58:18.248][S][sensor]: 'Shelly Time Since Last OK' >> 959 ms
[10:58:18.257][I][csv:715]: 1706413,AGG,8.22,7.29,1.42,-8.00,-7.00,1.42,-8.00,-7.00,1.42,-8.00,-7.00,1.22,4.59,1.42,12.83,12.88,0.00,0.00,0.00,0.20,0.20,0,0
[10:58:18.262][I][csv:715]: 1706416,AGG,8.19,7.29,1.42,-8.00,-7.00,1.42,-8.00,-7.00,1.42,-8.00,-7.00,1.22,4.59,1.42,12.83,12.88,0.00,0.00,0.00,0.20,0.20,0,0
[10:58:18.267][I][csv:715]: 1706421,AGG,8.19,7.29,1.42,-8.00,-7.00,1.42,-8.00,-7.00,1.42,-8.00,-7.00,1.22,4.59,1.42,12.83,12.88,0.00,0.00,0.00,0.20,0.20,0,0
[10:58:18.271][I][csv:715]: 1706426,AGG,8.19,7.32,1.42,-8.00,-7.00,1.42,-8.00,-7.00,1.42,-8.00,-7.00,1.22,4.59,1.42,12.83,12.88,0.00,0.00,0.00,0.20,0.20,0,0
[10:58:18.275][I][csv:715]: 1706430,AGG,8.19,7.32,1.42,-8.00,-7.00,1.42,-8.00,-7.00,1.42,-8.00,-7.00,1.22,4.59,1.42,12.83,12.88,0.00,0.00,0.00,0.20,0.20,0,0
[10:58:18.280][I][csv:715]: 1706435,AGG,8.19,7.32,1.46,-8.00,-7.00,1.46,-8.00,-7.00,1.46,-8.00,-7.00,1.26,4.59,1.46,12.87,12.92,0.00,0.00,0.00,0.20,0.20,0,0
[10:58:18.359][S][sensor]: 'Shelly Active Power L3' >> 336 W
[10:58:18.492][S][sensor]: 'Shelly Real Current L1' >> 8.19 A
[10:58:18.492][S][sensor]: 'Shelly Active Power L2' >> -1749 W
[10:58:18.492][S][sensor]: 'TWC Reported Current L2' >> 12.9 A
[10:58:18.639][S][sensor]: 'Shelly Real Current L3' >> 1.46 A
[10:58:18.640][S][sensor]: 'TWC Vitals Vehicle Current' >> 0.20 A
[10:58:18.640][S][sensor]: 'Shelly Real Current L2' >> 7.32 A
[10:58:18.680][I][csv:715]: 1706836,AGG,8.19,7.32,1.46,-8.00,-7.00,1.46,-8.00,-7.00,1.46,-8.00,-7.00,1.26,4.58,1.46,12.87,12.82,0.00,0.00,0.00,0.20,0.20,0,0
[10:58:18.777][S][sensor]: 'TWC Time Since Last Poll' >> 150 ms
[10:58:18.897][I][vitals:883]: TWC vitals: A=0.00 B=0.00 C=0.20 vehicle=0.20 contactor=open
[10:58:18.908][S][sensor]: 'TWC Reported Current L3' >> 12.8 A
[10:58:18.908][S][sensor]: 'TWC Vitals Current L2' >> 0.00 A
[10:58:18.909][S][sensor]: 'TWC Poll Interval' >> 194 ms
[10:58:19.282][I][csv:715]: 1707437,AGG,8.19,7.32,1.46,-8.00,-7.00,1.46,-8.00,-7.00,1.46,-8.00,-7.00,1.26,4.58,1.46,12.87,12.92,0.00,0.00,0.00,0.20,0.20,0,0
[10:58:19.288][I][csv:715]: 1707442,AGG,8.09,7.32,1.46,-8.00,-7.00,1.46,-8.00,-7.00,1.46,-8.00,-7.00,1.26,4.58,1.46,12.87,12.92,0.00,0.00,0.00,0.20,0.20,0,0
[10:58:19.296][I][csv:715]: 1707445,AGG,8.09,7.32,1.46,-8.00,-7.00,1.46,-8.00,-7.00,1.46,-8.00,-7.00,1.26,4.58,1.46,12.87,12.92,0.00,0.00,0.00,0.20,0.20,0,0
[10:58:19.296][I][csv:715]: 1707450,AGG,8.09,7.15,1.46,-8.00,-7.00,1.46,-8.00,-7.00,1.46,-8.00,-7.00,1.26,4.58,1.46,12.87,12.92,0.00,0.00,0.00,0.20,0.20,0,0
[10:58:19.306][I][csv:715]: 1707455,AGG,8.09,7.15,1.46,-8.00,-7.00,1.46,-8.00,-7.00,1.46,-8.00,-7.00,1.26,4.58,1.46,12.87,12.92,0.00,0.00,0.00,0.20,0.20,0,0
[10:58:19.306][I][csv:715]: 1707458,AGG,8.09,7.15,1.59,-8.00,-7.00,1.59,-8.00,-7.00,1.59,-8.00,-7.00,1.39,4.58,1.59,13.01,13.06,0.00,0.00,0.00,0.20,0.20,0,0
[10:58:19.680][I][csv:715]: 1707836,AGG,8.09,7.15,1.59,-8.00,-7.00,1.59,-8.00,-7.00,1.59,-8.00,-7.00,1.39,4.54,1.59,13.05,13.00,0.00,0.00,0.00,0.20,0.20,0,0
[10:58:19.778][S][sensor]: 'TWC Reported Current L1' >> 13.1 A
[10:58:20.098][S][sensor]: 'Shelly Active Power L1' >> -1879 W
[10:58:20.098][S][sensor]: 'TWC Vitals Current L1' >> 0.00 A
[10:58:20.251][S][sensor]: 'TWC Vitals Current L3' >> 0.20 A
[10:58:20.251][S][sensor]: 'Shelly Time Since Last OK' >> 911 ms
[10:58:20.268][I][csv:715]: 1708414,AGG,8.09,7.15,1.59,-8.00,-7.00,1.59,-8.00,-7.00,1.59,-8.00,-7.00,1.39,4.54,1.59,13.05,13.10,0.00,0.00,0.00,0.20,0.20,0,0
[10:58:20.271][I][csv:715]: 1708417,AGG,8.23,7.15,1.59,-8.00,-7.00,1.59,-8.00,-7.00,1.59,-8.00,-7.00,1.39,4.54,1.59,13.05,13.10,0.00,0.00,0.00,0.20,0.20,0,0
[10:58:20.271][I][csv:715]: 1708423,AGG,8.23,7.15,1.59,-8.00,-7.00,1.59,-8.00,-7.00,1.59,-8.00,-7.00,1.39,4.54,1.59,13.05,13.10,0.00,0.00,0.00,0.20,0.20,0,0
[10:58:20.271][I][csv:715]: 1708425,AGG,8.23,7.28,1.59,-8.00,-7.00,1.59,-8.00,-7.00,1.59,-8.00,-7.00,1.39,4.54,1.59,13.05,13.10,0.00,0.00,0.00,0.20,0.20,0,0
[10:58:20.280][I][csv:715]: 1708429,AGG,8.23,7.28,1.59,-8.00,-7.00,1.59,-8.00,-7.00,1.59,-8.00,-7.00,1.39,4.54,1.59,13.05,13.10,0.00,0.00,0.00,0.20,0.20,0,0
[10:58:20.287][I][csv:715]: 1708433,AGG,8.23,7.28,1.45,-8.00,-7.00,1.45,-8.00,-7.00,1.45,-8.00,-7.00,1.25,4.54,1.45,12.91,12.96,0.00,0.00,0.00,0.20,0.20,0,0
[10:58:20.364][S][sensor]: 'Shelly Active Power L3' >> 361 W
[10:58:20.485][S][sensor]: 'Shelly Real Current L1' >> 8.23 A
[10:58:20.485][S][sensor]: 'Shelly Active Power L2' >> -1750 W
[10:58:20.646][S][sensor]: 'Shelly Real Current L3' >> 1.45 A
[10:58:20.646][S][sensor]: 'TWC Vitals Vehicle Current' >> 0.20 A
[10:58:20.646][S][sensor]: 'Shelly Real Current L2' >> 7.28 A
[10:58:20.681][I][csv:715]: 1708836,AGG,8.23,7.28,1.45,-8.00,-7.00,1.45,-8.00,-7.00,1.45,-8.00,-7.00,1.25,4.58,1.45,12.87,12.82,0.00,0.00,0.00,0.20,0.20,0,0
[10:58:20.778][S][sensor]: 'TWC Time Since Last Poll' >> 7 ms
[10:58:21.165][I][vitals:883]: TWC vitals: A=0.00 B=0.00 C=0.20 vehicle=0.20 contactor=open
[10:58:21.170][S][sensor]: 'TWC Vitals Current L2' >> 0.00 A
[10:58:21.170][S][sensor]: 'TWC Poll Interval' >> 194 ms
[10:58:21.177][E][modbus:456]: Attempted to send while transmission blocked
[10:58:21.195][I][csv:715]: 1709349,AGG,8.23,7.28,1.45,-8.00,-7.00,1.45,-8.00,-7.00,1.45,-8.00,-7.00,1.25,4.58,1.45,12.87,12.92,0.00,0.00,0.00,0.20,0.20,0,0
[10:58:21.203][I][csv:715]: 1709357,AGG,8.45,7.28,1.45,-8.00,-7.00,1.45,-8.00,-7.00,1.45,-8.00,-7.00,1.25,4.58,1.45,12.87,12.92,0.00,0.00,0.00,0.20,0.20,0,0
[10:58:21.231][I][csv:715]: 1709385,AGG,8.45,7.28,1.45,-8.00,-7.00,1.45,-8.00,-7.00,1.45,-8.00,-7.00,1.25,4.58,1.45,12.87,12.92,0.00,0.00,0.00,0.20,0.20,0,0
[10:58:21.244][I][csv:715]: 1709397,AGG,8.45,7.52,1.45,-8.00,-7.00,1.45,-8.00,-7.00,1.45,-8.00,-7.00,1.25,4.58,1.45,12.87,12.92,0.00,0.00,0.00,0.20,0.20,0,0
[10:58:21.260][I][csv:715]: 1709414,AGG,8.45,7.52,1.45,-8.00,-7.00,1.45,-8.00,-7.00,1.45,-8.00,-7.00,1.25,4.58,1.45,12.87,12.92,0.00,0.00,0.00,0.20,0.20,0,0
[10:58:21.269][I][csv:715]: 1709425,AGG,8.45,7.52,1.22,-8.00,-7.00,1.22,-8.00,-7.00,1.22,-8.00,-7.00,1.02,4.59,1.22,12.63,12.68,0.00,0.00,0.00,0.20,0.20,0,0
[10:58:21.681][I][csv:715]: 1709836,AGG,8.45,7.52,1.22,-8.00,-7.00,1.22,-8.00,-7.00,1.22,-8.00,-7.00,1.02,4.66,1.22,12.57,12.52,0.00,0.00,0.00,0.20,0.20,0,0
[10:58:22.100][S][sensor]: 'Shelly Active Power L1' >> -1978 W
[10:58:22.101][S][sensor]: 'TWC Vitals Current L1' >> 0.00 A
[10:58:22.203][I][csv:715]: 1710357,AGG,8.45,7.52,1.22,-8.00,-7.00,1.22,-8.00,-7.00,1.22,-8.00,-7.00,1.02,4.66,1.22,12.57,12.62,0.00,0.00,0.00,0.20,0.20,0,0
[10:58:22.217][I][csv:715]: 1710372,AGG,8.49,7.52,1.22,-8.00,-7.00,1.22,-8.00,-7.00,1.22,-8.00,-7.00,1.02,4.66,1.22,12.57,12.62,0.00,0.00,0.00,0.20,0.20,0,0
[10:58:22.248][I][csv:715]: 1710401,AGG,8.49,7.52,1.22,-8.00,-7.00,1.22,-8.00,-7.00,1.22,-8.00,-7.00,1.02,4.66,1.22,12.57,12.62,0.00,0.00,0.00,0.20,0.20,0,0
[10:58:22.255][I][csv:715]: 1710406,AGG,8.49,7.60,1.22,-8.00,-7.00,1.22,-8.00,-7.00,1.22,-8.00,-7.00,1.02,4.66,1.22,12.57,12.62,0.00,0.00,0.00,0.20,0.20,0,0
[10:58:22.262][S][sensor]: 'TWC Vitals Current L3' >> 0.20 A
[10:58:22.262][S][sensor]: 'Shelly Time Since Last OK' >> 12 ms
[10:58:22.274][I][csv:715]: 1710420,AGG,8.49,7.60,1.22,-8.00,-7.00,1.22,-8.00,-7.00,1.22,-8.00,-7.00,1.02,4.66,1.22,12.57,12.62,0.00,0.00,0.00,0.20,0.20,0,0
[10:58:22.291][I][csv:715]: 1710431,AGG,8.49,7.60,1.22,-8.00,-7.00,1.22,-8.00,-7.00,1.22,-8.00,-7.00,1.02,4.66,1.22,12.56,12.61,0.00,0.00,0.00,0.20,0.20,0,0
[10:58:22.374][S][sensor]: 'Shelly Active Power L3' >> 266 W
[10:58:22.487][S][sensor]: 'Shelly Real Current L1' >> 8.49 A
[10:58:22.487][S][sensor]: 'Shelly Active Power L2' >> -1830 W
[10:58:22.631][S][sensor]: 'Shelly Real Current L3' >> 1.22 A
[10:58:22.631][S][sensor]: 'TWC Vitals Vehicle Current' >> 0.20 A
[10:58:22.632][S][sensor]: 'Shelly Real Current L2' >> 7.60 A
[10:58:22.681][I][csv:715]: 1710836,AGG,8.49,7.60,1.22,-8.00,-7.00,1.22,-8.00,-7.00,1.22,-8.00,-7.00,1.02,4.66,1.22,12.56,12.51,0.00,0.00,0.00,0.20,0.20,0,0
[10:58:22.775][S][sensor]: 'TWC Time Since Last Poll' >> 168 ms
[10:58:23.799][I][vitals:883]: TWC vitals: A=0.00 B=0.00 C=0.20 vehicle=0.20 contactor=open
[10:58:23.809][I][csv:715]: 1711953,AGG,8.49,7.60,1.22,-8.00,-7.00,1.22,-8.00,-7.00,1.22,-8.00,-7.00,1.02,4.66,1.22,12.56,12.51,0.00,0.00,0.00,0.20,0.20,0,0
[10:58:23.809][I][csv:715]: 1711956,AGG,8.47,7.60,1.22,-8.00,-7.00,1.22,-8.00,-7.00,1.22,-8.00,-7.00,1.02,4.66,1.22,12.56,12.51,0.00,0.00,0.00,0.20,0.20,0,0
[10:58:23.809][I][csv:715]: 1711959,AGG,8.47,7.60,1.22,-8.00,-7.00,1.22,-8.00,-7.00,1.22,-8.00,-7.00,1.02,4.66,1.22,12.56,12.51,0.00,0.00,0.00,0.20,0.20,0,0
[10:58:23.818][I][csv:715]: 1711965,AGG,8.47,7.53,1.22,-8.00,-7.00,1.22,-8.00,-7.00,1.22,-8.00,-7.00,1.02,4.66,1.22,12.56,12.51,0.00,0.00,0.00,0.20,0.20,0,0
[10:58:23.818][I][csv:715]: 1711968,AGG,8.47,7.53,1.22,-8.00,-7.00,1.22,-8.00,-7.00,1.22,-8.00,-7.00,1.02,4.66,1.22,12.56,12.51,0.00,0.00,0.00,0.20,0.20,0,0
[10:58:23.818][I][csv:715]: 1711971,AGG,8.47,7.53,1.24,-8.00,-7.00,1.24,-8.00,-7.00,1.24,-8.00,-7.00,1.04,4.66,1.24,12.58,12.53,0.00,0.00,0.00,0.20,0.20,0,0
[10:58:23.818][S][sensor]: 'TWC Poll Interval' >> 195 ms
[10:58:23.818][S][sensor]: 'TWC Vitals Current L2' >> 0.00 A
[10:58:23.825][I][csv:715]: 1711976,AGG,8.47,7.53,1.24,-8.00,-7.00,1.24,-8.00,-7.00,1.24,-8.00,-7.00,1.04,4.65,1.24,12.58,12.53,0.00,0.00,0.00,0.20,0.20,0,0
[10:58:23.934][S][sensor]: 'TWC Reported Current L2' >> 12.5 A
[10:58:23.935][S][sensor]: 'TWC Reported Current L3' >> 12.5 A
[10:58:24.092][S][sensor]: 'Shelly Active Power L1' >> -1967 W
[10:58:24.092][S][sensor]: 'TWC Vitals Current L1' >> 0.00 A
[10:58:24.246][S][sensor]: 'TWC Vitals Current L3' >> 0.20 A
[10:58:24.246][S][sensor]: 'Shelly Time Since Last OK' >> 398 ms
[10:58:24.253][I][csv:715]: 1712403,AGG,8.47,7.53,1.24,-8.00,-7.00,1.24,-8.00,-7.00,1.24,-8.00,-7.00,1.04,4.65,1.24,12.58,12.63,0.00,0.00,0.00,0.20,0.20,0,0
[10:58:24.254][I][csv:715]: 1712406,AGG,8.51,7.53,1.24,-8.00,-7.00,1.24,-8.00,-7.00,1.24,-8.00,-7.00,1.04,4.65,1.24,12.58,12.63,0.00,0.00,0.00,0.20,0.20,0,0
[10:58:24.309][I][csv:715]: 1712465,AGG,8.51,7.53,1.24,-8.00,-7.00,1.24,-8.00,-7.00,1.24,-8.00,-7.00,1.04,4.65,1.24,12.58,12.63,0.00,0.00,0.00,0.20,0.20,0,0
[10:58:24.334][I][csv:715]: 1712488,AGG,8.51,7.58,1.24,-8.00,-7.00,1.24,-8.00,-7.00,1.24,-8.00,-7.00,1.04,4.65,1.24,12.58,12.63,0.00,0.00,0.00,0.20,0.20,0,0
[10:58:24.346][I][csv:715]: 1712494,AGG,8.51,7.58,1.24,-8.00,-7.00,1.24,-8.00,-7.00,1.24,-8.00,-7.00,1.04,4.65,1.24,12.58,12.63,0.00,0.00,0.00,0.20,0.20,0,0
[10:58:24.355][I][csv:715]: 1712506,AGG,8.51,7.58,1.17,-8.00,-7.00,1.17,-8.00,-7.00,1.17,-8.00,-7.00,0.97,4.67,1.17,12.51,12.46,0.00,0.00,0.00,0.20,0.20,0,0
[10:58:24.368][S][sensor]: 'Shelly Active Power L3' >> 254 W
[10:58:24.495][S][sensor]: 'Shelly Real Current L1' >> 8.51 A
[10:58:24.495][S][sensor]: 'Shelly Active Power L2' >> -1816 W
[10:58:24.641][S][sensor]: 'Shelly Real Current L3' >> 1.17 A
[10:58:24.641][S][sensor]: 'TWC Vitals Vehicle Current' >> 0.20 A
[10:58:24.641][S][sensor]: 'Shelly Real Current L2' >> 7.58 A
[10:58:24.774][S][sensor]: 'TWC Time Since Last Poll' >> 109 ms
[10:58:24.774][S][sensor]: 'TWC Reported Current L1' >> 12.5 A
[10:58:24.820][I][csv:715]: 1712976,AGG,8.51,7.58,1.17,-8.00,-7.00,1.17,-8.00,-7.00,1.17,-8.00,-7.00,0.97,4.68,1.17,12.50,12.45,0.00,0.00,0.00,0.20,0.20,0,0
[10:58:24.896][I][vitals:883]: TWC vitals: A=0.00 B=0.00 C=0.20 vehicle=0.20 contactor=open
[10:58:24.917][S][sensor]: 'TWC Poll Interval' >> 195 ms
[10:58:24.917][S][sensor]: 'TWC Vitals Current L2' >> 0.00 A
[10:58:25.325][I][csv:715]: 1713481,AGG,8.51,7.58,1.17,-8.00,-7.00,1.17,-8.00,-7.00,1.17,-8.00,-7.00,0.97,4.68,1.17,12.50,12.55,0.00,0.00,0.00,0.20,0.20,0,0
[10:58:25.333][I][csv:715]: 1713484,AGG,8.73,7.58,1.17,-8.00,-7.00,1.17,-8.00,-7.00,1.17,-8.00,-7.00,0.97,4.68,1.17,12.50,12.55,0.00,0.00,0.00,0.20,0.20,0,0
[10:58:25.334][I][csv:715]: 1713487,AGG,8.73,7.58,1.17,-8.00,-7.00,1.17,-8.00,-7.00,1.17,-8.00,-7.00,0.97,4.68,1.17,12.50,12.55,0.00,0.00,0.00,0.20,0.20,0,0
[10:58:25.341][I][csv:715]: 1713496,AGG,8.73,7.75,1.17,-8.00,-7.00,1.17,-8.00,-7.00,1.17,-8.00,-7.00,0.97,4.68,1.17,12.50,12.55,0.00,0.00,0.00,0.20,0.20,0,0
[10:58:25.352][I][csv:715]: 1713508,AGG,8.73,7.75,1.17,-8.00,-7.00,1.17,-8.00,-7.00,1.17,-8.00,-7.00,0.97,4.68,1.17,12.50,12.45,0.00,0.00,0.00,0.20,0.20,0,0
[10:58:25.359][I][csv:715]: 1713515,AGG,8.73,7.75,1.01,-8.00,-7.00,1.01,-8.00,-7.00,1.01,-8.00,-7.00,0.81,4.68,1.01,12.33,12.28,0.00,0.00,0.00,0.20,0.20,0,0
[10:58:25.823][I][csv:715]: 1713976,AGG,8.73,7.75,1.01,-8.00,-7.00,1.01,-8.00,-7.00,1.01,-8.00,-7.00,0.81,4.73,1.01,12.28,12.23,0.00,0.00,0.00,0.20,0.20,0,0
[10:58:26.097][S][sensor]: 'Shelly Active Power L1' >> -2030 W
[10:58:26.098][S][sensor]: 'TWC Vitals Current L1' >> 0.00 A
[10:58:26.243][S][sensor]: 'TWC Vitals Current L3' >> 0.20 A
[10:58:26.243][S][sensor]: 'Shelly Time Since Last OK' >> 854 ms
[10:58:26.250][I][csv:715]: 1714403,AGG,8.73,7.75,1.01,-8.00,-7.00,1.01,-8.00,-7.00,1.01,-8.00,-7.00,0.81,4.73,1.01,12.28,12.33,0.00,0.00,0.00,0.20,0.20,0,0
[10:58:26.255][I][csv:715]: 1714408,AGG,8.92,7.75,1.01,-8.00,-7.00,1.01,-8.00,-7.00,1.01,-8.00,-7.00,0.81,4.73,1.01,12.28,12.33,0.00,0.00,0.00,0.20,0.20,0,0
[10:58:26.345][I][csv:715]: 1714500,AGG,8.92,7.75,1.01,-8.00,-7.00,1.01,-8.00,-7.00,1.01,-8.00,-7.00,0.81,4.73,1.01,12.28,12.23,0.00,0.00,0.00,0.20,0.20,0,0
[10:58:26.349][I][csv:715]: 1714504,AGG,8.92,8.01,1.01,-8.00,-8.00,1.01,-8.00,-8.00,1.01,-8.00,-8.00,0.81,4.73,1.01,12.27,12.22,0.00,0.00,0.00,0.20,0.20,0,0
[10:58:26.359][I][csv:715]: 1714515,AGG,8.92,8.01,1.01,-8.00,-8.00,1.01,-8.00,-8.00,1.01,-8.00,-8.00,0.81,4.75,1.01,12.26,12.21,0.00,0.00,0.00,0.20,0.20,0,0
[10:58:26.367][I][csv:715]: 1714522,AGG,8.92,8.01,0.85,-8.00,-8.00,0.85,-8.00,-8.00,0.85,-8.00,-8.00,0.65,4.75,0.85,12.09,12.04,0.00,0.00,0.00,0.20,0.20,0,0
[10:58:26.370][S][sensor]: 'Shelly Active Power L3' >> 166 W
[10:58:26.497][S][sensor]: 'Shelly Real Current L1' >> 8.92 A
[10:58:26.497][S][sensor]: 'Shelly Active Power L2' >> -1926 W
[10:58:26.640][S][sensor]: 'Shelly Real Current L3' >> 0.85 A
[10:58:26.640][S][sensor]: 'TWC Vitals Vehicle Current' >> 0.20 A
[10:58:26.640][S][sensor]: 'Shelly Real Current L2' >> 8.01 A
[10:58:26.773][S][sensor]: 'TWC Time Since Last Poll' >> 174 ms
[10:58:26.820][I][csv:715]: 1714976,AGG,8.92,8.01,0.85,-8.00,-8.00,0.85,-8.00,-8.00,0.85,-8.00,-8.00,0.65,5.12,0.85,11.73,11.68,0.00,0.00,0.00,0.20,0.20,0,0
[10:58:26.896][I][vitals:883]: TWC vitals: A=0.00 B=0.00 C=0.20 vehicle=0.20 contactor=open
[10:58:26.920][S][sensor]: 'TWC Poll Interval' >> 195 ms
[10:58:26.920][S][sensor]: 'TWC Vitals Current L2' >> 0.00 A
[10:58:27.267][I][csv:715]: 1715422,AGG,8.92,8.01,0.85,-8.00,-8.00,0.85,-8.00,-8.00,0.85,-8.00,-8.00,0.65,5.12,0.85,11.73,11.78,0.00,0.00,0.00,0.20,0.20,0,0
[10:58:27.273][I][csv:715]: 1715426,AGG,9.00,8.01,0.85,-8.00,-8.00,0.85,-8.00,-8.00,0.85,-8.00,-8.00,0.65,5.12,0.85,11.73,11.78,0.00,0.00,0.00,0.20,0.20,0,0
[10:58:27.329][I][csv:715]: 1715483,AGG,9.00,8.01,0.85,-8.00,-8.00,0.85,-8.00,-8.00,0.85,-8.00,-8.00,0.65,5.12,0.85,11.73,11.78,0.00,0.00,0.00,0.20,0.20,0,0
[10:58:27.352][I][csv:715]: 1715507,AGG,9.00,8.01,0.85,-8.00,-8.00,0.85,-8.00,-8.00,0.85,-8.00,-8.00,0.65,5.12,0.85,11.73,11.68,0.00,0.00,0.00,0.20,0.20,0,0
[10:58:27.367][I][csv:715]: 1715522,AGG,9.00,8.01,0.85,-8.00,-8.00,0.85,-8.00,-8.00,0.85,-8.00,-8.00,0.65,5.12,0.85,11.73,11.68,0.00,0.00,0.00,0.20,0.20,0,0
[10:58:27.376][I][csv:715]: 1715530,AGG,9.00,8.01,0.76,-8.00,-8.00,0.76,-8.00,-8.00,0.76,-8.00,-8.00,0.56,5.13,0.76,11.64,11.59,0.00,0.00,0.00,0.20,0.20,0,0
[10:58:27.821][I][csv:715]: 1715976,AGG,9.00,8.01,0.76,-8.00,-8.00,0.76,-8.00,-8.00,0.76,-8.00,-8.00,0.56,5.15,0.76,11.62,11.57,0.00,0.00,0.00,0.20,0.20,0,0
[10:58:28.095][S][sensor]: 'Shelly Active Power L1' >> -2083 W
[10:58:28.095][S][sensor]: 'TWC Vitals Current L1' >> 0.00 A
[10:58:28.242][S][sensor]: 'TWC Vitals Current L3' >> 0.20 A
[10:58:28.242][S][sensor]: 'Shelly Time Since Last OK' >> 839 ms
[10:58:28.254][I][csv:715]: 1716399,AGG,9.00,8.01,0.76,-8.00,-8.00,0.76,-8.00,-8.00,0.76,-8.00,-8.00,0.56,5.15,0.76,11.62,11.67,0.00,0.00,0.00,0.20,0.20,0,0
[10:58:28.261][I][csv:715]: 1716414,AGG,9.03,8.01,0.76,-9.00,-8.00,0.76,-9.00,-8.00,0.76,-9.00,-8.00,0.56,5.16,0.76,11.60,11.65,0.00,0.00,0.00,0.20,0.20,0,0
[10:58:28.365][S][sensor]: 'Shelly Active Power L3' >> 139 W
[10:58:28.384][I][csv:715]: 1716539,AGG,9.03,8.01,0.76,-9.00,-8.00,0.76,-9.00,-8.00,0.76,-9.00,-8.00,0.56,5.29,0.76,11.48,11.43,0.00,0.00,0.00,0.20,0.20,0,0
[10:58:28.394][I][csv:715]: 1716543,AGG,9.03,8.18,0.76,-9.00,-8.00,0.76,-9.00,-8.00,0.76,-9.00,-8.00,0.56,5.29,0.76,11.47,11.42,0.00,0.00,0.00,0.20,0.20,0,0
[10:58:28.396][I][csv:715]: 1716547,AGG,9.03,8.18,0.76,-9.00,-8.00,0.76,-9.00,-8.00,0.76,-9.00,-8.00,0.56,5.29,0.76,11.47,11.42,0.00,0.00,0.00,0.20,0.20,0,0
[10:58:28.396][I][csv:715]: 1716551,AGG,9.03,8.18,0.75,-9.00,-8.00,0.75,-9.00,-8.00,0.75,-9.00,-8.00,0.55,5.30,0.75,11.45,11.40,0.00,0.00,0.00,0.20,0.20,0,0
[10:58:28.487][S][sensor]: 'Shelly Real Current L1' >> 9.03 A
[10:58:28.487][S][sensor]: 'Shelly Active Power L2' >> -1955 W
[10:58:28.634][S][sensor]: 'Shelly Real Current L3' >> 0.75 A
[10:58:28.634][S][sensor]: 'TWC Vitals Vehicle Current' >> 0.20 A
[10:58:28.634][S][sensor]: 'Shelly Real Current L2' >> 8.18 A
[10:58:28.780][S][sensor]: 'TWC Time Since Last Poll' >> 37 ms
[10:58:28.822][I][csv:715]: 1716976,AGG,9.03,8.18,0.75,-9.00,-8.00,0.75,-9.00,-8.00,0.75,-9.00,-8.00,0.55,5.49,0.75,11.26,11.21,0.00,0.00,0.00,0.20,0.20,0,0
[10:58:28.896][I][vitals:883]: TWC vitals: A=0.00 B=0.00 C=0.20 vehicle=0.20 contactor=open
[10:58:28.916][S][sensor]: 'TWC Vitals Current L2' >> 0.00 A
[10:58:28.916][S][sensor]: 'TWC Poll Interval' >> 196 ms
[10:58:28.917][S][sensor]: 'TWC Reported Current L2' >> 11.2 A
[10:58:28.917][S][sensor]: 'TWC Reported Current L3' >> 11.2 A
[10:58:29.420][I][csv:715]: 1717574,AGG,9.03,8.18,0.75,-9.00,-8.00,0.75,-9.00,-8.00,0.75,-9.00,-8.00,0.55,5.49,0.75,11.26,11.21,0.00,0.00,0.00,0.20,0.20,0,0
[10:58:29.431][I][csv:715]: 1717578,AGG,8.84,8.18,0.75,-8.00,-8.00,0.75,-8.00,-8.00,0.75,-8.00,-8.00,0.55,5.48,0.75,11.26,11.21,0.00,0.00,0.00,0.20,0.20,0,0
[10:58:29.431][I][csv:715]: 1717581,AGG,8.84,8.18,0.75,-8.00,-8.00,0.75,-8.00,-8.00,0.75,-8.00,-8.00,0.55,5.48,0.75,11.27,11.22,0.00,0.00,0.00,0.20,0.20,0,0
[10:58:29.435][I][csv:715]: 1717586,AGG,8.84,7.90,0.75,-8.00,-7.00,0.75,-8.00,-7.00,0.75,-8.00,-7.00,0.55,5.47,0.75,11.27,11.22,0.00,0.00,0.00,0.20,0.20,0,0
[10:58:29.441][I][csv:715]: 1717590,AGG,8.84,7.90,0.75,-8.00,-7.00,0.75,-8.00,-7.00,0.75,-8.00,-7.00,0.55,5.47,0.75,11.28,11.23,0.00,0.00,0.00,0.20,0.20,0,0
[10:58:29.442][I][csv:715]: 1717594,AGG,8.84,7.90,0.89,-8.00,-7.00,0.89,-8.00,-7.00,0.89,-8.00,-7.00,0.69,5.46,0.89,11.43,11.38,0.00,0.00,0.00,0.20,0.20,0,0
[10:58:29.791][S][sensor]: 'TWC Reported Current L1' >> 11.4 A
[10:58:29.821][I][csv:715]: 1717976,AGG,8.84,7.90,0.89,-8.00,-7.00,0.89,-8.00,-7.00,0.89,-8.00,-7.00,0.69,5.08,0.89,11.81,11.76,0.00,0.00,0.00,0.20,0.20,0,0
[10:58:30.096][S][sensor]: 'Shelly Active Power L1' >> -2049 W
[10:58:30.097][S][sensor]: 'TWC Vitals Current L1' >> 0.00 A
[10:58:30.251][S][sensor]: 'TWC Vitals Current L3' >> 0.20 A
[10:58:30.251][S][sensor]: 'Shelly Time Since Last OK' >> 775 ms
[10:58:30.321][I][csv:715]: 1718468,AGG,8.84,7.90,0.89,-8.00,-7.00,0.89,-8.00,-7.00,0.89,-8.00,-7.00,0.69,4.77,0.89,12.12,12.17,0.00,0.00,0.00,0.20,0.20,0,0
[10:58:30.335][I][csv:715]: 1718485,AGG,8.07,7.90,0.89,-8.00,-7.00,0.89,-8.00,-7.00,0.89,-8.00,-7.00,0.69,4.77,0.89,12.12,12.17,0.00,0.00,0.00,0.20,0.20,0,0
[10:58:30.356][I][csv:715]: 1718512,AGG,8.07,7.90,0.89,-8.00,-7.00,0.89,-8.00,-7.00,0.89,-8.00,-7.00,0.69,4.77,0.89,12.12,12.07,0.00,0.00,0.00,0.20,0.20,0,0
[10:58:30.369][I][csv:715]: 1718524,AGG,8.07,7.12,0.89,-8.00,-7.00,0.89,-8.00,-7.00,0.89,-8.00,-7.00,0.69,4.77,0.89,12.12,12.07,0.00,0.00,0.00,0.20,0.20,0,0
[10:58:30.377][S][sensor]: 'Shelly Active Power L3' >> 186 W
[10:58:30.387][I][csv:715]: 1718542,AGG,8.07,7.12,0.89,-8.00,-7.00,0.89,-8.00,-7.00,0.89,-8.00,-7.00,0.69,4.77,0.89,12.12,12.07,0.00,0.00,0.00,0.20,0.20,0,0
[10:58:30.404][I][csv:715]: 1718560,AGG,8.07,7.12,1.40,-8.00,-7.00,1.40,-8.00,-7.00,1.40,-8.00,-7.00,1.20,4.75,1.40,12.65,12.60,0.00,0.00,0.00,0.20,0.20,0,0
[10:58:30.484][S][sensor]: 'Shelly Real Current L1' >> 8.07 A
[10:58:30.484][S][sensor]: 'Shelly Active Power L2' >> -1678 W
[10:58:30.640][S][sensor]: 'Shelly Real Current L3' >> 1.40 A
[10:58:30.640][S][sensor]: 'TWC Vitals Vehicle Current' >> 0.20 A
[10:58:30.640][S][sensor]: 'Shelly Real Current L2' >> 7.12 A
[10:58:30.780][S][sensor]: 'TWC Time Since Last Poll' >> 96 ms
[10:58:30.821][I][csv:715]: 1718976,AGG,8.07,7.12,1.40,-8.00,-7.00,1.40,-8.00,-7.00,1.40,-8.00,-7.00,1.20,4.60,1.40,12.80,12.75,0.00,0.00,0.00,0.20,0.20,0,0
[10:58:30.898][I][vitals:883]: TWC vitals: A=0.00 B=0.00 C=0.20 vehicle=0.20 contactor=open
[10:58:30.922][S][sensor]: 'TWC Vitals Current L2' >> 0.00 A
[10:58:30.922][S][sensor]: 'TWC Poll Interval' >> 191 ms
[10:58:31.362][I][csv:715]: 1719518,AGG,8.07,7.12,1.40,-8.00,-7.00,1.40,-8.00,-7.00,1.40,-8.00,-7.00,1.20,4.60,1.40,12.80,12.75,0.00,0.00,0.00,0.20,0.20,0,0
[10:58:31.371][I][csv:715]: 1719522,AGG,6.97,7.12,1.40,-6.00,-7.00,1.40,-6.00,-7.00,1.40,-6.00,-7.00,1.20,4.60,1.40,12.80,12.75,0.00,0.00,0.00,0.20,0.20,0,0
[10:58:31.376][I][csv:715]: 1719525,AGG,6.97,7.12,1.40,-6.00,-7.00,1.40,-6.00,-7.00,1.40,-6.00,-7.00,1.20,4.59,1.40,12.81,12.76,0.00,0.00,0.00,0.20,0.20,0,0
[10:58:31.379][I][csv:715]: 1719532,AGG,6.97,5.99,1.40,-6.00,-5.00,1.40,-6.00,-5.00,1.40,-6.00,-5.00,1.20,4.59,1.40,12.81,12.76,0.00,0.00,0.00,0.20,0.20,0,0
[10:58:31.395][I][csv:715]: 1719549,AGG,6.97,5.99,1.40,-6.00,-5.00,1.40,-6.00,-5.00,1.40,-6.00,-5.00,1.20,4.57,1.40,12.83,12.78,0.00,0.00,0.00,0.20,0.20,0,0
[10:58:31.427][I][csv:715]: 1719575,AGG,6.97,5.99,2.47,-6.00,-5.00,2.47,-6.00,-5.00,2.47,-6.00,-5.00,2.27,4.54,2.47,13.93,13.88,0.00,0.00,0.00,0.20,0.20,0,0
[10:58:31.823][I][csv:715]: 1719976,AGG,6.97,5.99,2.47,-6.00,-5.00,2.47,-6.00,-5.00,2.47,-6.00,-5.00,2.27,4.14,2.47,14.33,14.28,0.00,0.00,0.00,0.20,0.20,0,0
[10:58:32.090][S][sensor]: 'Shelly Active Power L1' >> -1587 W
[10:58:32.091][S][sensor]: 'TWC Vitals Current L1' >> 0.00 A
[10:58:32.247][S][sensor]: 'TWC Vitals Current L3' >> 0.20 A
[10:58:32.247][S][sensor]: 'Shelly Time Since Last OK' >> 794 ms
[10:58:32.322][I][csv:715]: 1720478,AGG,6.97,5.99,2.47,-6.00,-5.00,2.47,-6.00,-5.00,2.47,-6.00,-5.00,2.27,3.64,2.47,14.83,14.88,0.00,0.00,0.00,0.20,0.20,0,0
[10:58:32.342][I][csv:715]: 1720496,AGG,6.32,5.99,2.47,-6.00,-5.00,2.47,-6.00,-5.00,2.47,-6.00,-5.00,2.27,3.62,2.47,14.85,14.90,0.00,0.00,0.00,0.20,0.20,0,0
[10:58:32.368][I][csv:715]: 1720523,AGG,6.32,5.99,2.47,-6.00,-5.00,2.47,-6.00,-5.00,2.47,-6.00,-5.00,2.27,3.60,2.47,14.88,14.83,0.00,0.00,0.00,0.20,0.20,0,0
[10:58:32.374][S][sensor]: 'Shelly Active Power L3' >> 573 W
[10:58:32.386][I][csv:715]: 1720539,AGG,6.32,5.44,2.47,-6.00,-5.00,2.47,-6.00,-5.00,2.47,-6.00,-5.00,2.27,3.58,2.47,14.89,14.84,0.00,0.00,0.00,0.20,0.20,0,0
[10:58:32.400][I][csv:715]: 1720556,AGG,6.32,5.44,2.47,-6.00,-5.00,2.47,-6.00,-5.00,2.47,-6.00,-5.00,2.27,3.56,2.47,14.91,14.86,0.00,0.00,0.00,0.20,0.20,0,0
[10:58:32.425][I][csv:715]: 1720581,AGG,6.32,5.44,3.06,-6.00,-5.00,3.06,-6.00,-5.00,3.06,-6.00,-5.00,2.86,3.54,3.06,15.52,15.47,0.00,0.00,0.00,0.20,0.20,0,0
[10:58:32.494][S][sensor]: 'Shelly Real Current L1' >> 6.32 A
[10:58:32.494][S][sensor]: 'Shelly Active Power L2' >> -1392 W
[10:58:32.638][S][sensor]: 'Shelly Real Current L3' >> 3.06 A
[10:58:32.638][S][sensor]: 'TWC Vitals Vehicle Current' >> 0.20 A
[10:58:32.638][S][sensor]: 'Shelly Real Current L2' >> 5.44 A
[10:58:32.781][S][sensor]: 'TWC Time Since Last Poll' >> 66 ms
[10:58:32.820][I][csv:715]: 1720976,AGG,6.32,5.44,3.06,-6.00,-5.00,3.06,-6.00,-5.00,3.06,-6.00,-5.00,2.86,3.14,3.06,15.92,15.87,0.00,0.00,0.00,0.20,0.20,0,0
[10:58:32.900][I][vitals:883]: TWC vitals: A=0.00 B=0.00 C=0.20 vehicle=0.20 contactor=open
[10:58:32.926][S][sensor]: 'TWC Vitals Current L2' >> 0.00 A
[10:58:32.926][S][sensor]: 'TWC Poll Interval' >> 194 ms
[10:58:33.412][I][csv:715]: 1721567,AGG,6.32,5.44,3.06,-6.00,-5.00,3.06,-6.00,-5.00,3.06,-6.00,-5.00,2.86,2.71,3.06,16.35,16.21,0.00,0.00,0.00,0.20,0.20,0,0
[10:58:33.418][I][csv:715]: 1721571,AGG,6.34,5.44,3.06,-6.00,-5.00,3.06,-6.00,-5.00,3.06,-6.00,-5.00,2.86,2.71,3.06,16.35,16.21,0.00,0.00,0.00,0.20,0.20,0,0
[10:58:33.426][I][csv:715]: 1721574,AGG,6.34,5.44,3.06,-6.00,-5.00,3.06,-6.00,-5.00,3.06,-6.00,-5.00,2.86,2.71,3.06,16.35,16.21,0.00,0.00,0.00,0.20,0.20,0,0
[10:58:33.426][I][csv:715]: 1721579,AGG,6.34,5.36,3.06,-6.00,-5.00,3.06,-6.00,-5.00,3.06,-6.00,-5.00,2.86,2.71,3.06,16.35,16.21,0.00,0.00,0.00,0.20,0.20,0,0
[10:58:33.433][I][csv:715]: 1721583,AGG,6.34,5.36,3.06,-6.00,-5.00,3.06,-6.00,-5.00,3.06,-6.00,-5.00,2.86,2.71,3.06,16.35,16.21,0.00,0.00,0.00,0.20,0.20,0,0
[10:58:33.438][I][csv:715]: 1721593,AGG,6.34,5.36,3.08,-6.00,-5.00,3.08,-6.00,-5.00,3.08,-6.00,-5.00,2.88,2.71,3.08,16.37,16.23,0.00,0.00,0.00,0.20,0.20,0,0
[10:58:33.821][I][csv:715]: 1721976,AGG,6.34,5.36,3.08,-6.00,-5.00,3.08,-6.00,-5.00,3.08,-6.00,-5.00,2.88,2.71,3.08,16.37,16.23,0.00,0.00,0.00,0.20,0.20,0,0
[10:58:33.931][S][sensor]: 'TWC Reported Current L2' >> 16.2 A
[10:58:33.932][S][sensor]: 'TWC Reported Current L3' >> 16.2 A
[10:58:34.091][S][sensor]: 'Shelly Active Power L1' >> -1441 W
[10:58:34.091][S][sensor]: 'TWC Vitals Current L1' >> 0.00 A
[10:58:34.251][S][sensor]: 'TWC Vitals Current L3' >> 0.20 A
[10:58:34.251][S][sensor]: 'Shelly Time Since Last OK' >> 776 ms
[10:58:34.367][S][sensor]: 'Shelly Active Power L3' >> 704 W
[10:58:34.387][I][csv:715]: 1722529,AGG,6.34,5.36,3.08,-6.00,-5.00,3.08,-6.00,-5.00,3.08,-6.00,-5.00,2.88,2.71,3.08,16.37,16.23,0.00,0.00,0.00,0.20,0.20,0,0
[10:58:34.387][I][csv:715]: 1722532,AGG,6.17,5.36,3.08,-6.00,-5.00,3.08,-6.00,-5.00,3.08,-6.00,-5.00,2.88,2.71,3.08,16.37,16.23,0.00,0.00,0.00,0.20,0.20,0,0
[10:58:34.395][I][csv:715]: 1722550,AGG,6.17,5.36,3.08,-6.00,-5.00,3.08,-6.00,-5.00,3.08,-6.00,-5.00,2.88,2.71,3.08,16.37,16.23,0.00,0.00,0.00,0.20,0.20,0,0
[10:58:34.399][I][csv:715]: 1722554,AGG,6.17,5.30,3.08,-6.00,-5.00,3.08,-6.00,-5.00,3.08,-6.00,-5.00,2.88,2.71,3.08,16.37,16.23,0.00,0.00,0.00,0.20,0.20,0,0
[10:58:34.418][I][csv:715]: 1722570,AGG,6.17,5.30,3.08,-6.00,-5.00,3.08,-6.00,-5.00,3.08,-6.00,-5.00,2.88,2.71,3.08,16.37,16.23,0.00,0.00,0.00,0.20,0.20,0,0
[10:58:34.441][I][csv:715]: 1722596,AGG,6.17,5.30,3.21,-6.00,-5.00,3.21,-6.00,-5.00,3.21,-6.00,-5.00,3.01,2.68,3.21,16.53,16.34,0.00,0.00,0.00,0.20,0.20,0,0
[10:58:34.480][S][sensor]: 'Shelly Real Current L1' >> 6.17 A
[10:58:34.480][S][sensor]: 'Shelly Active Power L2' >> -1263 W
[10:58:34.637][S][sensor]: 'Shelly Real Current L3' >> 3.21 A
[10:58:34.637][S][sensor]: 'TWC Vitals Vehicle Current' >> 0.20 A
[10:58:34.637][S][sensor]: 'Shelly Real Current L2' >> 5.30 A
[10:58:34.783][S][sensor]: 'TWC Time Since Last Poll' >> 128 ms
[10:58:34.784][S][sensor]: 'TWC Reported Current L1' >> 16.3 A
[10:58:34.821][I][csv:715]: 1722976,AGG,6.17,5.30,3.21,-6.00,-5.00,3.21,-6.00,-5.00,3.21,-6.00,-5.00,3.01,2.66,3.21,16.54,16.36,0.00,0.00,0.00,0.20,0.20,0,0
[10:58:34.900][I][vitals:883]: TWC vitals: A=0.00 B=0.00 C=0.20 vehicle=0.20 contactor=open
[10:58:34.920][S][sensor]: 'TWC Poll Interval' >> 193 ms
[10:58:34.921][S][sensor]: 'TWC Vitals Current L2' >> 0.00 A
[10:58:35.465][I][csv:715]: 1723616,AGG,6.17,5.30,3.21,-6.00,-5.00,3.21,-6.00,-5.00,3.21,-6.00,-5.00,3.01,2.66,3.21,16.54,16.36,0.00,0.00,0.00,0.20,0.20,0,0
[10:58:35.470][I][csv:715]: 1723620,AGG,5.99,5.30,3.21,-5.00,-5.00,3.21,-5.00,-5.00,3.21,-5.00,-5.00,3.01,2.66,3.21,16.55,16.36,0.00,0.00,0.00,0.20,0.20,0,0
[10:58:35.470][I][csv:715]: 1723623,AGG,5.99,5.30,3.21,-5.00,-5.00,3.21,-5.00,-5.00,3.21,-5.00,-5.00,3.01,2.66,3.21,16.55,16.36,0.00,0.00,0.00,0.20,0.20,0,0
[10:58:35.473][I][csv:715]: 1723626,AGG,5.99,5.06,3.21,-5.00,-5.00,3.21,-5.00,-5.00,3.21,-5.00,-5.00,3.01,2.65,3.21,16.55,16.36,0.00,0.00,0.00,0.20,0.20,0,0
[10:58:35.478][I][csv:715]: 1723633,AGG,5.99,5.06,3.21,-5.00,-5.00,3.21,-5.00,-5.00,3.21,-5.00,-5.00,3.01,2.65,3.21,16.56,16.37,0.00,0.00,0.00,0.20,0.20,0,0
[10:58:35.484][I][csv:715]: 1723638,AGG,5.99,5.06,3.37,-5.00,-5.00,3.37,-5.00,-5.00,3.37,-5.00,-5.00,3.17,2.64,3.37,16.73,16.49,0.00,0.00,0.00,0.20,0.20,0,0
[10:58:35.824][I][csv:715]: 1723976,AGG,5.99,5.06,3.37,-5.00,-5.00,3.37,-5.00,-5.00,3.37,-5.00,-5.00,3.17,2.30,3.37,17.06,16.75,0.00,0.00,0.00,0.20,0.20,0,0
[10:58:36.090][S][sensor]: 'Shelly Active Power L1' >> -1367 W
[10:58:36.091][S][sensor]: 'TWC Vitals Current L1' >> 0.00 A
[10:58:36.252][S][sensor]: 'TWC Vitals Current L3' >> 0.20 A
[10:58:36.253][S][sensor]: 'Shelly Time Since Last OK' >> 731 ms
[10:58:36.370][S][sensor]: 'Shelly Active Power L3' >> 778 W
[10:58:36.409][I][csv:715]: 1724553,AGG,5.99,5.06,3.37,-5.00,-5.00,3.37,-5.00,-5.00,3.37,-5.00,-5.00,3.17,2.28,3.37,17.09,16.77,0.00,0.00,0.00,0.20,0.20,0,0
[10:58:36.415][I][csv:715]: 1724557,AGG,5.12,5.06,3.37,-5.00,-5.00,3.37,-5.00,-5.00,3.37,-5.00,-5.00,3.17,2.28,3.37,17.09,16.77,0.00,0.00,0.00,0.20,0.20,0,0
[10:58:36.415][I][csv:715]: 1724560,AGG,5.12,5.06,3.37,-5.00,-5.00,3.37,-5.00,-5.00,3.37,-5.00,-5.00,3.17,2.28,3.37,17.09,16.77,0.00,0.00,0.00,0.20,0.20,0,0
[10:58:36.431][I][csv:715]: 1724573,AGG,5.12,4.22,3.37,-5.00,-4.00,3.37,-5.00,-4.00,3.37,-5.00,-4.00,3.17,2.26,3.37,17.10,16.78,0.00,0.00,0.00,0.20,0.20,0,0
[10:58:36.437][I][csv:715]: 1724584,AGG,5.12,4.22,3.37,-5.00,-4.00,3.37,-5.00,-4.00,3.37,-5.00,-4.00,3.17,2.25,3.37,17.11,16.79,0.00,0.00,0.00,0.20,0.20,0,0
[10:58:36.465][I][csv:715]: 1724615,AGG,5.12,4.22,4.20,-5.00,-4.00,4.20,-5.00,-4.00,4.20,-5.00,-4.00,4.00,2.22,4.20,17.98,17.15,0.00,0.00,0.00,0.20,0.20,0,0
[10:58:36.495][S][sensor]: 'Shelly Real Current L1' >> 5.99 A
[10:58:36.495][S][sensor]: 'Shelly Active Power L2' >> -1173 W
[10:58:36.640][S][sensor]: 'Shelly Real Current L3' >> 4.20 A
[10:58:36.640][S][sensor]: 'TWC Vitals Vehicle Current' >> 0.20 A
[10:58:36.640][S][sensor]: 'Shelly Real Current L2' >> 4.22 A
[10:58:36.769][S][sensor]: 'TWC Time Since Last Poll' >> 192 ms
[10:58:36.826][I][csv:715]: 1724976,AGG,5.12,4.22,4.20,-5.00,-4.00,4.20,-5.00,-4.00,4.20,-5.00,-4.00,4.00,1.86,4.20,18.34,17.15,0.00,0.00,0.00,0.20,0.20,0,0
[10:58:36.898][I][vitals:883]: TWC vitals: A=0.00 B=0.00 C=0.20 vehicle=0.20 contactor=open
[10:58:36.922][S][sensor]: 'TWC Poll Interval' >> 193 ms
[10:58:36.923][S][sensor]: 'TWC Vitals Current L2' >> 0.00 A
[10:58:37.409][I][csv:715]: 1725562,AGG,5.12,4.22,4.20,-5.00,-4.00,4.20,-5.00,-4.00,4.20,-5.00,-4.00,4.00,1.67,4.20,18.53,17.15,0.00,0.00,0.00,0.20,0.20,0,0
[10:58:37.414][I][csv:715]: 1725566,AGG,4.31,4.22,4.20,-4.00,-4.00,4.20,-4.00,-4.00,4.20,-4.00,-4.00,4.00,1.66,4.20,18.54,17.15,0.00,0.00,0.00,0.20,0.20,0,0
[10:58:37.418][I][csv:715]: 1725569,AGG,4.31,4.22,4.20,-4.00,-4.00,4.20,-4.00,-4.00,4.20,-4.00,-4.00,4.00,1.66,4.20,18.54,17.15,0.00,0.00,0.00,0.20,0.20,0,0
[10:58:37.426][I][csv:715]: 1725578,AGG,4.31,3.36,4.20,-4.00,-3.00,4.20,-4.00,-3.00,4.20,-4.00,-3.00,4.00,1.65,4.20,18.55,17.15,0.00,0.00,0.00,0.20,0.20,0,0
[10:58:37.433][I][csv:715]: 1725589,AGG,4.31,3.36,4.20,-4.00,-3.00,4.20,-4.00,-3.00,4.20,-4.00,-3.00,4.00,1.64,4.20,18.56,17.15,0.00,0.00,0.00,0.20,0.20,0,0
[10:58:37.464][I][csv:715]: 1725620,AGG,4.31,3.36,4.94,-4.00,-3.00,4.94,-4.00,-3.00,4.94,-4.00,-3.00,4.74,1.61,4.94,19.33,17.15,0.00,0.00,0.00,0.20,0.20,0,0
[10:58:37.822][I][csv:715]: 1725976,AGG,4.31,3.36,4.94,-4.00,-3.00,4.94,-4.00,-3.00,4.94,-4.00,-3.00,4.74,1.25,4.94,19.68,17.15,0.00,0.00,0.00,0.20,0.20,0,0
[10:58:38.094][S][sensor]: 'Shelly Active Power L1' >> -966 W
[10:58:38.094][S][sensor]: 'TWC Vitals Current L1' >> 0.00 A
[10:58:38.251][S][sensor]: 'TWC Vitals Current L3' >> 0.20 A
[10:58:38.251][S][sensor]: 'Shelly Time Since Last OK' >> 749 ms
[10:58:38.372][S][sensor]: 'Shelly Active Power L3' >> 1144 W
[10:58:38.376][I][csv:715]: 1726529,AGG,4.31,3.36,4.94,-4.00,-3.00,4.94,-4.00,-3.00,4.94,-4.00,-3.00,4.74,0.75,4.94,20.18,17.15,0.00,0.00,0.00,0.20,0.20,0,0
[10:58:38.384][I][csv:715]: 1726539,AGG,3.54,3.36,4.94,-3.00,-3.00,4.94,-3.00,-3.00,4.94,-3.00,-3.00,4.74,0.74,4.94,20.19,17.15,0.00,0.00,0.00,0.20,0.20,0,0
[10:58:38.405][I][csv:715]: 1726561,AGG,3.54,3.36,4.94,-3.00,-3.00,4.94,-3.00,-3.00,4.94,-3.00,-3.00,4.74,0.72,4.94,20.22,17.15,0.00,0.00,0.00,0.20,0.20,0,0
[10:58:38.429][I][csv:715]: 1726584,AGG,3.54,2.68,4.94,-3.00,-2.00,4.94,-3.00,-2.00,4.94,-3.00,-2.00,4.74,0.70,4.94,20.24,17.15,0.00,0.00,0.00,0.20,0.20,0,0
[10:58:38.438][I][csv:715]: 1726594,AGG,3.54,2.68,4.94,-3.00,-2.00,4.94,-3.00,-2.00,4.94,-3.00,-2.00,4.74,0.69,4.94,20.25,17.15,0.00,0.00,0.00,0.20,0.20,0,0
[10:58:38.471][I][csv:715]: 1726626,AGG,3.54,2.68,5.67,-3.00,-2.00,5.67,-3.00,-2.00,5.67,-3.00,-2.00,5.47,0.66,5.67,21.01,17.15,0.00,0.00,0.00,0.20,0.20,0,0
[10:58:38.492][S][sensor]: 'Shelly Real Current L1' >> 4.31 A
[10:58:38.492][S][sensor]: 'Shelly Active Power L2' >> -776 W
[10:58:38.639][S][sensor]: 'Shelly Real Current L3' >> 5.67 A
[10:58:38.639][S][sensor]: 'TWC Vitals Vehicle Current' >> 0.20 A
[10:58:38.639][S][sensor]: 'Shelly Real Current L2' >> 2.68 A
[10:58:38.771][S][sensor]: 'TWC Time Since Last Poll' >> 143 ms
[10:58:38.821][I][csv:715]: 1726976,AGG,3.54,2.68,5.67,-3.00,-2.00,5.67,-3.00,-2.00,5.67,-3.00,-2.00,5.47,0.31,5.67,21.36,17.15,0.00,0.00,0.00,0.20,0.20,0,0
[10:58:38.901][I][vitals:883]: TWC vitals: A=0.00 B=0.00 C=0.20 vehicle=0.20 contactor=open
[10:58:38.914][S][sensor]: 'TWC Poll Interval' >> 197 ms
[10:58:38.915][S][sensor]: 'TWC Vitals Current L2' >> 0.00 A
[10:58:38.915][S][sensor]: 'TWC Reported Current L2' >> 17.2 A
[10:58:38.915][S][sensor]: 'TWC Reported Current L3' >> 17.2 A
[10:58:39.456][I][csv:715]: 1727609,AGG,3.54,2.68,5.67,-3.00,-2.00,5.67,-3.00,-2.00,5.67,-3.00,-2.00,5.47,-0.16,5.67,21.83,17.15,0.00,0.00,0.00,0.20,0.20,0,0
[10:58:39.462][I][csv:715]: 1727612,AGG,3.30,2.68,5.67,-3.00,-2.00,5.67,-3.00,-2.00,5.67,-3.00,-2.00,5.47,-0.16,5.67,21.83,17.15,0.00,0.00,0.00,0.20,0.20,0,0
[10:58:39.462][I][csv:715]: 1727616,AGG,3.30,2.68,5.67,-3.00,-2.00,5.67,-3.00,-2.00,5.67,-3.00,-2.00,5.47,-0.16,5.67,21.83,17.15,0.00,0.00,0.00,0.20,0.20,0,0
[10:58:39.465][I][csv:715]: 1727620,AGG,3.30,2.37,5.67,-3.00,-2.00,5.67,-3.00,-2.00,5.67,-3.00,-2.00,5.47,-0.16,5.67,21.83,17.15,0.00,0.00,0.00,0.20,0.20,0,0
[10:58:39.469][I][csv:715]: 1727624,AGG,3.30,2.37,5.67,-3.00,-2.00,5.67,-3.00,-2.00,5.67,-3.00,-2.00,5.47,-0.16,5.67,21.83,17.15,0.00,0.00,0.00,0.20,0.20,0,0
[10:58:39.477][I][csv:715]: 1727632,AGG,3.30,2.37,5.89,-3.00,-2.00,5.89,-3.00,-2.00,5.89,-3.00,-2.00,5.70,-0.16,5.89,22.06,17.15,0.00,0.00,0.00,0.20,0.20,0,0
[10:58:39.781][S][sensor]: 'TWC Reported Current L1' >> 17.2 A
[10:58:39.820][I][csv:715]: 1727976,AGG,3.30,2.37,5.89,-3.00,-2.00,5.89,-3.00,-2.00,5.89,-3.00,-2.00,5.70,-0.23,5.89,22.13,17.15,0.00,0.00,0.00,0.20,0.20,0,0
[10:58:40.089][S][sensor]: 'Shelly Active Power L1' >> -752 W
[10:58:40.089][S][sensor]: 'TWC Vitals Current L1' >> 0.00 A
[10:58:40.251][S][sensor]: 'TWC Vitals Current L3' >> 0.20 A
[10:58:40.251][S][sensor]: 'Shelly Time Since Last OK' >> 737 ms
[10:58:40.365][S][sensor]: 'Shelly Active Power L3' >> 1336 W
[10:58:40.403][I][csv:715]: 1728558,AGG,3.30,2.37,5.89,-3.00,-2.00,5.89,-3.00,-2.00,5.89,-3.00,-2.00,5.70,-0.23,5.89,22.13,17.15,0.00,0.00,0.00,0.20,0.20,0,0
[10:58:40.412][I][csv:715]: 1728562,AGG,3.25,2.37,5.89,-3.00,-2.00,5.89,-3.00,-2.00,5.89,-3.00,-2.00,5.70,-0.23,5.89,22.13,17.15,0.00,0.00,0.00,0.20,0.20,0,0
[10:58:40.417][I][csv:715]: 1728572,AGG,3.25,2.37,5.89,-3.00,-2.00,5.89,-3.00,-2.00,5.89,-3.00,-2.00,5.70,-0.23,5.89,22.13,17.15,0.00,0.00,0.00,0.20,0.20,0,0
[10:58:40.439][I][csv:715]: 1728593,AGG,3.25,2.31,5.89,-3.00,-2.00,5.89,-3.00,-2.00,5.89,-3.00,-2.00,5.70,-0.23,5.89,22.13,17.15,0.00,0.00,0.00,0.20,0.20,0,0
[10:58:40.457][I][csv:715]: 1728612,AGG,3.25,2.31,5.89,-3.00,-2.00,5.89,-3.00,-2.00,5.89,-3.00,-2.00,5.70,-0.23,5.89,22.13,17.15,0.00,0.00,0.00,0.20,0.20,0,0
[10:58:40.481][I][csv:715]: 1728636,AGG,3.25,2.31,5.97,-3.00,-2.00,5.97,-3.00,-2.00,5.97,-3.00,-2.00,5.77,-0.26,5.97,22.22,17.15,0.00,0.00,0.00,0.20,0.20,0,0
[10:58:40.502][S][sensor]: 'Shelly Real Current L1' >> 3.30 A
[10:58:40.503][S][sensor]: 'Shelly Active Power L2' >> -549 W
[10:58:40.642][S][sensor]: 'Shelly Real Current L3' >> 5.97 A
[10:58:40.642][S][sensor]: 'TWC Vitals Vehicle Current' >> 0.20 A
[10:58:40.642][S][sensor]: 'Shelly Real Current L2' >> 2.31 A
[10:58:40.783][S][sensor]: 'TWC Time Since Last Poll' >> 13 ms
[10:58:40.822][I][csv:715]: 1728976,AGG,3.25,2.31,5.97,-3.00,-2.00,5.97,-3.00,-2.00,5.97,-3.00,-2.00,5.77,-0.26,5.97,22.23,17.15,0.00,0.00,0.00,0.20,0.20,0,0
[10:58:40.902][I][vitals:883]: TWC vitals: A=0.00 B=0.00 C=0.20 vehicle=0.20 contactor=open
[10:58:40.923][S][sensor]: 'TWC Poll Interval' >> 194 ms
[10:58:40.924][S][sensor]: 'TWC Vitals Current L2' >> 0.00 A
[10:58:41.503][I][csv:715]: 1729658,AGG,3.25,2.31,5.97,-3.00,-2.00,5.97,-3.00,-2.00,5.97,-3.00,-2.00,5.77,-0.26,5.97,22.23,17.15,0.00,0.00,0.00,0.20,0.20,0,0
[10:58:41.508][I][csv:715]: 1729662,AGG,3.21,2.31,5.97,-3.00,-2.00,5.97,-3.00,-2.00,5.97,-3.00,-2.00,5.77,-0.26,5.97,22.23,17.15,0.00,0.00,0.00,0.20,0.20,0,0
[10:58:41.513][I][csv:715]: 1729666,AGG,3.21,2.31,5.97,-3.00,-2.00,5.97,-3.00,-2.00,5.97,-3.00,-2.00,5.77,-0.26,5.97,22.23,17.15,0.00,0.00,0.00,0.20,0.20,0,0
[10:58:41.521][I][csv:715]: 1729671,AGG,3.21,2.27,5.97,-3.00,-2.00,5.97,-3.00,-2.00,5.97,-3.00,-2.00,5.77,-0.26,5.97,22.23,17.15,0.00,0.00,0.00,0.20,0.20,0,0
[10:58:41.529][I][csv:715]: 1729676,AGG,3.21,2.27,5.97,-3.00,-2.00,5.97,-3.00,-2.00,5.97,-3.00,-2.00,5.77,-0.26,5.97,22.23,17.15,0.00,0.00,0.00,0.20,0.20,0,0
[10:58:41.529][I][csv:715]: 1729679,AGG,3.21,2.27,5.97,-3.00,-2.00,5.97,-3.00,-2.00,5.97,-3.00,-2.00,5.77,-0.26,5.97,22.23,17.15,0.00,0.00,0.00,0.20,0.20,0,0
[10:58:41.822][I][csv:715]: 1729976,AGG,3.21,2.27,5.97,-3.00,-2.00,5.97,-3.00,-2.00,5.97,-3.00,-2.00,5.77,-0.26,5.97,22.23,17.15,0.00,0.00,0.00,0.20,0.20,0,0
[10:58:42.101][S][sensor]: 'Shelly Active Power L1' >> -726 W
[10:58:42.101][S][sensor]: 'TWC Vitals Current L1' >> 0.00 A
[10:58:42.253][S][sensor]: 'TWC Vitals Current L3' >> 0.20 A
[10:58:42.253][S][sensor]: 'Shelly Time Since Last OK' >> 690 ms
[10:58:42.367][S][sensor]: 'Shelly Active Power L3' >> 1364 W
[10:58:42.402][I][csv:715]: 1730557,AGG,3.21,2.27,5.97,-3.00,-2.00,5.97,-3.00,-2.00,5.97,-3.00,-2.00,5.77,-0.26,5.97,22.23,17.15,0.00,0.00,0.00,0.20,0.20,0,0
[10:58:42.409][I][csv:715]: 1730561,AGG,3.19,2.27,5.97,-3.00,-2.00,5.97,-3.00,-2.00,5.97,-3.00,-2.00,5.77,-0.26,5.97,22.23,17.15,0.00,0.00,0.00,0.20,0.20,0,0
[10:58:42.429][I][csv:715]: 1730584,AGG,3.19,2.27,5.97,-3.00,-2.00,5.97,-3.00,-2.00,5.97,-3.00,-2.00,5.77,-0.26,5.97,22.23,17.15,0.00,0.00,0.00,0.20,0.20,0,0
[10:58:42.449][I][csv:715]: 1730603,AGG,3.19,2.32,5.97,-3.00,-2.00,5.97,-3.00,-2.00,5.97,-3.00,-2.00,5.77,-0.26,5.97,22.23,17.15,0.00,0.00,0.00,0.20,0.20,0,0
[10:58:42.462][I][csv:715]: 1730618,AGG,3.19,2.32,5.97,-3.00,-2.00,5.97,-3.00,-2.00,5.97,-3.00,-2.00,5.77,-0.26,5.97,22.23,17.15,0.00,0.00,0.00,0.20,0.20,0,0
[10:58:42.486][S][sensor]: 'Shelly Real Current L1' >> 3.21 A
[10:58:42.486][S][sensor]: 'Shelly Active Power L2' >> -531 W
[10:58:42.493][I][csv:715]: 1730646,AGG,3.19,2.32,5.99,-3.00,-2.00,5.99,-3.00,-2.00,5.99,-3.00,-2.00,5.79,-0.26,5.99,22.26,17.15,0.00,0.00,0.00,0.20,0.20,0,0
[10:58:42.635][S][sensor]: 'Shelly Real Current L3' >> 5.99 A
[10:58:42.635][S][sensor]: 'TWC Vitals Vehicle Current' >> 0.20 A
[10:58:42.636][S][sensor]: 'Shelly Real Current L2' >> 2.32 A
[10:58:42.784][S][sensor]: 'TWC Time Since Last Poll' >> 67 ms
[10:58:42.825][I][csv:715]: 1730976,AGG,3.19,2.32,5.99,-3.00,-2.00,5.99,-3.00,-2.00,5.99,-3.00,-2.00,5.79,-0.26,5.99,22.26,17.15,0.00,0.00,0.00,0.20,0.20,0,0
[10:58:42.905][I][vitals:883]: TWC vitals: A=0.00 B=0.00 C=0.20 vehicle=0.20 contactor=open
[10:58:42.929][S][sensor]: 'TWC Vitals Current L2' >> 0.00 A
[10:58:42.929][S][sensor]: 'TWC Poll Interval' >> 180 ms
[10:58:43.450][I][csv:715]: 1731601,AGG,3.19,2.32,5.99,-3.00,-2.00,5.99,-3.00,-2.00,5.99,-3.00,-2.00,5.79,-0.26,5.99,22.26,17.15,0.00,0.00,0.00,0.20,0.20,0,0
[10:58:43.461][I][csv:715]: 1731605,AGG,3.27,2.32,5.99,-3.00,-2.00,5.99,-3.00,-2.00,5.99,-3.00,-2.00,5.79,-0.26,5.99,22.26,17.15,0.00,0.00,0.00,0.20,0.20,0,0
[10:58:43.461][I][csv:715]: 1731608,AGG,3.27,2.32,5.99,-3.00,-2.00,5.99,-3.00,-2.00,5.99,-3.00,-2.00,5.79,-0.26,5.99,22.26,17.15,0.00,0.00,0.00,0.20,0.20,0,0
[10:58:43.467][I][csv:715]: 1731620,AGG,3.27,2.33,5.99,-3.00,-2.00,5.99,-3.00,-2.00,5.99,-3.00,-2.00,5.79,-0.26,5.99,22.26,17.15,0.00,0.00,0.00,0.20,0.20,0,0
[10:58:43.472][I][csv:715]: 1731626,AGG,3.27,2.33,5.99,-3.00,-2.00,5.99,-3.00,-2.00,5.99,-3.00,-2.00,5.79,-0.26,5.99,22.26,17.15,0.00,0.00,0.00,0.20,0.20,0,0
[10:58:43.499][I][csv:715]: 1731652,AGG,3.27,2.33,5.89,-3.00,-2.00,5.89,-3.00,-2.00,5.89,-3.00,-2.00,5.69,-0.24,5.89,22.13,17.15,0.00,0.00,0.00,0.20,0.20,0,0
[10:58:43.824][I][csv:715]: 1731976,AGG,3.27,2.33,5.89,-3.00,-2.00,5.89,-3.00,-2.00,5.89,-3.00,-2.00,5.69,-0.23,5.89,22.12,17.15,0.00,0.00,0.00,0.20,0.20,0,0
[10:58:43.931][S][sensor]: 'TWC Reported Current L3' >> 17.2 A
[10:58:43.931][S][sensor]: 'TWC Reported Current L2' >> 17.2 A
[10:58:44.102][S][sensor]: 'Shelly Active Power L1' >> -742 W
[10:58:44.102][S][sensor]: 'TWC Vitals Current L1' >> 0.00 A
[10:58:44.247][S][sensor]: 'TWC Vitals Current L3' >> 0.20 A
[10:58:44.247][S][sensor]: 'Shelly Time Since Last OK' >> 717 ms
[10:58:44.367][S][sensor]: 'Shelly Active Power L3' >> 1337 W
[10:58:44.412][I][csv:715]: 1732565,AGG,3.27,2.33,5.89,-3.00,-2.00,5.89,-3.00,-2.00,5.89,-3.00,-2.00,5.69,-0.23,5.89,22.12,17.15,0.00,0.00,0.00,0.20,0.20,0,0
[10:58:44.419][I][csv:715]: 1732575,AGG,3.39,2.33,5.89,-3.00,-2.00,5.89,-3.00,-2.00,5.89,-3.00,-2.00,5.69,-0.23,5.89,22.12,17.15,0.00,0.00,0.00,0.20,0.20,0,0
[10:58:44.437][I][csv:715]: 1732592,AGG,3.39,2.33,5.89,-3.00,-2.00,5.89,-3.00,-2.00,5.89,-3.00,-2.00,5.69,-0.23,5.89,22.12,17.15,0.00,0.00,0.00,0.20,0.20,0,0
[10:58:44.478][I][csv:715]: 1732619,AGG,3.39,2.58,5.89,-3.00,-2.00,5.89,-3.00,-2.00,5.89,-3.00,-2.00,5.69,-0.23,5.89,22.12,17.15,0.00,0.00,0.00,0.20,0.20,0,0
[10:58:44.484][I][csv:715]: 1732630,AGG,3.39,2.58,5.89,-3.00,-2.00,5.89,-3.00,-2.00,5.89,-3.00,-2.00,5.69,-0.23,5.89,22.12,17.15,0.00,0.00,0.00,0.20,0.20,0,0
[10:58:44.497][S][sensor]: 'Shelly Real Current L1' >> 3.27 A
[10:58:44.498][S][sensor]: 'Shelly Active Power L2' >> -548 W
[10:58:44.512][I][csv:715]: 1732667,AGG,3.39,2.58,5.79,-3.00,-2.00,5.79,-3.00,-2.00,5.79,-3.00,-2.00,5.59,-0.20,5.79,21.98,17.15,0.00,0.00,0.00,0.20,0.20,0,0
[10:58:44.637][S][sensor]: 'Shelly Real Current L3' >> 5.79 A
[10:58:44.637][S][sensor]: 'TWC Vitals Vehicle Current' >> 0.20 A
[10:58:44.637][S][sensor]: 'Shelly Real Current L2' >> 2.58 A
[10:58:44.782][S][sensor]: 'TWC Time Since Last Poll' >> 130 ms
[10:58:44.782][S][sensor]: 'TWC Reported Current L1' >> 17.2 A
[10:58:44.821][I][csv:715]: 1732976,AGG,3.39,2.58,5.79,-3.00,-2.00,5.79,-3.00,-2.00,5.79,-3.00,-2.00,5.59,-0.20,5.79,21.98,17.15,0.00,0.00,0.00,0.20,0.20,0,0
[10:58:44.900][I][vitals:883]: TWC vitals: A=0.00 B=0.00 C=0.20 vehicle=0.20 contactor=open
[10:58:44.929][S][sensor]: 'TWC Vitals Current L2' >> 0.00 A
[10:58:44.929][S][sensor]: 'TWC Poll Interval' >> 194 ms
[10:58:45.498][I][csv:715]: 1733650,AGG,3.39,2.58,5.79,-3.00,-2.00,5.79,-3.00,-2.00,5.79,-3.00,-2.00,5.59,-0.20,5.79,21.98,17.15,0.00,0.00,0.00,0.20,0.20,0,0
[10:58:45.504][I][csv:715]: 1733654,AGG,3.53,2.58,5.79,-3.00,-2.00,5.79,-3.00,-2.00,5.79,-3.00,-2.00,5.59,-0.20,5.79,21.98,17.15,0.00,0.00,0.00,0.20,0.20,0,0
[10:58:45.504][I][csv:715]: 1733657,AGG,3.53,2.58,5.79,-3.00,-2.00,5.79,-3.00,-2.00,5.79,-3.00,-2.00,5.59,-0.20,5.79,21.98,17.15,0.00,0.00,0.00,0.20,0.20,0,0
[10:58:45.508][I][csv:715]: 1733662,AGG,3.53,2.58,5.79,-3.00,-2.00,5.79,-3.00,-2.00,5.79,-3.00,-2.00,5.59,-0.20,5.79,21.98,17.15,0.00,0.00,0.00,0.20,0.20,0,0
[10:58:45.522][I][csv:715]: 1733678,AGG,3.53,2.58,5.68,-3.00,-2.00,5.68,-3.00,-2.00,5.68,-3.00,-2.00,5.48,-0.18,5.68,21.86,17.15,0.00,0.00,0.00,0.20,0.20,0,0
[10:58:45.821][I][csv:715]: 1733976,AGG,3.53,2.58,5.68,-3.00,-2.00,5.68,-3.00,-2.00,5.68,-3.00,-2.00,5.48,-0.16,5.68,21.84,17.15,0.00,0.00,0.00,0.20,0.20,0,0
[10:58:46.093][S][sensor]: 'Shelly Active Power L1' >> -799 W
[10:58:46.093][S][sensor]: 'TWC Vitals Current L1' >> 0.00 A
[10:58:46.245][S][sensor]: 'TWC Vitals Current L3' >> 0.20 A
[10:58:46.245][S][sensor]: 'Shelly Time Since Last OK' >> 691 ms
[10:58:46.374][S][sensor]: 'Shelly Active Power L3' >> 1285 W
[10:58:46.421][I][csv:715]: 1734575,AGG,3.53,2.58,5.68,-3.00,-2.00,5.68,-3.00,-2.00,5.68,-3.00,-2.00,5.48,-0.16,5.68,21.84,17.15,0.00,0.00,0.00,0.20,0.20,0,0
[10:58:46.430][I][csv:715]: 1734585,AGG,3.80,2.58,5.68,-3.00,-2.00,5.68,-3.00,-2.00,5.68,-3.00,-2.00,5.48,-0.16,5.68,21.84,17.15,0.00,0.00,0.00,0.20,0.20,0,0
[10:58:46.452][I][csv:715]: 1734607,AGG,3.80,2.58,5.68,-3.00,-2.00,5.68,-3.00,-2.00,5.68,-3.00,-2.00,5.48,-0.16,5.68,21.84,17.15,0.00,0.00,0.00,0.20,0.20,0,0
[10:58:46.471][I][csv:715]: 1734626,AGG,3.80,2.92,5.68,-3.00,-2.00,5.68,-3.00,-2.00,5.68,-3.00,-2.00,5.48,-0.16,5.68,21.84,17.15,0.00,0.00,0.00,0.20,0.20,0,0
[10:58:46.498][S][sensor]: 'Shelly Real Current L1' >> 3.53 A
[10:58:46.499][S][sensor]: 'Shelly Active Power L2' >> -598 W
[10:58:46.509][I][csv:715]: 1734653,AGG,3.80,2.92,5.68,-3.00,-2.00,5.68,-3.00,-2.00,5.68,-3.00,-2.00,5.48,-0.16,5.68,21.84,17.15,0.00,0.00,0.00,0.20,0.20,0,0
[10:58:46.527][I][csv:715]: 1734683,AGG,3.80,2.92,5.42,-3.00,-2.00,5.42,-3.00,-2.00,5.42,-3.00,-2.00,5.22,-0.13,5.42,21.55,17.15,0.00,0.00,0.00,0.20,0.20,0,0
[10:58:46.636][S][sensor]: 'Shelly Real Current L3' >> 5.42 A
[10:58:46.636][S][sensor]: 'TWC Vitals Vehicle Current' >> 0.20 A
[10:58:46.636][S][sensor]: 'Shelly Real Current L2' >> 2.92 A
[10:58:46.772][S][sensor]: 'TWC Time Since Last Poll' >> 193 ms
[10:58:46.824][I][csv:715]: 1734976,AGG,3.80,2.92,5.42,-3.00,-2.00,5.42,-3.00,-2.00,5.42,-3.00,-2.00,5.22,-0.07,5.42,21.50,17.15,0.00,0.00,0.00,0.20,0.20,0,0
[10:58:46.900][I][vitals:883]: TWC vitals: A=0.00 B=0.00 C=0.20 vehicle=0.20 contactor=open
[10:58:46.924][S][sensor]: 'TWC Vitals Current L2' >> 0.00 A
[10:58:46.925][S][sensor]: 'TWC Poll Interval' >> 193 ms
[10:58:47.546][I][csv:715]: 1735702,AGG,3.80,2.92,5.42,-3.00,-2.00,5.42,-3.00,-2.00,5.42,-3.00,-2.00,5.22,-0.07,5.42,21.50,17.15,0.00,0.00,0.00,0.20,0.20,0,0
[10:58:47.555][I][csv:715]: 1735706,AGG,4.22,2.92,5.42,-4.00,-2.00,5.42,-4.00,-2.00,5.42,-4.00,-2.00,5.22,-0.07,5.42,21.49,17.15,0.00,0.00,0.00,0.20,0.20,0,0
[10:58:47.562][I][csv:715]: 1735710,AGG,4.22,2.92,5.42,-4.00,-2.00,5.42,-4.00,-2.00,5.42,-4.00,-2.00,5.22,-0.07,5.42,21.49,17.15,0.00,0.00,0.00,0.20,0.20,0,0
[10:58:47.563][I][csv:715]: 1735714,AGG,4.22,3.31,5.42,-4.00,-3.00,5.42,-4.00,-3.00,5.42,-4.00,-3.00,5.22,-0.06,5.42,21.49,17.15,0.00,0.00,0.00,0.20,0.20,0,0
[10:58:47.568][I][csv:715]: 1735717,AGG,4.22,3.31,5.42,-4.00,-3.00,5.42,-4.00,-3.00,5.42,-4.00,-3.00,5.22,-0.06,5.42,21.48,17.15,0.00,0.00,0.00,0.20,0.20,0,0
[10:58:47.569][I][csv:715]: 1735720,AGG,4.22,3.31,4.99,-4.00,-3.00,4.99,-4.00,-3.00,4.99,-4.00,-3.00,4.79,-0.06,4.99,21.05,17.15,0.00,0.00,0.00,0.20,0.20,0,0
[10:58:47.821][I][csv:715]: 1735976,AGG,4.22,3.31,4.99,-4.00,-3.00,4.99,-4.00,-3.00,4.99,-4.00,-3.00,4.79,0.20,4.99,20.79,17.15,0.00,0.00,0.00,0.20,0.20,0,0
[10:58:48.099][S][sensor]: 'Shelly Active Power L1' >> -968 W
[10:58:48.099][S][sensor]: 'TWC Vitals Current L1' >> 0.00 A
[10:58:48.239][S][sensor]: 'TWC Vitals Current L3' >> 0.20 A
[10:58:48.239][S][sensor]: 'Shelly Time Since Last OK' >> 649 ms
[10:58:48.367][S][sensor]: 'Shelly Active Power L3' >> 1128 W
[10:58:48.499][S][sensor]: 'Shelly Real Current L1' >> 4.22 A
[10:58:48.499][S][sensor]: 'Shelly Active Power L2' >> -779 W
[10:58:48.523][I][csv:715]: 1736677,AGG,4.22,3.31,4.99,-4.00,-3.00,4.99,-4.00,-3.00,4.99,-4.00,-3.00,4.79,0.74,4.99,20.26,17.15,0.00,0.00,0.00,0.20,0.20,0,0
[10:58:48.533][I][csv:715]: 1736681,AGG,4.61,3.31,4.99,-4.00,-3.00,4.99,-4.00,-3.00,4.99,-4.00,-3.00,4.79,0.74,4.99,20.26,17.15,0.00,0.00,0.00,0.20,0.20,0,0
[10:58:48.538][I][csv:715]: 1736684,AGG,4.61,3.31,4.99,-4.00,-3.00,4.99,-4.00,-3.00,4.99,-4.00,-3.00,4.79,0.74,4.99,20.26,17.15,0.00,0.00,0.00,0.20,0.20,0,0
[10:58:48.538][I][csv:715]: 1736690,AGG,4.61,3.77,4.99,-4.00,-3.00,4.99,-4.00,-3.00,4.99,-4.00,-3.00,4.79,0.74,4.99,20.26,17.15,0.00,0.00,0.00,0.20,0.20,0,0
[10:58:48.542][I][csv:715]: 1736696,AGG,4.61,3.77,4.99,-4.00,-3.00,4.99,-4.00,-3.00,4.99,-4.00,-3.00,4.79,0.74,4.99,20.26,17.15,0.00,0.00,0.00,0.20,0.20,0,0
[10:58:48.547][I][csv:715]: 1736701,AGG,4.61,3.77,4.64,-4.00,-3.00,4.64,-4.00,-3.00,4.64,-4.00,-3.00,4.44,0.74,4.64,19.90,17.15,0.00,0.00,0.00,0.20,0.20,0,0
[10:58:48.660][S][sensor]: 'Shelly Real Current L3' >> 4.64 A
[10:58:48.660][S][sensor]: 'TWC Vitals Vehicle Current' >> 0.20 A
[10:58:48.660][S][sensor]: 'Shelly Real Current L2' >> 3.77 A
[10:58:48.770][S][sensor]: 'TWC Time Since Last Poll' >> 117 ms
[10:58:48.856][I][csv:715]: 1736977,AGG,4.61,3.77,4.64,-4.00,-3.00,4.64,-4.00,-3.00,4.64,-4.00,-3.00,4.44,0.85,4.64,19.79,17.15,0.00,0.00,0.00,0.20,0.20,0,0
[10:58:48.898][I][vitals:883]: TWC vitals: A=0.00 B=0.00 C=0.20 vehicle=0.20 contactor=open
[10:58:48.922][S][sensor]: 'TWC Poll Interval' >> 170 ms
[10:58:48.922][S][sensor]: 'TWC Vitals Current L2' >> 0.00 A
[10:58:48.922][S][sensor]: 'TWC Reported Current L3' >> 17.2 A
[10:58:48.922][S][sensor]: 'TWC Reported Current L2' >> 17.2 A
[10:58:49.488][I][csv:715]: 1737644,AGG,4.61,3.77,4.64,-4.00,-3.00,4.64,-4.00,-3.00,4.64,-4.00,-3.00,4.44,0.85,4.64,19.79,17.15,0.00,0.00,0.00,0.20,0.20,0,0
[10:58:49.493][I][csv:715]: 1737647,AGG,4.68,3.77,4.64,-4.00,-3.00,4.64,-4.00,-3.00,4.64,-4.00,-3.00,4.44,0.85,4.64,19.79,17.15,0.00,0.00,0.00,0.20,0.20,0,0
[10:58:49.501][I][csv:715]: 1737652,AGG,4.68,3.77,4.64,-4.00,-3.00,4.64,-4.00,-3.00,4.64,-4.00,-3.00,4.44,0.85,4.64,19.79,17.15,0.00,0.00,0.00,0.20,0.20,0,0
[10:58:49.501][I][csv:715]: 1737655,AGG,4.68,3.78,4.64,-4.00,-3.00,4.64,-4.00,-3.00,4.64,-4.00,-3.00,4.44,0.85,4.64,19.79,17.15,0.00,0.00,0.00,0.20,0.20,0,0
[10:58:49.518][I][csv:715]: 1737674,AGG,4.68,3.78,4.64,-4.00,-3.00,4.64,-4.00,-3.00,4.64,-4.00,-3.00,4.44,0.85,4.64,19.79,17.15,0.00,0.00,0.00,0.20,0.20,0,0
[10:58:49.542][I][csv:715]: 1737698,AGG,4.68,3.78,4.72,-4.00,-3.00,4.72,-4.00,-3.00,4.72,-4.00,-3.00,4.52,0.83,4.72,19.89,17.15,0.00,0.00,0.00,0.20,0.20,0,0
[10:58:49.790][S][sensor]: 'TWC Reported Current L1' >> 17.2 A
[10:58:49.822][I][csv:715]: 1737977,AGG,4.68,3.78,4.72,-4.00,-3.00,4.72,-4.00,-3.00,4.72,-4.00,-3.00,4.52,0.83,4.72,19.89,17.15,0.00,0.00,0.00,0.20,0.20,0,0
[10:58:50.101][S][sensor]: 'Shelly Active Power L1' >> -1075 W
[10:58:50.102][S][sensor]: 'TWC Vitals Current L1' >> 0.00 A
[10:58:50.259][S][sensor]: 'TWC Vitals Current L3' >> 0.20 A
[10:58:50.259][S][sensor]: 'Shelly Time Since Last OK' >> 672 ms
[10:58:50.366][S][sensor]: 'Shelly Active Power L3' >> 1086 W
[10:58:50.495][S][sensor]: 'Shelly Real Current L1' >> 4.68 A
[10:58:50.496][S][sensor]: 'Shelly Active Power L2' >> -888 W
[10:58:50.505][I][csv:715]: 1738659,AGG,4.68,3.78,4.72,-4.00,-3.00,4.72,-4.00,-3.00,4.72,-4.00,-3.00,4.52,0.83,4.72,19.89,17.15,0.00,0.00,0.00,0.20,0.20,0,0
[10:58:50.510][I][csv:715]: 1738663,AGG,4.48,3.78,4.72,-4.00,-3.00,4.72,-4.00,-3.00,4.72,-4.00,-3.00,4.52,0.83,4.72,19.89,17.15,0.00,0.00,0.00,0.20,0.20,0,0
[10:58:50.517][I][csv:715]: 1738668,AGG,4.48,3.78,4.72,-4.00,-3.00,4.72,-4.00,-3.00,4.72,-4.00,-3.00,4.52,0.83,4.72,19.89,17.15,0.00,0.00,0.00,0.20,0.20,0,0
[10:58:50.519][I][csv:715]: 1738673,AGG,4.48,3.64,4.72,-4.00,-3.00,4.72,-4.00,-3.00,4.72,-4.00,-3.00,4.52,0.83,4.72,19.89,17.15,0.00,0.00,0.00,0.20,0.20,0,0
[10:58:50.554][I][csv:715]: 1738707,AGG,4.48,3.64,4.72,-4.00,-3.00,4.72,-4.00,-3.00,4.72,-4.00,-3.00,4.52,0.83,4.72,19.89,17.15,0.00,0.00,0.00,0.20,0.20,0,0
[10:58:50.563][I][csv:715]: 1738718,AGG,4.48,3.64,4.89,-4.00,-3.00,4.89,-4.00,-3.00,4.89,-4.00,-3.00,4.69,0.82,4.89,20.08,17.15,0.00,0.00,0.00,0.20,0.20,0,0
[10:58:50.659][S][sensor]: 'TWC Vitals Vehicle Current' >> 0.20 A
[10:58:50.659][S][sensor]: 'Shelly Real Current L3' >> 4.72 A
[10:58:50.659][S][sensor]: 'Shelly Real Current L2' >> 3.64 A
[10:58:50.774][S][sensor]: 'TWC Time Since Last Poll' >> 12 ms
[10:58:50.822][I][csv:715]: 1738977,AGG,4.48,3.64,4.89,-4.00,-3.00,4.89,-4.00,-3.00,4.89,-4.00,-3.00,4.69,0.77,4.89,20.12,17.15,0.00,0.00,0.00,0.20,0.20,0,0
[10:58:50.899][I][vitals:883]: TWC vitals: A=0.00 B=0.00 C=0.20 vehicle=0.20 contactor=open
[10:58:50.921][S][sensor]: 'TWC Poll Interval' >> 195 ms
[10:58:50.921][S][sensor]: 'TWC Vitals Current L2' >> 0.00 A
[10:58:51.539][I][csv:715]: 1739693,AGG,4.48,3.64,4.89,-4.00,-3.00,4.89,-4.00,-3.00,4.89,-4.00,-3.00,4.69,0.77,4.89,20.12,17.15,0.00,0.00,0.00,0.20,0.20,0,0
[10:58:51.544][I][csv:715]: 1739697,AGG,3.95,3.64,4.89,-3.00,-3.00,4.89,-3.00,-3.00,4.89,-3.00,-3.00,4.69,0.77,4.89,20.13,17.15,0.00,0.00,0.00,0.20,0.20,0,0
[10:58:51.550][I][csv:715]: 1739700,AGG,3.95,3.64,4.89,-3.00,-3.00,4.89,-3.00,-3.00,4.89,-3.00,-3.00,4.69,0.76,4.89,20.13,17.15,0.00,0.00,0.00,0.20,0.20,0,0
[10:58:51.550][I][csv:715]: 1739705,AGG,3.95,3.07,4.89,-3.00,-3.00,4.89,-3.00,-3.00,4.89,-3.00,-3.00,4.69,0.76,4.89,20.13,17.15,0.00,0.00,0.00,0.20,0.20,0,0
[10:58:51.560][I][csv:715]: 1739714,AGG,3.95,3.07,4.89,-3.00,-3.00,4.89,-3.00,-3.00,4.89,-3.00,-3.00,4.69,0.75,4.89,20.14,17.15,0.00,0.00,0.00,0.20,0.20,0,0
[10:58:51.572][I][csv:715]: 1739727,AGG,3.95,3.07,5.36,-3.00,-3.00,5.36,-3.00,-3.00,5.36,-3.00,-3.00,5.16,0.74,5.36,20.62,17.15,0.00,0.00,0.00,0.20,0.20,0,0
[10:58:51.825][I][csv:715]: 1739977,AGG,3.95,3.07,5.36,-3.00,-3.00,5.36,-3.00,-3.00,5.36,-3.00,-3.00,5.16,0.49,5.36,20.87,17.15,0.00,0.00,0.00,0.20,0.20,0,0
[10:58:52.099][S][sensor]: 'Shelly Active Power L1' >> -895 W
[10:58:52.099][S][sensor]: 'TWC Vitals Current L1' >> 0.00 A
[10:58:52.242][S][sensor]: 'TWC Vitals Current L3' >> 0.20 A
[10:58:52.242][S][sensor]: 'Shelly Time Since Last OK' >> 642 ms
[10:58:52.368][S][sensor]: 'Shelly Active Power L3' >> 1251 W
[10:58:52.489][S][sensor]: 'Shelly Real Current L1' >> 3.95 A
[10:58:52.489][S][sensor]: 'Shelly Active Power L2' >> -707 W
[10:58:52.530][I][csv:715]: 1740684,AGG,3.95,3.07,5.36,-3.00,-3.00,5.36,-3.00,-3.00,5.36,-3.00,-3.00,5.16,0.28,5.36,21.07,17.15,0.00,0.00,0.00,0.20,0.20,0,0
[10:58:52.534][I][csv:715]: 1740688,AGG,3.26,3.07,5.36,-3.00,-3.00,5.36,-3.00,-3.00,5.36,-3.00,-3.00,5.16,0.28,5.36,21.07,17.15,0.00,0.00,0.00,0.20,0.20,0,0
[10:58:52.542][I][csv:715]: 1740693,AGG,3.26,3.07,5.36,-3.00,-3.00,5.36,-3.00,-3.00,5.36,-3.00,-3.00,5.16,0.28,5.36,21.07,17.15,0.00,0.00,0.00,0.20,0.20,0,0
[10:58:52.542][I][csv:715]: 1740696,AGG,3.26,2.34,5.36,-3.00,-2.00,5.36,-3.00,-2.00,5.36,-3.00,-2.00,5.16,0.28,5.36,21.08,17.15,0.00,0.00,0.00,0.20,0.20,0,0
[10:58:52.562][I][csv:715]: 1740716,AGG,3.26,2.34,5.36,-3.00,-2.00,5.36,-3.00,-2.00,5.36,-3.00,-2.00,5.16,0.26,5.36,21.10,17.15,0.00,0.00,0.00,0.20,0.20,0,0
[10:58:52.578][I][csv:715]: 1740734,AGG,3.26,2.34,5.99,-3.00,-2.00,5.99,-3.00,-2.00,5.99,-3.00,-2.00,5.80,0.24,5.99,21.75,17.15,0.00,0.00,0.00,0.20,0.20,0,0
[10:58:52.660][S][sensor]: 'Shelly Real Current L3' >> 5.36 A
[10:58:52.660][S][sensor]: 'TWC Vitals Vehicle Current' >> 0.20 A
[10:58:52.660][S][sensor]: 'Shelly Real Current L2' >> 2.34 A
[10:58:52.772][S][sensor]: 'TWC Time Since Last Poll' >> 57 ms
[10:58:52.821][I][csv:715]: 1740977,AGG,3.26,2.34,5.99,-3.00,-2.00,5.99,-3.00,-2.00,5.99,-3.00,-2.00,5.80,-0.00,5.99,22.00,17.15,0.00,0.00,0.00,0.20,0.20,0,0
[10:58:52.900][I][vitals:883]: TWC vitals: A=0.00 B=0.00 C=0.20 vehicle=0.20 contactor=open
[10:58:52.924][S][sensor]: 'TWC Poll Interval' >> 191 ms
[10:58:52.924][S][sensor]: 'TWC Vitals Current L2' >> 0.00 A
[10:58:53.587][I][csv:715]: 1741742,AGG,3.26,2.34,5.99,-3.00,-2.00,5.99,-3.00,-2.00,5.99,-3.00,-2.00,5.80,-0.27,5.99,22.26,17.15,0.00,0.00,0.00,0.20,0.20,0,0
[10:58:53.595][I][csv:715]: 1741745,AGG,3.03,2.34,5.99,-3.00,-2.00,5.99,-3.00,-2.00,5.99,-3.00,-2.00,5.80,-0.27,5.99,22.26,17.15,0.00,0.00,0.00,0.20,0.20,0,0
[10:58:53.595][I][csv:715]: 1741748,AGG,3.03,2.34,5.99,-3.00,-2.00,5.99,-3.00,-2.00,5.99,-3.00,-2.00,5.80,-0.27,5.99,22.26,17.15,0.00,0.00,0.00,0.20,0.20,0,0
[10:58:53.599][I][csv:715]: 1741751,AGG,3.03,2.11,5.99,-3.00,-2.00,5.99,-3.00,-2.00,5.99,-3.00,-2.00,5.80,-0.27,5.99,22.26,17.15,0.00,0.00,0.00,0.20,0.20,0,0
[10:58:53.605][I][csv:715]: 1741758,AGG,3.03,2.11,5.99,-3.00,-2.00,5.99,-3.00,-2.00,5.99,-3.00,-2.00,5.80,-0.27,5.99,22.26,17.15,0.00,0.00,0.00,0.20,0.20,0,0
[10:58:53.610][I][csv:715]: 1741761,AGG,3.03,2.11,6.22,-3.00,-2.00,6.22,-3.00,-2.00,6.22,-3.00,-2.00,6.02,-0.27,6.22,22.49,17.15,0.00,0.00,0.00,0.20,0.20,0,0
[10:58:53.823][I][csv:715]: 1741977,AGG,3.03,2.11,6.22,-3.00,-2.00,6.22,-3.00,-2.00,6.22,-3.00,-2.00,6.02,-0.34,6.22,22.56,17.15,0.00,0.00,0.00,0.20,0.20,0,0
[10:58:53.930][S][sensor]: 'TWC Reported Current L3' >> 17.2 A
[10:58:53.930][S][sensor]: 'TWC Reported Current L2' >> 17.2 A
[10:58:54.093][S][sensor]: 'Shelly Active Power L1' >> -681 W
[10:58:54.094][S][sensor]: 'TWC Vitals Current L1' >> 0.00 A
[10:58:54.261][S][sensor]: 'TWC Vitals Current L3' >> 0.20 A
[10:58:54.261][S][sensor]: 'Shelly Time Since Last OK' >> 608 ms
[10:58:54.369][S][sensor]: 'Shelly Active Power L3' >> 1426 W
[10:58:54.498][S][sensor]: 'Shelly Real Current L1' >> 3.03 A
[10:58:54.499][S][sensor]: 'Shelly Active Power L2' >> -487 W
[10:58:54.507][I][csv:715]: 1742661,AGG,3.03,2.11,6.22,-3.00,-2.00,6.22,-3.00,-2.00,6.22,-3.00,-2.00,6.02,-0.34,6.22,22.56,17.15,0.00,0.00,0.00,0.20,0.20,0,0
[10:58:54.524][I][csv:715]: 1742664,AGG,2.90,2.11,6.22,-2.00,-2.00,6.22,-2.00,-2.00,6.22,-2.00,-2.00,6.02,-0.34,6.22,22.56,17.15,0.00,0.00,0.00,0.20,0.20,0,0
[10:58:54.534][I][csv:715]: 1742688,AGG,2.90,2.11,6.22,-2.00,-2.00,6.22,-2.00,-2.00,6.22,-2.00,-2.00,6.02,-0.37,6.22,22.59,17.15,0.00,0.00,0.00,0.20,0.20,0,0
[10:58:54.538][I][csv:715]: 1742693,AGG,2.90,2.06,6.22,-2.00,-2.00,6.22,-2.00,-2.00,6.22,-2.00,-2.00,6.02,-0.37,6.22,22.59,17.15,0.00,0.00,0.00,0.20,0.20,0,0
[10:58:54.575][I][csv:715]: 1742727,AGG,2.90,2.06,6.22,-2.00,-2.00,6.22,-2.00,-2.00,6.22,-2.00,-2.00,6.02,-0.41,6.22,22.63,17.15,0.00,0.00,0.00,0.20,0.20,0,0
[10:58:54.590][I][csv:715]: 1742744,AGG,2.90,2.06,6.33,-2.00,-2.00,6.33,-2.00,-2.00,6.33,-2.00,-2.00,6.13,-0.42,6.33,22.75,17.15,0.00,0.00,0.00,0.20,0.20,0,0
[10:58:54.659][S][sensor]: 'Shelly Real Current L3' >> 6.22 A
[10:58:54.660][S][sensor]: 'TWC Vitals Vehicle Current' >> 0.20 A
[10:58:54.660][S][sensor]: 'Shelly Real Current L2' >> 2.06 A
[10:58:54.771][S][sensor]: 'TWC Time Since Last Poll' >> 121 ms
[10:58:54.772][S][sensor]: 'TWC Reported Current L1' >> 17.2 A
[10:58:54.822][I][csv:715]: 1742977,AGG,2.90,2.06,6.33,-2.00,-2.00,6.33,-2.00,-2.00,6.33,-2.00,-2.00,6.13,-0.66,6.33,22.98,17.15,0.00,0.00,0.00,0.20,0.20,0,0
[10:58:54.900][I][vitals:883]: TWC vitals: A=0.00 B=0.00 C=0.20 vehicle=0.20 contactor=open
[10:58:54.922][S][sensor]: 'TWC Poll Interval' >> 190 ms
[10:58:54.923][S][sensor]: 'TWC Vitals Current L2' >> 0.00 A
[10:58:55.530][I][csv:715]: 1743685,AGG,2.90,2.06,6.33,-2.00,-2.00,6.33,-2.00,-2.00,6.33,-2.00,-2.00,6.13,-0.71,6.33,23.03,17.15,0.00,0.00,0.00,0.20,0.20,0,0
[10:58:55.538][I][csv:715]: 1743688,AGG,2.87,2.06,6.33,-2.00,-2.00,6.33,-2.00,-2.00,6.33,-2.00,-2.00,6.13,-0.71,6.33,23.03,17.15,0.00,0.00,0.00,0.20,0.20,0,0
[10:58:55.543][I][csv:715]: 1743691,AGG,2.87,2.06,6.33,-2.00,-2.00,6.33,-2.00,-2.00,6.33,-2.00,-2.00,6.13,-0.71,6.33,23.03,17.15,0.00,0.00,0.00,0.20,0.20,0,0
[10:58:55.547][I][csv:715]: 1743702,AGG,2.87,1.95,6.33,-2.00,-1.00,6.33,-2.00,-1.00,6.33,-2.00,-1.00,6.13,-0.72,6.33,23.05,17.15,0.00,0.00,0.00,0.20,0.20,0,0
[10:58:55.575][I][csv:715]: 1743730,AGG,2.87,1.95,6.33,-2.00,-1.00,6.33,-2.00,-1.00,6.33,-2.00,-1.00,6.13,-0.75,6.33,23.07,17.15,0.00,0.00,0.00,0.20,0.20,0,0
[10:58:55.597][I][csv:715]: 1743751,AGG,2.87,1.95,6.39,-2.00,-1.00,6.39,-2.00,-1.00,6.39,-2.00,-1.00,6.19,-0.77,6.39,23.16,17.15,0.00,0.00,0.00,0.20,0.20,0,0
[10:58:55.697][S][sensor]: 'TWC Control WiFi Signal' >> -24 dBm
[10:58:55.823][I][csv:715]: 1743977,AGG,2.87,1.95,6.39,-2.00,-1.00,6.39,-2.00,-1.00,6.39,-2.00,-1.00,6.19,-0.99,6.39,23.38,17.15,0.00,0.00,0.00,0.20,0.20,0,0
[10:58:56.099][S][sensor]: 'Shelly Active Power L1' >> -650 W
[10:58:56.100][S][sensor]: 'TWC Vitals Current L1' >> 0.00 A
[10:58:56.242][S][sensor]: 'TWC Vitals Current L3' >> 0.20 A
[10:58:56.242][S][sensor]: 'Shelly Time Since Last OK' >> 618 ms
[10:58:56.373][S][sensor]: 'Shelly Active Power L3' >> 1464 W
[10:58:56.486][S][sensor]: 'Shelly Real Current L1' >> 2.87 A
[10:58:56.486][S][sensor]: 'Shelly Active Power L2' >> -451 W
[10:58:56.537][I][csv:715]: 1744690,AGG,2.87,1.95,6.39,-2.00,-1.00,6.39,-2.00,-1.00,6.39,-2.00,-1.00,6.19,-1.06,6.39,23.45,17.15,0.00,0.00,0.00,0.20,0.20,0,0
[10:58:56.545][I][csv:715]: 1744694,AGG,2.93,1.95,6.39,-2.00,-1.00,6.39,-2.00,-1.00,6.39,-2.00,-1.00,6.19,-1.06,6.39,23.45,17.15,0.00,0.00,0.00,0.20,0.20,0,0
[10:58:56.552][I][csv:715]: 1744698,AGG,2.93,1.95,6.39,-2.00,-1.00,6.39,-2.00,-1.00,6.39,-2.00,-1.00,6.19,-1.06,6.39,23.45,17.15,0.00,0.00,0.00,0.20,0.20,0,0
[10:58:56.553][I][csv:715]: 1744708,AGG,2.93,2.07,6.39,-2.00,-2.00,6.39,-2.00,-2.00,6.39,-2.00,-2.00,6.19,-1.05,6.39,23.44,17.15,0.00,0.00,0.00,0.20,0.20,0,0
[10:58:56.581][I][csv:715]: 1744736,AGG,2.93,2.07,6.39,-2.00,-2.00,6.39,-2.00,-2.00,6.39,-2.00,-2.00,6.19,-1.02,6.39,23.41,17.15,0.00,0.00,0.00,0.20,0.20,0,0
[10:58:56.603][I][csv:715]: 1744758,AGG,2.93,2.07,6.34,-2.00,-2.00,6.34,-2.00,-2.00,6.34,-2.00,-2.00,6.14,-1.00,6.34,23.35,17.15,0.00,0.00,0.00,0.20,0.20,0,0
[10:58:56.659][S][sensor]: 'TWC Vitals Vehicle Current' >> 0.20 A
[10:58:56.659][S][sensor]: 'Shelly Real Current L3' >> 6.39 A
[10:58:56.659][S][sensor]: 'Shelly Real Current L2' >> 2.07 A
[10:58:56.659][S][sensor]: 'TWC Control Uptime' >> 1745 s
[10:58:56.774][S][sensor]: 'TWC Time Since Last Poll' >> 185 ms
[10:58:56.859][I][csv:715]: 1744977,AGG,2.93,2.07,6.34,-2.00,-2.00,6.34,-2.00,-2.00,6.34,-2.00,-2.00,6.14,-0.78,6.34,23.13,17.15,0.00,0.00,0.00,0.20,0.20,0,0
[10:58:56.900][I][vitals:883]: TWC vitals: A=0.00 B=0.00 C=0.20 vehicle=0.20 contactor=open
[10:58:56.924][S][sensor]: 'TWC Poll Interval' >> 193 ms
[10:58:56.924][S][sensor]: 'TWC Vitals Current L2' >> 0.00 A
[10:58:57.581][I][csv:715]: 1745733,AGG,2.93,2.07,6.34,-2.00,-2.00,6.34,-2.00,-2.00,6.34,-2.00,-2.00,6.14,-0.71,6.34,23.06,17.15,0.00,0.00,0.00,0.20,0.20,0,0
[10:58:57.586][I][csv:715]: 1745737,AGG,3.12,2.07,6.34,-3.00,-2.00,6.34,-3.00,-2.00,6.34,-3.00,-2.00,6.14,-0.71,6.34,23.05,17.15,0.00,0.00,0.00,0.20,0.20,0,0
[10:58:57.591][I][csv:715]: 1745740,AGG,3.12,2.07,6.34,-3.00,-2.00,6.34,-3.00,-2.00,6.34,-3.00,-2.00,6.14,-0.71,6.34,23.05,17.15,0.00,0.00,0.00,0.20,0.20,0,0
[10:58:57.593][I][csv:715]: 1745746,AGG,3.12,2.18,6.34,-3.00,-2.00,6.34,-3.00,-2.00,6.34,-3.00,-2.00,6.14,-0.70,6.34,23.04,17.15,0.00,0.00,0.00,0.20,0.20,0,0
[10:58:57.600][I][csv:715]: 1745753,AGG,3.12,2.18,6.34,-3.00,-2.00,6.34,-3.00,-2.00,6.34,-3.00,-2.00,6.14,-0.69,6.34,23.04,17.15,0.00,0.00,0.00,0.20,0.20,0,0
[10:58:57.610][I][csv:715]: 1745765,AGG,3.12,2.18,6.14,-3.00,-2.00,6.14,-3.00,-2.00,6.14,-3.00,-2.00,5.94,-0.68,6.14,22.82,17.15,0.00,0.00,0.00,0.20,0.20,0,0
[10:58:57.823][I][csv:715]: 1745977,AGG,3.12,2.18,6.14,-3.00,-2.00,6.14,-3.00,-2.00,6.14,-3.00,-2.00,5.94,-0.47,6.14,22.61,17.15,0.00,0.00,0.00,0.20,0.20,0,0
[10:58:58.097][S][sensor]: 'Shelly Active Power L1' >> -717 W
[10:58:58.097][S][sensor]: 'TWC Vitals Current L1' >> 0.00 A
[10:58:58.243][S][sensor]: 'TWC Vitals Current L3' >> 0.20 A
[10:58:58.243][S][sensor]: 'Shelly Time Since Last OK' >> 604 ms
[10:58:58.371][S][sensor]: 'Shelly Active Power L3' >> 1403 W
[10:58:58.484][S][sensor]: 'Shelly Real Current L1' >> 3.12 A
[10:58:58.484][S][sensor]: 'Shelly Active Power L2' >> -505 W
[10:58:58.499][I][csv:715]: 1746654,AGG,3.12,2.18,6.14,-3.00,-2.00,6.14,-3.00,-2.00,6.14,-3.00,-2.00,5.94,-0.31,6.14,22.45,17.15,0.00,0.00,0.00,0.20,0.20,0,0
[10:58:58.520][I][csv:715]: 1746674,AGG,3.36,2.18,6.14,-3.00,-2.00,6.14,-3.00,-2.00,6.14,-3.00,-2.00,5.94,-0.31,6.14,22.45,17.15,0.00,0.00,0.00,0.20,0.20,0,0
[10:58:58.543][I][csv:715]: 1746697,AGG,3.36,2.18,6.14,-3.00,-2.00,6.14,-3.00,-2.00,6.14,-3.00,-2.00,5.94,-0.31,6.14,22.45,17.15,0.00,0.00,0.00,0.20,0.20,0,0
[10:58:58.562][I][csv:715]: 1746717,AGG,3.36,2.39,6.14,-3.00,-2.00,6.14,-3.00,-2.00,6.14,-3.00,-2.00,5.94,-0.31,6.14,22.45,17.15,0.00,0.00,0.00,0.20,0.20,0,0
[10:58:58.593][I][csv:715]: 1746747,AGG,3.36,2.39,6.14,-3.00,-2.00,6.14,-3.00,-2.00,6.14,-3.00,-2.00,5.94,-0.31,6.14,22.45,17.15,0.00,0.00,0.00,0.20,0.20,0,0
[10:58:58.613][I][csv:715]: 1746768,AGG,3.36,2.39,5.91,-3.00,-2.00,5.91,-3.00,-2.00,5.91,-3.00,-2.00,5.71,-0.29,5.91,22.20,17.15,0.00,0.00,0.00,0.20,0.20,0,0
[10:58:58.654][S][sensor]: 'TWC Vitals Vehicle Current' >> 0.20 A
[10:58:58.654][S][sensor]: 'Shelly Real Current L3' >> 6.14 A
[10:58:58.654][S][sensor]: 'Shelly Real Current L2' >> 2.39 A
[10:58:58.779][S][sensor]: 'TWC Time Since Last Poll' >> 46 ms
[10:58:58.822][I][csv:715]: 1746977,AGG,3.36,2.39,5.91,-3.00,-2.00,5.91,-3.00,-2.00,5.91,-3.00,-2.00,5.71,-0.24,5.91,22.15,17.15,0.00,0.00,0.00,0.20,0.20,0,0
[10:58:58.902][I][vitals:883]: TWC vitals: A=0.00 B=0.00 C=0.20 vehicle=0.20 contactor=open
[10:58:58.933][S][sensor]: 'TWC Poll Interval' >> 186 ms
[10:58:58.933][S][sensor]: 'TWC Vitals Current L2' >> 0.00 A
[10:58:58.933][S][sensor]: 'TWC Reported Current L3' >> 17.2 A
[10:58:58.933][S][sensor]: 'TWC Reported Current L2' >> 17.2 A
[10:58:59.629][I][csv:715]: 1747784,AGG,3.36,2.39,5.91,-3.00,-2.00,5.91,-3.00,-2.00,5.91,-3.00,-2.00,5.71,-0.24,5.91,22.15,17.15,0.00,0.00,0.00,0.20,0.20,0,0
[10:58:59.635][I][csv:715]: 1747788,AGG,3.55,2.39,5.91,-3.00,-2.00,5.91,-3.00,-2.00,5.91,-3.00,-2.00,5.71,-0.24,5.91,22.15,17.15,0.00,0.00,0.00,0.20,0.20,0,0
[10:58:59.640][I][csv:715]: 1747792,AGG,3.55,2.39,5.91,-3.00,-2.00,5.91,-3.00,-2.00,5.91,-3.00,-2.00,5.71,-0.24,5.91,22.15,17.15,0.00,0.00,0.00,0.20,0.20,0,0
[10:58:59.641][I][csv:715]: 1747795,AGG,3.55,2.59,5.91,-3.00,-2.00,5.91,-3.00,-2.00,5.91,-3.00,-2.00,5.71,-0.24,5.91,22.15,17.15,0.00,0.00,0.00,0.20,0.20,0,0
[10:58:59.646][I][csv:715]: 1747800,AGG,3.55,2.59,5.91,-3.00,-2.00,5.91,-3.00,-2.00,5.91,-3.00,-2.00,5.71,-0.24,5.91,22.15,17.15,0.00,0.00,0.00,0.20,0.20,0,0
[10:58:59.651][I][csv:715]: 1747805,AGG,3.55,2.59,5.80,-3.00,-2.00,5.80,-3.00,-2.00,5.80,-3.00,-2.00,5.60,-0.23,5.80,22.03,17.15,0.00,0.00,0.00,0.20,0.20,0,0
[10:58:59.772][S][sensor]: 'TWC Reported Current L1' >> 17.2 A
[10:58:59.823][I][csv:715]: 1747977,AGG,3.55,2.59,5.80,-3.00,-2.00,5.80,-3.00,-2.00,5.80,-3.00,-2.00,5.60,-0.20,5.80,21.99,17.15,0.00,0.00,0.00,0.20,0.20,0,0
[10:59:00.102][S][sensor]: 'Shelly Active Power L1' >> -827 W
[10:59:00.102][S][sensor]: 'TWC Vitals Current L1' >> 0.00 A
[10:59:00.248][S][sensor]: 'TWC Vitals Current L3' >> 0.20 A
[10:59:00.248][S][sensor]: 'Shelly Time Since Last OK' >> 564 ms
[10:59:00.369][S][sensor]: 'Shelly Active Power L3' >> 1329 W
[10:59:00.497][S][sensor]: 'Shelly Real Current L1' >> 3.55 A
[10:59:00.497][S][sensor]: 'Shelly Active Power L2' >> -607 W
[10:59:00.515][I][csv:715]: 1748670,AGG,3.55,2.59,5.80,-3.00,-2.00,5.80,-3.00,-2.00,5.80,-3.00,-2.00,5.60,-0.20,5.80,21.99,17.15,0.00,0.00,0.00,0.20,0.20,0,0
[10:59:00.541][I][csv:715]: 1748696,AGG,3.62,2.59,5.80,-3.00,-2.00,5.80,-3.00,-2.00,5.80,-3.00,-2.00,5.60,-0.20,5.80,21.99,17.15,0.00,0.00,0.00,0.20,0.20,0,0
[10:59:00.561][I][csv:715]: 1748712,AGG,3.62,2.59,5.80,-3.00,-2.00,5.80,-3.00,-2.00,5.80,-3.00,-2.00,5.60,-0.20,5.80,21.99,17.15,0.00,0.00,0.00,0.20,0.20,0,0
[10:59:00.588][I][csv:715]: 1748743,AGG,3.62,2.75,5.80,-3.00,-2.00,5.80,-3.00,-2.00,5.80,-3.00,-2.00,5.60,-0.20,5.80,21.99,17.15,0.00,0.00,0.00,0.20,0.20,0,0
[10:59:00.605][I][csv:715]: 1748760,AGG,3.62,2.75,5.80,-3.00,-2.00,5.80,-3.00,-2.00,5.80,-3.00,-2.00,5.60,-0.20,5.80,21.99,17.15,0.00,0.00,0.00,0.20,0.20,0,0
[10:59:00.626][I][csv:715]: 1748781,AGG,3.62,2.75,5.74,-3.00,-2.00,5.74,-3.00,-2.00,5.74,-3.00,-2.00,5.54,-0.18,5.74,21.92,17.15,0.00,0.00,0.00,0.20,0.20,0,0
[10:59:00.663][S][sensor]: 'TWC Vitals Vehicle Current' >> 0.20 A
[10:59:00.663][S][sensor]: 'Shelly Real Current L3' >> 5.80 A
[10:59:00.663][S][sensor]: 'Shelly Real Current L2' >> 2.59 A
[10:59:00.781][S][sensor]: 'TWC Time Since Last Poll' >> 106 ms
[10:59:00.856][I][csv:715]: 1748977,AGG,3.62,2.75,5.74,-3.00,-2.00,5.74,-3.00,-2.00,5.74,-3.00,-2.00,5.54,-0.18,5.74,21.92,17.15,0.00,0.00,0.00,0.20,0.20,0,0
[10:59:00.902][I][vitals:883]: TWC vitals: A=0.00 B=0.00 C=0.20 vehicle=0.20 contactor=open
[10:59:00.926][S][sensor]: 'TWC Poll Interval' >> 201 ms
[10:59:00.927][S][sensor]: 'TWC Vitals Current L2' >> 0.00 A
[10:59:01.571][I][csv:715]: 1749726,AGG,3.62,2.75,5.74,-3.00,-2.00,5.74,-3.00,-2.00,5.74,-3.00,-2.00,5.54,-0.18,5.74,21.92,17.15,0.00,0.00,0.00,0.20,0.20,0,0
[10:59:01.577][I][csv:715]: 1749730,AGG,3.55,2.75,5.74,-3.00,-2.00,5.74,-3.00,-2.00,5.74,-3.00,-2.00,5.54,-0.18,5.74,21.92,17.15,0.00,0.00,0.00,0.20,0.20,0,0
[10:59:01.581][I][csv:715]: 1749736,AGG,3.55,2.75,5.74,-3.00,-2.00,5.74,-3.00,-2.00,5.74,-3.00,-2.00,5.54,-0.18,5.74,21.92,17.15,0.00,0.00,0.00,0.20,0.20,0,0
[10:59:01.585][I][csv:715]: 1749740,AGG,3.55,2.61,5.74,-3.00,-2.00,5.74,-3.00,-2.00,5.74,-3.00,-2.00,5.54,-0.18,5.74,21.92,17.15,0.00,0.00,0.00,0.20,0.20,0,0
[10:59:01.611][I][csv:715]: 1749765,AGG,3.55,2.61,5.74,-3.00,-2.00,5.74,-3.00,-2.00,5.74,-3.00,-2.00,5.54,-0.18,5.74,21.92,17.15,0.00,0.00,0.00,0.20,0.20,0,0
[10:59:01.632][I][csv:715]: 1749788,AGG,3.55,2.61,5.81,-3.00,-2.00,5.81,-3.00,-2.00,5.81,-3.00,-2.00,5.61,-0.20,5.81,22.01,17.15,0.00,0.00,0.00,0.20,0.20,0,0
[10:59:01.822][I][csv:715]: 1749977,AGG,3.55,2.61,5.81,-3.00,-2.00,5.81,-3.00,-2.00,5.81,-3.00,-2.00,5.61,-0.20,5.81,22.01,17.15,0.00,0.00,0.00,0.20,0.20,0,0
[10:59:02.096][S][sensor]: 'Shelly Active Power L1' >> -827 W
[10:59:02.097][S][sensor]: 'TWC Vitals Current L1' >> 0.00 A
[10:59:02.245][S][sensor]: 'TWC Vitals Current L3' >> 0.20 A
[10:59:02.245][S][sensor]: 'Shelly Time Since Last OK' >> 581 ms
[10:59:02.379][S][sensor]: 'Shelly Active Power L3' >> 1333 W
[10:59:02.485][S][sensor]: 'Shelly Real Current L1' >> 3.55 A
[10:59:02.486][S][sensor]: 'Shelly Active Power L2' >> -605 W
[10:59:02.525][I][csv:715]: 1750679,AGG,3.55,2.61,5.81,-3.00,-2.00,5.81,-3.00,-2.00,5.81,-3.00,-2.00,5.61,-0.20,5.81,22.01,17.15,0.00,0.00,0.00,0.20,0.20,0,0
[10:59:02.549][I][csv:715]: 1750704,AGG,3.63,2.61,5.81,-3.00,-2.00,5.81,-3.00,-2.00,5.81,-3.00,-2.00,5.61,-0.20,5.81,22.01,17.15,0.00,0.00,0.00,0.20,0.20,0,0
[10:59:02.568][I][csv:715]: 1750722,AGG,3.63,2.61,5.81,-3.00,-2.00,5.81,-3.00,-2.00,5.81,-3.00,-2.00,5.61,-0.20,5.81,22.01,17.15,0.00,0.00,0.00,0.20,0.20,0,0
[10:59:02.590][I][csv:715]: 1750738,AGG,3.63,2.75,5.81,-3.00,-2.00,5.81,-3.00,-2.00,5.81,-3.00,-2.00,5.61,-0.20,5.81,22.01,17.15,0.00,0.00,0.00,0.20,0.20,0,0
[10:59:02.616][I][csv:715]: 1750771,AGG,3.63,2.75,5.81,-3.00,-2.00,5.81,-3.00,-2.00,5.81,-3.00,-2.00,5.61,-0.20,5.81,22.01,17.15,0.00,0.00,0.00,0.20,0.20,0,0
[10:59:02.642][I][csv:715]: 1750796,AGG,3.63,2.75,5.70,-3.00,-2.00,5.70,-3.00,-2.00,5.70,-3.00,-2.00,5.50,-0.18,5.70,21.87,17.15,0.00,0.00,0.00,0.20,0.20,0,0
[10:59:02.664][S][sensor]: 'TWC Vitals Vehicle Current' >> 0.20 A
[10:59:02.664][S][sensor]: 'Shelly Real Current L3' >> 5.81 A
[10:59:02.665][S][sensor]: 'Shelly Real Current L2' >> 2.61 A
[10:59:02.776][S][sensor]: 'TWC Time Since Last Poll' >> 72 ms
[10:59:02.825][I][csv:715]: 1750977,AGG,3.63,2.75,5.70,-3.00,-2.00,5.70,-3.00,-2.00,5.70,-3.00,-2.00,5.50,-0.17,5.70,21.86,17.15,0.00,0.00,0.00,0.20,0.20,0,0
[10:59:02.902][I][vitals:883]: TWC vitals: A=0.00 B=0.00 C=0.20 vehicle=0.20 contactor=open
[10:59:02.926][S][sensor]: 'TWC Poll Interval' >> 193 ms
[10:59:02.927][S][sensor]: 'TWC Vitals Current L2' >> 0.00 A
[10:59:03.622][I][csv:715]: 1751776,AGG,3.63,2.75,5.70,-3.00,-2.00,5.70,-3.00,-2.00,5.70,-3.00,-2.00,5.50,-0.17,5.70,21.86,17.15,0.00,0.00,0.00,0.20,0.20,0,0
[10:59:03.631][I][csv:715]: 1751780,AGG,3.84,2.75,5.70,-3.00,-2.00,5.70,-3.00,-2.00,5.70,-3.00,-2.00,5.50,-0.17,5.70,21.86,17.15,0.00,0.00,0.00,0.20,0.20,0,0
[10:59:03.632][I][csv:715]: 1751783,AGG,3.84,2.75,5.70,-3.00,-2.00,5.70,-3.00,-2.00,5.70,-3.00,-2.00,5.50,-0.17,5.70,21.86,17.15,0.00,0.00,0.00,0.20,0.20,0,0
[10:59:03.636][I][csv:715]: 1751786,AGG,3.84,2.86,5.70,-3.00,-2.00,5.70,-3.00,-2.00,5.70,-3.00,-2.00,5.50,-0.17,5.70,21.86,17.15,0.00,0.00,0.00,0.20,0.20,0,0
[10:59:03.643][I][csv:715]: 1751791,AGG,3.84,2.86,5.70,-3.00,-2.00,5.70,-3.00,-2.00,5.70,-3.00,-2.00,5.50,-0.17,5.70,21.86,17.15,0.00,0.00,0.00,0.20,0.20,0,0
[10:59:03.649][I][csv:715]: 1751801,AGG,3.84,2.86,5.53,-3.00,-2.00,5.53,-3.00,-2.00,5.53,-3.00,-2.00,5.33,-0.16,5.53,21.68,17.15,0.00,0.00,0.00,0.20,0.20,0,0
[10:59:03.826][I][csv:715]: 1751977,AGG,3.84,2.86,5.53,-3.00,-2.00,5.53,-3.00,-2.00,5.53,-3.00,-2.00,5.33,-0.11,5.53,21.64,17.15,0.00,0.00,0.00,0.20,0.20,0,0
[10:59:03.939][S][sensor]: 'TWC Reported Current L3' >> 17.2 A
[10:59:03.939][S][sensor]: 'TWC Reported Current L2' >> 17.2 A
[10:59:04.095][S][sensor]: 'Shelly Active Power L1' >> -899 W
[10:59:04.096][S][sensor]: 'TWC Vitals Current L1' >> 0.00 A
[10:59:04.246][S][sensor]: 'TWC Vitals Current L3' >> 0.20 A
[10:59:04.246][S][sensor]: 'Shelly Time Since Last OK' >> 568 ms
[10:59:04.375][S][sensor]: 'Shelly Active Power L3' >> 1271 W
[10:59:04.485][S][sensor]: 'Shelly Real Current L1' >> 3.84 A
[10:59:04.486][S][sensor]: 'Shelly Active Power L2' >> -673 W
[10:59:04.539][I][csv:715]: 1752694,AGG,3.84,2.86,5.53,-3.00,-2.00,5.53,-3.00,-2.00,5.53,-3.00,-2.00,5.33,-0.11,5.53,21.64,17.15,0.00,0.00,0.00,0.20,0.20,0,0
[10:59:04.559][I][csv:715]: 1752715,AGG,3.99,2.86,5.53,-3.00,-2.00,5.53,-3.00,-2.00,5.53,-3.00,-2.00,5.33,-0.11,5.53,21.64,17.15,0.00,0.00,0.00,0.20,0.20,0,0
[10:59:04.582][I][csv:715]: 1752734,AGG,3.99,2.86,5.53,-3.00,-2.00,5.53,-3.00,-2.00,5.53,-3.00,-2.00,5.33,-0.11,5.53,21.64,17.15,0.00,0.00,0.00,0.20,0.20,0,0
[10:59:04.595][I][csv:715]: 1752749,AGG,3.99,3.11,5.53,-3.00,-3.00,5.53,-3.00,-3.00,5.53,-3.00,-3.00,5.33,-0.09,5.53,21.62,17.15,0.00,0.00,0.00,0.20,0.20,0,0
[10:59:04.625][I][csv:715]: 1752779,AGG,3.99,3.11,5.53,-3.00,-3.00,5.53,-3.00,-3.00,5.53,-3.00,-3.00,5.33,-0.06,5.53,21.59,17.15,0.00,0.00,0.00,0.20,0.20,0,0
[10:59:04.646][I][csv:715]: 1752801,AGG,3.99,3.11,5.39,-3.00,-3.00,5.39,-3.00,-3.00,5.39,-3.00,-3.00,5.19,-0.04,5.39,21.44,17.15,0.00,0.00,0.00,0.20,0.20,0,0
[10:59:04.666][S][sensor]: 'TWC Vitals Vehicle Current' >> 0.20 A
[10:59:04.666][S][sensor]: 'Shelly Real Current L3' >> 5.53 A
[10:59:04.666][S][sensor]: 'Shelly Real Current L2' >> 2.86 A
[10:59:04.776][S][sensor]: 'TWC Time Since Last Poll' >> 140 ms
[10:59:04.777][S][sensor]: 'TWC Reported Current L1' >> 17.2 A
[10:59:04.822][I][csv:715]: 1752977,AGG,3.99,3.11,5.39,-3.00,-3.00,5.39,-3.00,-3.00,5.39,-3.00,-3.00,5.19,0.13,5.39,21.26,17.15,0.00,0.00,0.00,0.20,0.20,0,0
[10:59:04.901][I][vitals:883]: TWC vitals: A=0.00 B=0.00 C=0.20 vehicle=0.20 contactor=open
[10:59:04.922][S][sensor]: 'TWC Poll Interval' >> 196 ms
[10:59:04.922][S][sensor]: 'TWC Vitals Current L2' >> 0.00 A
[10:59:05.565][I][csv:715]: 1753718,AGG,3.99,3.11,5.39,-3.00,-3.00,5.39,-3.00,-3.00,5.39,-3.00,-3.00,5.19,0.27,5.39,21.12,17.15,0.00,0.00,0.00,0.20,0.20,0,0
[10:59:05.578][I][csv:715]: 1753726,AGG,4.08,3.11,5.39,-4.00,-3.00,5.39,-4.00,-3.00,5.39,-4.00,-3.00,5.19,0.28,5.39,21.12,17.15,0.00,0.00,0.00,0.20,0.20,0,0
[10:59:05.585][I][csv:715]: 1753740,AGG,4.08,3.11,5.39,-4.00,-3.00,5.39,-4.00,-3.00,5.39,-4.00,-3.00,5.19,0.29,5.39,21.10,17.15,0.00,0.00,0.00,0.20,0.20,0,0
[10:59:05.603][I][csv:715]: 1753755,AGG,4.08,3.12,5.39,-4.00,-3.00,5.39,-4.00,-3.00,5.39,-4.00,-3.00,5.19,0.31,5.39,21.09,17.15,0.00,0.00,0.00,0.20,0.20,0,0
[10:59:05.630][I][csv:715]: 1753785,AGG,4.08,3.12,5.39,-4.00,-3.00,5.39,-4.00,-3.00,5.39,-4.00,-3.00,5.19,0.34,5.39,21.06,17.15,0.00,0.00,0.00,0.20,0.20,0,0
[10:59:05.651][I][csv:715]: 1753806,AGG,4.08,3.12,5.30,-4.00,-3.00,5.30,-4.00,-3.00,5.30,-4.00,-3.00,5.10,0.36,5.30,20.94,17.15,0.00,0.00,0.00,0.20,0.20,0,0
[10:59:05.823][I][csv:715]: 1753977,AGG,4.08,3.12,5.30,-4.00,-3.00,5.30,-4.00,-3.00,5.30,-4.00,-3.00,5.10,0.53,5.30,20.77,17.15,0.00,0.00,0.00,0.20,0.20,0,0
[10:59:06.091][S][sensor]: 'Shelly Active Power L1' >> -956 W
[10:59:06.092][S][sensor]: 'TWC Vitals Current L1' >> 0.00 A
[10:59:06.252][S][sensor]: 'TWC Vitals Current L3' >> 0.20 A
[10:59:06.253][S][sensor]: 'Shelly Time Since Last OK' >> 563 ms
[10:59:06.366][S][sensor]: 'Shelly Active Power L3' >> 1217 W
[10:59:06.499][S][sensor]: 'Shelly Real Current L1' >> 4.08 A
[10:59:06.499][S][sensor]: 'Shelly Active Power L2' >> -731 W
[10:59:06.549][I][csv:715]: 1754704,AGG,4.08,3.12,5.30,-4.00,-3.00,5.30,-4.00,-3.00,5.30,-4.00,-3.00,5.10,0.63,5.30,20.66,17.15,0.00,0.00,0.00,0.20,0.20,0,0
[10:59:06.577][I][csv:715]: 1754733,AGG,3.92,3.12,5.30,-3.00,-3.00,5.30,-3.00,-3.00,5.30,-3.00,-3.00,5.10,0.61,5.30,20.69,17.15,0.00,0.00,0.00,0.20,0.20,0,0
[10:59:06.589][I][csv:715]: 1754745,AGG,3.92,3.12,5.30,-3.00,-3.00,5.30,-3.00,-3.00,5.30,-3.00,-3.00,5.10,0.59,5.30,20.70,17.15,0.00,0.00,0.00,0.20,0.20,0,0
[10:59:06.613][I][csv:715]: 1754768,AGG,3.92,3.06,5.30,-3.00,-3.00,5.30,-3.00,-3.00,5.30,-3.00,-3.00,5.10,0.57,5.30,20.72,17.15,0.00,0.00,0.00,0.20,0.20,0,0
[10:59:06.636][I][csv:715]: 1754790,AGG,3.92,3.06,5.30,-3.00,-3.00,5.30,-3.00,-3.00,5.30,-3.00,-3.00,5.10,0.55,5.30,20.75,17.15,0.00,0.00,0.00,0.20,0.20,0,0
[10:59:06.655][S][sensor]: 'TWC Vitals Vehicle Current' >> 0.20 A
[10:59:06.655][S][sensor]: 'Shelly Real Current L3' >> 5.30 A
[10:59:06.655][S][sensor]: 'Shelly Real Current L2' >> 3.12 A
[10:59:06.664][I][csv:715]: 1754817,AGG,3.92,3.06,5.42,-3.00,-3.00,5.42,-3.00,-3.00,5.42,-3.00,-3.00,5.22,0.52,5.42,20.90,17.15,0.00,0.00,0.00,0.20,0.20,0,0
[10:59:06.770][S][sensor]: 'TWC Time Since Last Poll' >> 188 ms
[10:59:06.823][I][csv:715]: 1754977,AGG,3.92,3.06,5.42,-3.00,-3.00,5.42,-3.00,-3.00,5.42,-3.00,-3.00,5.22,0.36,5.42,21.06,17.15,0.00,0.00,0.00,0.20,0.20,0,0
[10:59:06.900][I][vitals:883]: TWC vitals: A=0.00 B=0.00 C=0.20 vehicle=0.20 contactor=open
[10:59:06.925][S][sensor]: 'TWC Poll Interval' >> 190 ms
[10:59:06.925][S][sensor]: 'TWC Vitals Current L2' >> 0.00 A
[10:59:07.613][I][csv:715]: 1755768,AGG,3.92,3.06,5.42,-3.00,-3.00,5.42,-3.00,-3.00,5.42,-3.00,-3.00,5.22,0.26,5.42,21.16,17.15,0.00,0.00,0.00,0.20,0.20,0,0
[10:59:07.620][I][csv:715]: 1755772,AGG,3.65,3.06,5.42,-3.00,-3.00,5.42,-3.00,-3.00,5.42,-3.00,-3.00,5.22,0.26,5.42,21.16,17.15,0.00,0.00,0.00,0.20,0.20,0,0
[10:59:07.624][I][csv:715]: 1755778,AGG,3.65,3.06,5.42,-3.00,-3.00,5.42,-3.00,-3.00,5.42,-3.00,-3.00,5.22,0.26,5.42,21.16,17.15,0.00,0.00,0.00,0.20,0.20,0,0
[10:59:07.629][I][csv:715]: 1755783,AGG,3.65,2.68,5.42,-3.00,-2.00,5.42,-3.00,-2.00,5.42,-3.00,-2.00,5.22,0.25,5.42,21.17,17.15,0.00,0.00,0.00,0.20,0.20,0,0
[10:59:07.645][I][csv:715]: 1755798,AGG,3.65,2.68,5.42,-3.00,-2.00,5.42,-3.00,-2.00,5.42,-3.00,-2.00,5.22,0.24,5.42,21.18,17.15,0.00,0.00,0.00,0.20,0.20,0,0
[10:59:07.670][I][csv:715]: 1755820,AGG,3.65,2.68,5.72,-3.00,-2.00,5.72,-3.00,-2.00,5.72,-3.00,-2.00,5.52,0.22,5.72,21.51,17.15,0.00,0.00,0.00,0.20,0.20,0,0
[10:59:07.822][I][csv:715]: 1755977,AGG,3.65,2.68,5.72,-3.00,-2.00,5.72,-3.00,-2.00,5.72,-3.00,-2.00,5.52,0.06,5.72,21.66,17.15,0.00,0.00,0.00,0.20,0.20,0,0
[10:59:08.089][S][sensor]: 'Shelly Active Power L1' >> -844 W
[10:59:08.089][S][sensor]: 'TWC Vitals Current L1' >> 0.00 A
[10:59:08.244][S][sensor]: 'TWC Vitals Current L3' >> 0.20 A
[10:59:08.244][S][sensor]: 'Shelly Time Since Last OK' >> 549 ms
[10:59:08.371][S][sensor]: 'Shelly Active Power L3' >> 1337 W
[10:59:08.484][S][sensor]: 'Shelly Real Current L1' >> 3.65 A
[10:59:08.484][S][sensor]: 'Shelly Active Power L2' >> -610 W
[10:59:08.637][I][csv:715]: 1756793,AGG,3.65,2.68,5.72,-3.00,-2.00,5.72,-3.00,-2.00,5.72,-3.00,-2.00,5.52,-0.17,5.72,21.90,17.15,0.00,0.00,0.00,0.20,0.20,0,0
[10:59:08.649][I][csv:715]: 1756796,AGG,3.54,2.68,5.72,-3.00,-2.00,5.72,-3.00,-2.00,5.72,-3.00,-2.00,5.52,-0.17,5.72,21.90,17.15,0.00,0.00,0.00,0.20,0.20,0,0
[10:59:08.650][I][csv:715]: 1756801,AGG,3.54,2.68,5.72,-3.00,-2.00,5.72,-3.00,-2.00,5.72,-3.00,-2.00,5.52,-0.17,5.72,21.90,17.15,0.00,0.00,0.00,0.20,0.20,0,0
[10:59:08.651][I][csv:715]: 1756804,AGG,3.54,2.57,5.72,-3.00,-2.00,5.72,-3.00,-2.00,5.72,-3.00,-2.00,5.52,-0.17,5.72,21.90,17.15,0.00,0.00,0.00,0.20,0.20,0,0
[10:59:08.655][I][csv:715]: 1756809,AGG,3.54,2.57,5.72,-3.00,-2.00,5.72,-3.00,-2.00,5.72,-3.00,-2.00,5.52,-0.17,5.72,21.90,17.15,0.00,0.00,0.00,0.20,0.20,0,0
[10:59:08.659][S][sensor]: 'Shelly Real Current L3' >> 5.72 A
[10:59:08.659][S][sensor]: 'TWC Vitals Vehicle Current' >> 0.20 A
[10:59:08.659][S][sensor]: 'Shelly Real Current L2' >> 2.68 A
[10:59:08.672][I][csv:715]: 1756826,AGG,3.54,2.57,5.83,-3.00,-2.00,5.83,-3.00,-2.00,5.83,-3.00,-2.00,5.63,-0.19,5.83,22.02,17.15,0.00,0.00,0.00,0.20,0.20,0,0
[10:59:08.774][S][sensor]: 'TWC Time Since Last Poll' >> 152 ms
[10:59:08.828][I][csv:715]: 1756977,AGG,3.54,2.57,5.83,-3.00,-2.00,5.83,-3.00,-2.00,5.83,-3.00,-2.00,5.63,-0.21,5.83,22.04,17.15,0.00,0.00,0.00,0.20,0.20,0,0
[10:59:08.901][I][vitals:883]: TWC vitals: A=0.00 B=0.00 C=0.20 vehicle=0.20 contactor=open
[10:59:08.929][S][sensor]: 'TWC Poll Interval' >> 191 ms
[10:59:08.929][S][sensor]: 'TWC Vitals Current L2' >> 0.00 A
[10:59:08.929][S][sensor]: 'TWC Reported Current L3' >> 17.2 A
[10:59:08.929][S][sensor]: 'TWC Reported Current L2' >> 17.2 A
[10:59:09.664][I][csv:715]: 1757818,AGG,3.54,2.57,5.83,-3.00,-2.00,5.83,-3.00,-2.00,5.83,-3.00,-2.00,5.63,-0.21,5.83,22.04,17.15,0.00,0.00,0.00,0.20,0.20,0,0
[10:59:09.675][I][csv:715]: 1757823,AGG,3.32,2.57,5.83,-3.00,-2.00,5.83,-3.00,-2.00,5.83,-3.00,-2.00,5.63,-0.21,5.83,22.04,17.15,0.00,0.00,0.00,0.20,0.20,0,0
[10:59:09.681][I][csv:715]: 1757827,AGG,3.32,2.57,5.83,-3.00,-2.00,5.83,-3.00,-2.00,5.83,-3.00,-2.00,5.63,-0.21,5.83,22.04,17.15,0.00,0.00,0.00,0.20,0.20,0,0
[10:59:09.682][I][csv:715]: 1757831,AGG,3.32,2.35,5.83,-3.00,-2.00,5.83,-3.00,-2.00,5.83,-3.00,-2.00,5.63,-0.21,5.83,22.04,17.15,0.00,0.00,0.00,0.20,0.20,0,0
[10:59:09.689][I][csv:715]: 1757834,AGG,3.32,2.35,5.83,-3.00,-2.00,5.83,-3.00,-2.00,5.83,-3.00,-2.00,5.63,-0.21,5.83,22.04,17.15,0.00,0.00,0.00,0.20,0.20,0,0
[10:59:09.694][I][csv:715]: 1757844,AGG,3.32,2.35,6.04,-3.00,-2.00,6.04,-3.00,-2.00,6.04,-3.00,-2.00,5.84,-0.22,6.04,22.26,17.15,0.00,0.00,0.00,0.20,0.20,0,0
[10:59:09.793][S][sensor]: 'TWC Reported Current L1' >> 17.2 A
[10:59:09.823][I][csv:715]: 1757977,AGG,3.32,2.35,6.04,-3.00,-2.00,6.04,-3.00,-2.00,6.04,-3.00,-2.00,5.84,-0.28,6.04,22.32,17.15,0.00,0.00,0.00,0.20,0.20,0,0
[10:59:10.101][S][sensor]: 'Shelly Active Power L1' >> -778 W
[10:59:10.101][S][sensor]: 'TWC Vitals Current L1' >> 0.00 A
[10:59:10.250][S][sensor]: 'TWC Vitals Current L3' >> 0.20 A
[10:59:10.251][S][sensor]: 'Shelly Time Since Last OK' >> 525 ms
[10:59:10.373][S][sensor]: 'Shelly Active Power L3' >> 1398 W
[10:59:10.488][S][sensor]: 'Shelly Real Current L1' >> 3.32 A
[10:59:10.489][S][sensor]: 'Shelly Active Power L2' >> -545 W
[10:59:10.668][S][sensor]: 'TWC Vitals Vehicle Current' >> 0.20 A
[10:59:10.669][S][sensor]: 'Shelly Real Current L3' >> 6.04 A
[10:59:10.669][S][sensor]: 'Shelly Real Current L2' >> 2.35 A
[10:59:10.679][I][csv:715]: 1758826,AGG,3.32,2.35,6.04,-3.00,-2.00,6.04,-3.00,-2.00,6.04,-3.00,-2.00,5.84,-0.28,6.04,22.32,17.15,0.00,0.00,0.00,0.20,0.20,0,0
[10:59:10.685][I][csv:715]: 1758832,AGG,3.27,2.35,6.04,-3.00,-2.00,6.04,-3.00,-2.00,6.04,-3.00,-2.00,5.84,-0.28,6.04,22.32,17.15,0.00,0.00,0.00,0.20,0.20,0,0
[10:59:10.685][I][csv:715]: 1758836,AGG,3.27,2.35,6.04,-3.00,-2.00,6.04,-3.00,-2.00,6.04,-3.00,-2.00,5.84,-0.28,6.04,22.32,17.15,0.00,0.00,0.00,0.20,0.20,0,0
[10:59:10.690][I][csv:715]: 1758841,AGG,3.27,2.38,6.04,-3.00,-2.00,6.04,-3.00,-2.00,6.04,-3.00,-2.00,5.84,-0.28,6.04,22.32,17.15,0.00,0.00,0.00,0.20,0.20,0,0
[10:59:10.695][I][csv:715]: 1758846,AGG,3.27,2.38,6.04,-3.00,-2.00,6.04,-3.00,-2.00,6.04,-3.00,-2.00,5.84,-0.28,6.04,22.32,17.15,0.00,0.00,0.00,0.20,0.20,0,0
[10:59:10.700][I][csv:715]: 1758849,AGG,3.27,2.38,6.08,-3.00,-2.00,6.08,-3.00,-2.00,6.08,-3.00,-2.00,5.88,-0.28,6.08,22.36,17.15,0.00,0.00,0.00,0.20,0.20,0,0
[10:59:10.778][S][sensor]: 'TWC Time Since Last Poll' >> 25 ms
[10:59:10.822][I][csv:715]: 1758977,AGG,3.27,2.38,6.08,-3.00,-2.00,6.08,-3.00,-2.00,6.08,-3.00,-2.00,5.88,-0.29,6.08,22.37,17.15,0.00,0.00,0.00,0.20,0.20,0,0
[10:59:10.903][I][vitals:883]: TWC vitals: A=0.00 B=0.00 C=0.20 vehicle=0.20 contactor=open
[10:59:10.929][S][sensor]: 'TWC Poll Interval' >> 193 ms
[10:59:10.929][S][sensor]: 'TWC Vitals Current L2' >> 0.00 A
[10:59:11.609][I][csv:715]: 1759761,AGG,3.27,2.38,6.08,-3.00,-2.00,6.08,-3.00,-2.00,6.08,-3.00,-2.00,5.88,-0.29,6.08,22.37,17.15,0.00,0.00,0.00,0.20,0.20,0,0
[10:59:11.626][I][csv:715]: 1759765,AGG,3.22,2.38,6.08,-3.00,-2.00,6.08,-3.00,-2.00,6.08,-3.00,-2.00,5.88,-0.29,6.08,22.37,17.15,0.00,0.00,0.00,0.20,0.20,0,0
[10:59:11.633][I][csv:715]: 1759788,AGG,3.22,2.38,6.08,-3.00,-2.00,6.08,-3.00,-2.00,6.08,-3.00,-2.00,5.88,-0.29,6.08,22.37,17.15,0.00,0.00,0.00,0.20,0.20,0,0
[10:59:11.642][I][csv:715]: 1759797,AGG,3.22,2.24,6.08,-3.00,-2.00,6.08,-3.00,-2.00,6.08,-3.00,-2.00,5.88,-0.29,6.08,22.37,17.15,0.00,0.00,0.00,0.20,0.20,0,0
[10:59:11.665][I][csv:715]: 1759820,AGG,3.22,2.24,6.08,-3.00,-2.00,6.08,-3.00,-2.00,6.08,-3.00,-2.00,5.88,-0.29,6.08,22.37,17.15,0.00,0.00,0.00,0.20,0.20,0,0
[10:59:11.699][I][csv:715]: 1759853,AGG,3.22,2.24,6.13,-3.00,-2.00,6.13,-3.00,-2.00,6.13,-3.00,-2.00,5.93,-0.31,6.13,22.44,17.15,0.00,0.00,0.00,0.20,0.20,0,0
[10:59:11.822][I][csv:715]: 1759977,AGG,3.22,2.24,6.13,-3.00,-2.00,6.13,-3.00,-2.00,6.13,-3.00,-2.00,5.93,-0.31,6.13,22.44,17.15,0.00,0.00,0.00,0.20,0.20,0,0
[10:59:12.098][S][sensor]: 'Shelly Active Power L1' >> -752 W
[10:59:12.099][S][sensor]: 'TWC Vitals Current L1' >> 0.00 A
[10:59:12.243][S][sensor]: 'TWC Vitals Current L3' >> 0.20 A
[10:59:12.243][S][sensor]: 'Shelly Time Since Last OK' >> 516 ms
[10:59:12.371][S][sensor]: 'Shelly Active Power L3' >> 1422 W
[10:59:12.488][S][sensor]: 'Shelly Real Current L1' >> 3.22 A
[10:59:12.489][S][sensor]: 'Shelly Active Power L2' >> -520 W
[10:59:12.631][I][csv:715]: 1760785,AGG,3.22,2.24,6.13,-3.00,-2.00,6.13,-3.00,-2.00,6.13,-3.00,-2.00,5.93,-0.31,6.13,22.44,17.15,0.00,0.00,0.00,0.20,0.20,0,0
[10:59:12.647][I][csv:715]: 1760789,AGG,3.16,2.24,6.13,-3.00,-2.00,6.13,-3.00,-2.00,6.13,-3.00,-2.00,5.93,-0.31,6.13,22.44,17.15,0.00,0.00,0.00,0.20,0.20,0,0
[10:59:12.655][I][csv:715]: 1760803,AGG,3.16,2.24,6.13,-3.00,-2.00,6.13,-3.00,-2.00,6.13,-3.00,-2.00,5.93,-0.31,6.13,22.44,17.15,0.00,0.00,0.00,0.20,0.20,0,0
[10:59:12.658][I][csv:715]: 1760813,AGG,3.16,2.27,6.13,-3.00,-2.00,6.13,-3.00,-2.00,6.13,-3.00,-2.00,5.93,-0.31,6.13,22.44,17.15,0.00,0.00,0.00,0.20,0.20,0,0
[10:59:12.664][S][sensor]: 'TWC Vitals Vehicle Current' >> 0.20 A
[10:59:12.665][S][sensor]: 'Shelly Real Current L3' >> 6.13 A
[10:59:12.665][S][sensor]: 'Shelly Real Current L2' >> 2.24 A
[10:59:12.676][I][csv:715]: 1760830,AGG,3.16,2.27,6.13,-3.00,-2.00,6.13,-3.00,-2.00,6.13,-3.00,-2.00,5.93,-0.31,6.13,22.44,17.15,0.00,0.00,0.00,0.20,0.20,0,0
[10:59:12.703][I][csv:715]: 1760857,AGG,3.16,2.27,6.19,-3.00,-2.00,6.19,-3.00,-2.00,6.19,-3.00,-2.00,5.99,-0.33,6.19,22.52,17.15,0.00,0.00,0.00,0.20,0.20,0,0
[10:59:12.775][S][sensor]: 'TWC Time Since Last Poll' >> 91 ms
[10:59:12.823][I][csv:715]: 1760977,AGG,3.16,2.27,6.19,-3.00,-2.00,6.19,-3.00,-2.00,6.19,-3.00,-2.00,5.99,-0.33,6.19,22.52,17.15,0.00,0.00,0.00,0.20,0.20,0,0
[10:59:12.902][I][vitals:883]: TWC vitals: A=0.00 B=0.00 C=0.20 vehicle=0.20 contactor=open
[10:59:12.928][S][sensor]: 'TWC Poll Interval' >> 194 ms
[10:59:12.928][S][sensor]: 'TWC Vitals Current L2' >> 0.00 A
[10:59:13.657][I][csv:715]: 1761811,AGG,3.16,2.27,6.19,-3.00,-2.00,6.19,-3.00,-2.00,6.19,-3.00,-2.00,5.99,-0.33,6.19,22.52,17.15,0.00,0.00,0.00,0.20,0.20,0,0
[10:59:13.662][I][csv:715]: 1761817,AGG,3.13,2.27,6.19,-3.00,-2.00,6.19,-3.00,-2.00,6.19,-3.00,-2.00,5.99,-0.33,6.19,22.52,17.15,0.00,0.00,0.00,0.20,0.20,0,0
[10:59:13.668][I][csv:715]: 1761821,AGG,3.13,2.27,6.19,-3.00,-2.00,6.19,-3.00,-2.00,6.19,-3.00,-2.00,5.99,-0.33,6.19,22.52,17.15,0.00,0.00,0.00,0.20,0.20,0,0
[10:59:13.672][I][csv:715]: 1761826,AGG,3.13,2.13,6.19,-3.00,-2.00,6.19,-3.00,-2.00,6.19,-3.00,-2.00,5.99,-0.33,6.19,22.52,17.15,0.00,0.00,0.00,0.20,0.20,0,0
[10:59:13.683][I][csv:715]: 1761838,AGG,3.13,2.13,6.19,-3.00,-2.00,6.19,-3.00,-2.00,6.19,-3.00,-2.00,5.99,-0.33,6.19,22.52,17.15,0.00,0.00,0.00,0.20,0.20,0,0
[10:59:13.711][I][csv:715]: 1761865,AGG,3.13,2.13,6.22,-3.00,-2.00,6.22,-3.00,-2.00,6.22,-3.00,-2.00,6.02,-0.34,6.22,22.56,17.15,0.00,0.00,0.00,0.20,0.20,0,0
[10:59:13.824][I][csv:715]: 1761977,AGG,3.13,2.13,6.22,-3.00,-2.00,6.22,-3.00,-2.00,6.22,-3.00,-2.00,6.02,-0.34,6.22,22.56,17.15,0.00,0.00,0.00,0.20,0.20,0,0
[10:59:13.927][S][sensor]: 'TWC Reported Current L2' >> 17.2 A
[10:59:13.927][S][sensor]: 'TWC Reported Current L3' >> 17.2 A
[10:59:14.099][S][sensor]: 'Shelly Active Power L1' >> -733 W
[10:59:14.099][S][sensor]: 'TWC Vitals Current L1' >> 0.00 A
[10:59:14.253][S][sensor]: 'TWC Vitals Current L3' >> 0.20 A
[10:59:14.253][S][sensor]: 'Shelly Time Since Last OK' >> 504 ms
[10:59:14.367][S][sensor]: 'Shelly Active Power L3' >> 1454 W
[10:59:14.484][S][sensor]: 'Shelly Real Current L1' >> 3.13 A
[10:59:14.484][S][sensor]: 'Shelly Active Power L2' >> -494 W
[10:59:14.673][S][sensor]: 'TWC Vitals Vehicle Current' >> 0.20 A
[10:59:14.673][S][sensor]: 'Shelly Real Current L3' >> 6.22 A
[10:59:14.673][S][sensor]: 'Shelly Real Current L2' >> 2.13 A
[10:59:14.685][I][csv:715]: 1762835,AGG,3.13,2.13,6.22,-3.00,-2.00,6.22,-3.00,-2.00,6.22,-3.00,-2.00,6.02,-0.34,6.22,22.56,17.15,0.00,0.00,0.00,0.20,0.20,0,0
[10:59:14.693][I][csv:715]: 1762839,AGG,3.08,2.13,6.22,-3.00,-2.00,6.22,-3.00,-2.00,6.22,-3.00,-2.00,6.02,-0.34,6.22,22.56,17.15,0.00,0.00,0.00,0.20,0.20,0,0
[10:59:14.693][I][csv:715]: 1762842,AGG,3.08,2.13,6.22,-3.00,-2.00,6.22,-3.00,-2.00,6.22,-3.00,-2.00,6.02,-0.34,6.22,22.56,17.15,0.00,0.00,0.00,0.20,0.20,0,0
[10:59:14.693][I][csv:715]: 1762845,AGG,3.08,2.12,6.22,-3.00,-2.00,6.22,-3.00,-2.00,6.22,-3.00,-2.00,6.02,-0.34,6.22,22.56,17.15,0.00,0.00,0.00,0.20,0.20,0,0
[10:59:14.698][I][csv:715]: 1762849,AGG,3.08,2.12,6.22,-3.00,-2.00,6.22,-3.00,-2.00,6.22,-3.00,-2.00,6.02,-0.34,6.22,22.56,17.15,0.00,0.00,0.00,0.20,0.20,0,0
[10:59:14.715][I][csv:715]: 1762869,AGG,3.08,2.12,6.29,-3.00,-2.00,6.29,-3.00,-2.00,6.29,-3.00,-2.00,6.09,-0.36,6.29,22.65,17.15,0.00,0.00,0.00,0.20,0.20,0,0
[10:59:14.786][S][sensor]: 'TWC Time Since Last Poll' >> 137 ms
[10:59:14.786][S][sensor]: 'TWC Reported Current L1' >> 17.2 A
[10:59:14.822][I][csv:715]: 1762977,AGG,3.08,2.12,6.29,-3.00,-2.00,6.29,-3.00,-2.00,6.29,-3.00,-2.00,6.09,-0.36,6.29,22.65,17.15,0.00,0.00,0.00,0.20,0.20,0,0
[10:59:14.901][I][vitals:883]: TWC vitals: A=0.00 B=0.00 C=0.20 vehicle=0.20 contactor=open
[10:59:14.930][S][sensor]: 'TWC Poll Interval' >> 184 ms
[10:59:14.930][S][sensor]: 'TWC Vitals Current L2' >> 0.00 A
[10:59:15.706][I][csv:715]: 1763859,AGG,3.08,2.12,6.29,-3.00,-2.00,6.29,-3.00,-2.00,6.29,-3.00,-2.00,6.09,-0.36,6.29,22.65,17.15,0.00,0.00,0.00,0.20,0.20,0,0
[10:59:15.715][I][csv:715]: 1763863,AGG,3.01,2.12,6.29,-3.00,-2.00,6.29,-3.00,-2.00,6.29,-3.00,-2.00,6.09,-0.36,6.29,22.65,17.15,0.00,0.00,0.00,0.20,0.20,0,0
[10:59:15.716][I][csv:715]: 1763866,AGG,3.01,2.12,6.29,-3.00,-2.00,6.29,-3.00,-2.00,6.29,-3.00,-2.00,6.09,-0.36,6.29,22.65,17.15,0.00,0.00,0.00,0.20,0.20,0,0
[10:59:15.719][I][csv:715]: 1763870,AGG,3.01,2.04,6.29,-3.00,-2.00,6.29,-3.00,-2.00,6.29,-3.00,-2.00,6.09,-0.36,6.29,22.65,17.15,0.00,0.00,0.00,0.20,0.20,0,0
[10:59:15.735][I][csv:715]: 1763874,AGG,3.01,2.04,6.29,-3.00,-2.00,6.29,-3.00,-2.00,6.29,-3.00,-2.00,6.09,-0.36,6.29,22.65,17.15,0.00,0.00,0.00,0.20,0.20,0,0
[10:59:15.736][I][csv:715]: 1763880,AGG,3.01,2.04,6.37,-3.00,-2.00,6.37,-3.00,-2.00,6.37,-3.00,-2.00,6.17,-0.37,6.37,22.74,17.15,0.00,0.00,0.00,0.20,0.20,0,0
[10:59:15.826][I][csv:715]: 1763977,AGG,3.01,2.04,6.37,-3.00,-2.00,6.37,-3.00,-2.00,6.37,-3.00,-2.00,6.17,-0.39,6.37,22.76,17.15,0.00,0.00,0.00,0.20,0.20,0,0
[10:59:16.089][S][sensor]: 'Shelly Active Power L1' >> -700 W
[10:59:16.090][S][sensor]: 'TWC Vitals Current L1' >> 0.00 A
[10:59:16.250][S][sensor]: 'TWC Vitals Current L3' >> 0.20 A
[10:59:16.250][S][sensor]: 'Shelly Time Since Last OK' >> 489 ms
[10:59:16.365][S][sensor]: 'Shelly Active Power L3' >> 1474 W
[10:59:16.495][S][sensor]: 'Shelly Real Current L1' >> 3.01 A
[10:59:16.495][S][sensor]: 'Shelly Active Power L2' >> -470 W
[10:59:16.670][S][sensor]: 'TWC Vitals Vehicle Current' >> 0.20 A
[10:59:16.670][S][sensor]: 'Shelly Real Current L3' >> 6.37 A
[10:59:16.670][S][sensor]: 'Shelly Real Current L2' >> 2.04 A
[10:59:16.679][I][csv:715]: 1764833,AGG,3.01,2.04,6.37,-3.00,-2.00,6.37,-3.00,-2.00,6.37,-3.00,-2.00,6.17,-0.39,6.37,22.76,17.15,0.00,0.00,0.00,0.20,0.20,0,0
[10:59:16.686][I][csv:715]: 1764837,AGG,2.86,2.04,6.37,-2.00,-2.00,6.37,-2.00,-2.00,6.37,-2.00,-2.00,6.17,-0.39,6.37,22.76,17.15,0.00,0.00,0.00,0.20,0.20,0,0
[10:59:16.686][I][csv:715]: 1764840,AGG,2.86,2.04,6.37,-2.00,-2.00,6.37,-2.00,-2.00,6.37,-2.00,-2.00,6.17,-0.40,6.37,22.76,17.15,0.00,0.00,0.00,0.20,0.20,0,0
[10:59:16.694][I][csv:715]: 1764845,AGG,2.86,1.98,6.37,-2.00,-1.00,6.37,-2.00,-1.00,6.37,-2.00,-1.00,6.17,-0.40,6.37,22.77,17.15,0.00,0.00,0.00,0.20,0.20,0,0
[10:59:16.708][I][csv:715]: 1764861,AGG,2.86,1.98,6.37,-2.00,-1.00,6.37,-2.00,-1.00,6.37,-2.00,-1.00,6.17,-0.42,6.37,22.78,17.15,0.00,0.00,0.00,0.20,0.20,0,0
[10:59:16.732][I][csv:715]: 1764887,AGG,2.86,1.98,6.52,-2.00,-1.00,6.52,-2.00,-1.00,6.52,-2.00,-1.00,6.32,-0.44,6.52,22.97,17.15,0.00,0.00,0.00,0.20,0.20,0,0
[10:59:16.785][S][sensor]: 'TWC Time Since Last Poll' >> 6 ms
[10:59:16.825][I][csv:715]: 1764977,AGG,2.86,1.98,6.52,-2.00,-1.00,6.52,-2.00,-1.00,6.52,-2.00,-1.00,6.32,-0.53,6.52,23.06,17.15,0.00,0.00,0.00,0.20,0.20,0,0
[10:59:16.902][I][vitals:883]: TWC vitals: A=0.00 B=0.00 C=0.20 vehicle=0.20 contactor=open
[10:59:16.926][S][sensor]: 'TWC Vitals Current L2' >> 0.00 A
[10:59:16.926][S][sensor]: 'TWC Poll Interval' >> 193 ms
[10:59:17.650][I][csv:715]: 1765804,AGG,2.86,1.98,6.52,-2.00,-1.00,6.52,-2.00,-1.00,6.52,-2.00,-1.00,6.32,-1.11,6.52,23.63,17.15,0.00,0.00,0.00,0.20,0.20,0,0
[10:59:17.654][I][csv:715]: 1765808,AGG,2.80,1.98,6.52,-2.00,-1.00,6.52,-2.00,-1.00,6.52,-2.00,-1.00,6.32,-1.11,6.52,23.63,17.15,0.00,0.00,0.00,0.20,0.20,0,0
[10:59:17.677][I][csv:715]: 1765830,AGG,2.80,1.98,6.52,-2.00,-1.00,6.52,-2.00,-1.00,6.52,-2.00,-1.00,6.32,-1.11,6.52,23.63,17.15,0.00,0.00,0.00,0.20,0.20,0,0
[10:59:17.684][I][csv:715]: 1765837,AGG,2.80,1.82,6.52,-2.00,-1.00,6.52,-2.00,-1.00,6.52,-2.00,-1.00,6.32,-1.11,6.52,23.63,17.15,0.00,0.00,0.00,0.20,0.20,0,0
[10:59:17.714][I][csv:715]: 1765865,AGG,2.80,1.82,6.52,-2.00,-1.00,6.52,-2.00,-1.00,6.52,-2.00,-1.00,6.32,-1.11,6.52,23.63,17.15,0.00,0.00,0.00,0.20,0.20,0,0
[10:59:17.746][I][csv:715]: 1765899,AGG,2.80,1.82,6.44,-2.00,-1.00,6.44,-2.00,-1.00,6.44,-2.00,-1.00,6.24,-1.08,6.44,23.52,17.15,0.00,0.00,0.00,0.20,0.20,0,0
[10:59:17.823][I][csv:715]: 1765977,AGG,2.80,1.82,6.44,-2.00,-1.00,6.44,-2.00,-1.00,6.44,-2.00,-1.00,6.24,-1.08,6.44,23.52,17.15,0.00,0.00,0.00,0.20,0.20,0,0
[10:59:18.101][S][sensor]: 'Shelly Active Power L1' >> -648 W
[10:59:18.101][S][sensor]: 'TWC Vitals Current L1' >> 0.00 A
[10:59:18.247][S][sensor]: 'TWC Vitals Current L3' >> 0.20 A
[10:59:18.247][S][sensor]: 'Shelly Time Since Last OK' >> 470 ms
[10:59:18.372][S][sensor]: 'Shelly Active Power L3' >> 1475 W
[10:59:18.493][S][sensor]: 'Shelly Real Current L1' >> 2.80 A
[10:59:18.493][S][sensor]: 'Shelly Active Power L2' >> -415 W
[10:59:18.661][S][sensor]: 'Shelly Real Current L3' >> 6.44 A
[10:59:18.662][S][sensor]: 'TWC Vitals Vehicle Current' >> 0.20 A
[10:59:18.662][S][sensor]: 'Shelly Real Current L2' >> 1.82 A
[10:59:18.669][I][csv:715]: 1766823,AGG,2.80,1.82,6.44,-2.00,-1.00,6.44,-2.00,-1.00,6.44,-2.00,-1.00,6.24,-1.08,6.44,23.52,17.15,0.00,0.00,0.00,0.20,0.20,0,0
[10:59:18.674][I][csv:715]: 1766828,AGG,2.75,1.82,6.44,-2.00,-1.00,6.44,-2.00,-1.00,6.44,-2.00,-1.00,6.24,-1.08,6.44,23.52,17.15,0.00,0.00,0.00,0.20,0.20,0,0
[10:59:18.684][I][csv:715]: 1766838,AGG,2.75,1.82,6.44,-2.00,-1.00,6.44,-2.00,-1.00,6.44,-2.00,-1.00,6.24,-1.08,6.44,23.52,17.15,0.00,0.00,0.00,0.20,0.20,0,0
[10:59:18.691][I][csv:715]: 1766844,AGG,2.75,1.82,6.44,-2.00,-1.00,6.44,-2.00,-1.00,6.44,-2.00,-1.00,6.24,-1.08,6.44,23.52,17.15,0.00,0.00,0.00,0.20,0.20,0,0
[10:59:18.715][I][csv:715]: 1766870,AGG,2.75,1.82,6.44,-2.00,-1.00,6.44,-2.00,-1.00,6.44,-2.00,-1.00,6.24,-1.08,6.44,23.52,17.15,0.00,0.00,0.00,0.20,0.20,0,0
[10:59:18.747][I][csv:715]: 1766902,AGG,2.75,1.82,6.50,-2.00,-1.00,6.50,-2.00,-1.00,6.50,-2.00,-1.00,6.30,-1.10,6.50,23.60,17.15,0.00,0.00,0.00,0.20,0.20,0,0
[10:59:18.783][S][sensor]: 'TWC Time Since Last Poll' >> 148 ms
[10:59:18.822][I][csv:715]: 1766977,AGG,2.75,1.82,6.50,-2.00,-1.00,6.50,-2.00,-1.00,6.50,-2.00,-1.00,6.30,-1.10,6.50,23.60,17.15,0.00,0.00,0.00,0.20,0.20,0,0
[10:59:18.902][I][vitals:883]: TWC vitals: A=0.00 B=0.00 C=0.20 vehicle=0.20 contactor=open
[10:59:18.926][S][sensor]: 'TWC Vitals Current L2' >> 0.00 A
[10:59:18.926][S][sensor]: 'TWC Poll Interval' >> 179 ms
[10:59:18.926][S][sensor]: 'TWC Reported Current L3' >> 17.2 A
[10:59:18.926][S][sensor]: 'TWC Reported Current L2' >> 17.2 A
[10:59:19.697][I][csv:715]: 1767851,AGG,2.75,1.82,6.50,-2.00,-1.00,-6.00,-2.00,-1.00,-6.00,-2.00,-1.00,-6.20,-0.23,-1.00,15.23,15.18,0.00,0.00,0.00,0.20,0.20,0,0
[10:59:19.703][I][csv:715]: 1767857,AGG,2.70,1.82,6.50,-2.00,-1.00,-6.00,-2.00,-1.00,-6.00,-2.00,-1.00,-6.20,-0.22,-1.00,15.22,15.17,0.00,0.00,0.00,0.20,0.20,0,0
[10:59:19.709][I][csv:715]: 1767861,AGG,2.70,1.82,6.50,-2.00,-1.00,-6.00,-2.00,-1.00,-6.00,-2.00,-1.00,-6.20,-0.22,-1.00,15.22,15.17,0.00,0.00,0.00,0.20,0.20,0,0
[10:59:19.710][I][csv:715]: 1767864,AGG,2.70,1.73,6.50,-2.00,-1.00,-6.00,-2.00,-1.00,-6.00,-2.00,-1.00,-6.20,-0.21,-1.00,15.21,15.16,0.00,0.00,0.00,0.20,0.20,0,0
[10:59:19.722][I][csv:715]: 1767876,AGG,2.70,1.73,6.50,-2.00,-1.00,-6.00,-2.00,-1.00,-6.00,-2.00,-1.00,-6.20,-0.20,-1.00,15.20,15.15,0.00,0.00,0.00,0.20,0.20,0,0
[10:59:19.758][I][csv:715]: 1767909,AGG,2.70,1.73,4.68,-2.00,-1.00,-4.00,-2.00,-1.00,-4.00,-2.00,-1.00,-4.20,-0.17,-1.00,15.17,15.12,0.00,0.00,0.00,0.20,0.20,0,0
[10:59:19.819][S][sensor]: 'TWC Reported Current L1' >> 15.2 A
[10:59:19.823][I][csv:715]: 1767977,AGG,2.70,1.73,4.68,-2.00,-1.00,-4.00,-2.00,-1.00,-4.00,-2.00,-1.00,-4.20,-0.10,-1.00,15.10,15.05,0.00,0.00,0.00,0.20,0.20,0,0
[10:59:20.094][S][sensor]: 'Shelly Active Power L1' >> -609 W
[10:59:20.094][S][sensor]: 'TWC Vitals Current L1' >> 0.00 A
[10:59:20.239][S][sensor]: 'TWC Vitals Current L3' >> 0.20 A
[10:59:20.239][S][sensor]: 'Shelly Time Since Last OK' >> 460 ms
[10:59:20.378][S][sensor]: 'Shelly Active Power L3' >> -134 W
[10:59:20.488][S][sensor]: 'Shelly Real Current L1' >> 2.70 A
[10:59:20.488][S][sensor]: 'Shelly Active Power L2' >> -393 W
[10:59:20.663][S][sensor]: 'Shelly Real Current L3' >> 4.68 A
[10:59:20.663][S][sensor]: 'TWC Vitals Vehicle Current' >> 0.20 A
[10:59:20.663][S][sensor]: 'Shelly Real Current L2' >> 1.73 A
[10:59:20.671][I][csv:715]: 1768824,AGG,2.70,1.73,4.68,-2.00,-1.00,-4.00,-2.00,-1.00,-4.00,-2.00,-1.00,-4.20,0.75,-1.00,14.25,14.20,0.00,0.00,0.00,0.20,0.20,0,0
[10:59:20.676][I][csv:715]: 1768829,AGG,2.64,1.73,4.68,-2.00,-1.00,-4.00,-2.00,-1.00,-4.00,-2.00,-1.00,-4.20,0.75,-1.00,14.25,14.20,0.00,0.00,0.00,0.20,0.20,0,0
[10:59:20.696][I][csv:715]: 1768851,AGG,2.64,1.73,4.68,-2.00,-1.00,-4.00,-2.00,-1.00,-4.00,-2.00,-1.00,-4.20,0.77,-1.00,14.23,14.18,0.00,0.00,0.00,0.20,0.20,0,0
[10:59:20.708][I][csv:715]: 1768860,AGG,2.64,1.74,4.68,-2.00,-1.00,-4.00,-2.00,-1.00,-4.00,-2.00,-1.00,-4.20,0.78,-1.00,14.22,14.17,0.00,0.00,0.00,0.20,0.20,0,0
[10:59:20.731][I][csv:715]: 1768883,AGG,2.64,1.74,4.68,-2.00,-1.00,-4.00,-2.00,-1.00,-4.00,-2.00,-1.00,-4.20,0.81,-1.00,14.19,14.14,0.00,0.00,0.00,0.20,0.20,0,0
[10:59:20.765][I][csv:715]: 1768919,AGG,2.64,1.74,2.56,-2.00,-1.00,-2.00,-2.00,-1.00,-2.00,-2.00,-1.00,-2.20,0.84,-1.00,14.16,14.11,0.00,0.00,0.00,0.20,0.20,0,0
[10:59:20.784][S][sensor]: 'TWC Time Since Last Poll' >> 115 ms
[10:59:20.822][I][csv:715]: 1768977,AGG,2.64,1.74,2.56,-2.00,-1.00,-2.00,-2.00,-1.00,-2.00,-2.00,-1.00,-2.20,0.90,-1.00,14.10,14.05,0.00,0.00,0.00,0.20,0.20,0,0
[10:59:20.906][I][vitals:883]: TWC vitals: A=0.00 B=0.00 C=0.20 vehicle=0.20 contactor=open
[10:59:20.928][S][sensor]: 'TWC Vitals Current L2' >> 0.00 A
[10:59:20.928][S][sensor]: 'TWC Poll Interval' >> 193 ms
[10:59:21.745][I][csv:715]: 1769900,AGG,2.64,1.74,2.56,-2.00,-1.00,-2.00,-2.00,-1.00,-2.00,-2.00,-1.00,-2.20,1.73,-1.00,13.27,13.22,0.00,0.00,0.00,0.20,0.20,0,0
[10:59:21.752][I][csv:715]: 1769904,AGG,2.72,1.74,2.56,-2.00,-1.00,-2.00,-2.00,-1.00,-2.00,-2.00,-1.00,-2.20,1.73,-1.00,13.27,13.22,0.00,0.00,0.00,0.20,0.20,0,0
[10:59:21.757][I][csv:715]: 1769909,AGG,2.72,1.74,2.56,-2.00,-1.00,-2.00,-2.00,-1.00,-2.00,-2.00,-1.00,-2.20,1.73,-1.00,13.27,13.22,0.00,0.00,0.00,0.20,0.20,0,0
[10:59:21.757][I][csv:715]: 1769912,AGG,2.72,1.75,2.56,-2.00,-1.00,-2.00,-2.00,-1.00,-2.00,-2.00,-1.00,-2.20,1.73,-1.00,13.27,13.22,0.00,0.00,0.00,0.20,0.20,0,0
[10:59:21.763][I][csv:715]: 1769915,AGG,2.72,1.75,2.56,-2.00,-1.00,-2.00,-2.00,-1.00,-2.00,-2.00,-1.00,-2.20,1.73,-1.00,13.27,13.22,0.00,0.00,0.00,0.20,0.20,0,0
[10:59:21.770][I][csv:715]: 1769924,AGG,2.72,1.75,2.61,-2.00,-1.00,-2.00,-2.00,-1.00,-2.00,-2.00,-1.00,-2.20,1.73,-1.00,13.27,13.22,0.00,0.00,0.00,0.20,0.20,0,0
[10:59:21.822][I][csv:715]: 1769977,AGG,2.72,1.75,2.61,-2.00,-1.00,-2.00,-2.00,-1.00,-2.00,-2.00,-1.00,-2.20,1.73,-1.00,13.27,13.22,0.00,0.00,0.00,0.20,0.20,0,0
[10:59:22.092][S][sensor]: 'Shelly Active Power L1' >> -624 W
[10:59:22.092][S][sensor]: 'TWC Vitals Current L1' >> 0.00 A
[10:59:22.251][S][sensor]: 'TWC Vitals Current L3' >> 0.20 A
[10:59:22.251][S][sensor]: 'Shelly Time Since Last OK' >> 445 ms
[10:59:22.367][S][sensor]: 'Shelly Active Power L3' >> -596 W
[10:59:22.501][S][sensor]: 'Shelly Real Current L1' >> 2.72 A
[10:59:22.501][S][sensor]: 'Shelly Active Power L2' >> -400 W
[10:59:22.672][S][sensor]: 'Shelly Real Current L3' >> 2.61 A
[10:59:22.672][S][sensor]: 'TWC Vitals Vehicle Current' >> 0.20 A
[10:59:22.672][S][sensor]: 'Shelly Real Current L2' >> 1.75 A
[10:59:22.681][I][csv:715]: 1770827,AGG,2.72,1.75,2.61,-2.00,-1.00,-2.00,-2.00,-1.00,-2.00,-2.00,-1.00,-2.20,1.73,-1.00,13.27,13.22,0.00,0.00,0.00,0.20,0.20,0,0
[10:59:22.681][I][csv:715]: 1770831,AGG,2.75,1.75,2.61,-2.00,-1.00,-2.00,-2.00,-1.00,-2.00,-2.00,-1.00,-2.20,1.73,-1.00,13.27,13.22,0.00,0.00,0.00,0.20,0.20,0,0
[10:59:22.703][I][csv:715]: 1770858,AGG,2.75,1.75,2.61,-2.00,-1.00,-2.00,-2.00,-1.00,-2.00,-2.00,-1.00,-2.20,1.73,-1.00,13.27,13.22,0.00,0.00,0.00,0.20,0.20,0,0
[10:59:22.720][I][csv:715]: 1770875,AGG,2.75,1.90,2.61,-2.00,-1.00,-2.00,-2.00,-1.00,-2.00,-2.00,-1.00,-2.20,1.73,-1.00,13.27,13.22,0.00,0.00,0.00,0.20,0.20,0,0
[10:59:22.743][I][csv:715]: 1770898,AGG,2.75,1.90,2.61,-2.00,-1.00,-2.00,-2.00,-1.00,-2.00,-2.00,-1.00,-2.20,1.73,-1.00,13.27,13.22,0.00,0.00,0.00,0.20,0.20,0,0
[10:59:22.776][I][csv:715]: 1770931,AGG,2.75,1.90,2.65,-2.00,-1.00,-2.00,-2.00,-1.00,-2.00,-2.00,-1.00,-2.20,1.73,-1.00,13.27,13.22,0.00,0.00,0.00,0.20,0.20,0,0
[10:59:22.796][S][sensor]: 'TWC Time Since Last Poll' >> 79 ms
[10:59:22.825][I][csv:715]: 1770977,AGG,2.75,1.90,2.65,-2.00,-1.00,-2.00,-2.00,-1.00,-2.00,-2.00,-1.00,-2.20,1.73,-1.00,13.27,13.22,0.00,0.00,0.00,0.20,0.20,0,0
[10:59:22.905][I][vitals:883]: TWC vitals: A=0.00 B=0.00 C=0.20 vehicle=0.20 contactor=open
[10:59:22.929][S][sensor]: 'TWC Vitals Current L2' >> 0.00 A
[10:59:22.929][S][sensor]: 'TWC Poll Interval' >> 194 ms
[10:59:23.692][I][csv:715]: 1771844,AGG,2.75,1.90,2.65,-2.00,-1.00,-2.00,-2.00,-1.00,-2.00,-2.00,-1.00,-2.20,1.73,-1.00,13.27,13.22,0.00,0.00,0.00,0.20,0.20,0,0
[10:59:23.696][I][csv:715]: 1771848,AGG,2.71,1.90,2.65,-2.00,-1.00,-2.00,-2.00,-1.00,-2.00,-2.00,-1.00,-2.20,1.73,-1.00,13.27,13.22,0.00,0.00,0.00,0.20,0.20,0,0
[10:59:23.714][I][csv:715]: 1771868,AGG,2.71,1.90,2.65,-2.00,-1.00,-2.00,-2.00,-1.00,-2.00,-2.00,-1.00,-2.20,1.73,-1.00,13.27,13.22,0.00,0.00,0.00,0.20,0.20,0,0
[10:59:23.731][I][csv:715]: 1771886,AGG,2.71,1.78,2.65,-2.00,-1.00,-2.00,-2.00,-1.00,-2.00,-2.00,-1.00,-2.20,1.73,-1.00,13.27,13.22,0.00,0.00,0.00,0.20,0.20,0,0
[10:59:23.751][I][csv:715]: 1771904,AGG,2.71,1.78,2.65,-2.00,-1.00,-2.00,-2.00,-1.00,-2.00,-2.00,-1.00,-2.20,1.73,-1.00,13.27,13.22,0.00,0.00,0.00,0.20,0.20,0,0
[10:59:23.793][I][csv:715]: 1771938,AGG,2.71,1.78,2.59,-2.00,-1.00,-2.00,-2.00,-1.00,-2.00,-2.00,-1.00,-2.20,1.73,-1.00,13.27,13.22,0.00,0.00,0.00,0.20,0.20,0,0
[10:59:23.822][I][csv:715]: 1771977,AGG,2.71,1.78,2.59,-2.00,-1.00,-2.00,-2.00,-1.00,-2.00,-2.00,-1.00,-2.20,1.73,-1.00,13.27,13.22,0.00,0.00,0.00,0.20,0.20,0,0
[10:59:23.936][S][sensor]: 'TWC Reported Current L2' >> 13.2 A
[10:59:23.936][S][sensor]: 'TWC Reported Current L3' >> 13.2 A
[10:59:24.098][S][sensor]: 'Shelly Active Power L1' >> -618 W
[10:59:24.099][S][sensor]: 'TWC Vitals Current L1' >> 0.00 A
[10:59:24.246][S][sensor]: 'TWC Vitals Current L3' >> 0.20 A
[10:59:24.246][S][sensor]: 'Shelly Time Since Last OK' >> 432 ms
[10:59:24.371][S][sensor]: 'Shelly Active Power L3' >> -593 W
[10:59:24.486][S][sensor]: 'Shelly Real Current L1' >> 2.71 A
[10:59:24.486][S][sensor]: 'Shelly Active Power L2' >> -405 W
[10:59:24.662][S][sensor]: 'TWC Vitals Vehicle Current' >> 0.20 A
[10:59:24.662][S][sensor]: 'Shelly Real Current L3' >> 2.59 A
[10:59:24.662][S][sensor]: 'Shelly Real Current L2' >> 1.78 A
[10:59:24.679][I][csv:715]: 1772822,AGG,2.71,1.78,2.59,-2.00,-1.00,-2.00,-2.00,-1.00,-2.00,-2.00,-1.00,-2.20,1.73,-1.00,13.27,13.22,0.00,0.00,0.00,0.20,0.20,0,0
[10:59:24.685][I][csv:715]: 1772839,AGG,2.67,1.78,2.59,-2.00,-1.00,-2.00,-2.00,-1.00,-2.00,-2.00,-1.00,-2.20,1.73,-1.00,13.27,13.22,0.00,0.00,0.00,0.20,0.20,0,0
[10:59:24.720][I][csv:715]: 1772874,AGG,2.67,1.78,2.59,-2.00,-1.00,-2.00,-2.00,-1.00,-2.00,-2.00,-1.00,-2.20,1.73,-1.00,13.27,13.22,0.00,0.00,0.00,0.20,0.20,0,0
[10:59:24.734][I][csv:715]: 1772889,AGG,2.67,1.73,2.59,-2.00,-1.00,-2.00,-2.00,-1.00,-2.00,-2.00,-1.00,-2.20,1.73,-1.00,13.27,13.22,0.00,0.00,0.00,0.20,0.20,0,0
[10:59:24.756][I][csv:715]: 1772911,AGG,2.67,1.73,2.59,-2.00,-1.00,-2.00,-2.00,-1.00,-2.00,-2.00,-1.00,-2.20,1.73,-1.00,13.27,13.22,0.00,0.00,0.00,0.20,0.20,0,0
[10:59:24.787][I][csv:715]: 1772942,AGG,2.67,1.73,2.56,-2.00,-1.00,-2.00,-2.00,-1.00,-2.00,-2.00,-1.00,-2.20,1.73,-1.00,13.27,13.22,0.00,0.00,0.00,0.20,0.20,0,0
[10:59:24.793][S][sensor]: 'TWC Time Since Last Poll' >> 132 ms
[10:59:24.793][S][sensor]: 'TWC Reported Current L1' >> 13.2 A
[10:59:24.822][I][csv:715]: 1772977,AGG,2.67,1.73,2.56,-2.00,-1.00,-2.00,-2.00,-1.00,-2.00,-2.00,-1.00,-2.20,1.73,-1.00,13.27,13.22,0.00,0.00,0.00,0.20,0.20,0,0
[10:59:24.905][I][vitals:883]: TWC vitals: A=0.00 B=0.00 C=0.20 vehicle=0.20 contactor=open
[10:59:24.925][S][sensor]: 'TWC Vitals Current L2' >> 0.00 A
[10:59:24.925][S][sensor]: 'TWC Poll Interval' >> 195 ms
[10:59:25.738][I][csv:715]: 1773893,AGG,2.67,1.73,2.56,-2.00,-1.00,-2.00,-2.00,-1.00,-2.00,-2.00,-1.00,-2.20,1.73,-1.00,13.27,13.22,0.00,0.00,0.00,0.20,0.20,0,0
[10:59:25.745][I][csv:715]: 1773898,AGG,2.65,1.73,2.56,-2.00,-1.00,-2.00,-2.00,-1.00,-2.00,-2.00,-1.00,-2.20,1.73,-1.00,13.27,13.22,0.00,0.00,0.00,0.20,0.20,0,0
[10:59:25.750][I][csv:715]: 1773903,AGG,2.65,1.73,2.56,-2.00,-1.00,-2.00,-2.00,-1.00,-2.00,-2.00,-1.00,-2.20,1.73,-1.00,13.27,13.22,0.00,0.00,0.00,0.20,0.20,0,0
[10:59:25.754][I][csv:715]: 1773908,AGG,2.65,1.71,2.56,-2.00,-1.00,-2.00,-2.00,-1.00,-2.00,-2.00,-1.00,-2.20,1.73,-1.00,13.27,13.22,0.00,0.00,0.00,0.20,0.20,0,0
[10:59:25.773][I][csv:715]: 1773926,AGG,2.65,1.71,2.56,-2.00,-1.00,-2.00,-2.00,-1.00,-2.00,-2.00,-1.00,-2.20,1.73,-1.00,13.27,13.22,0.00,0.00,0.00,0.20,0.20,0,0
[10:59:25.795][I][csv:715]: 1773948,AGG,2.65,1.71,2.56,-2.00,-1.00,-2.00,-2.00,-1.00,-2.00,-2.00,-1.00,-2.20,1.73,-1.00,13.27,13.22,0.00,0.00,0.00,0.20,0.20,0,0
[10:59:25.825][I][csv:715]: 1773977,AGG,2.65,1.71,2.56,-2.00,-1.00,-2.00,-2.00,-1.00,-2.00,-2.00,-1.00,-2.20,1.73,-1.00,13.27,13.22,0.00,0.00,0.00,0.20,0.20,0,0
[10:59:26.099][S][sensor]: 'Shelly Active Power L1' >> -602 W
[10:59:26.099][S][sensor]: 'TWC Vitals Current L1' >> 0.00 A
[10:59:26.242][S][sensor]: 'TWC Vitals Current L3' >> 0.20 A
[10:59:26.242][S][sensor]: 'Shelly Time Since Last OK' >> 421 ms
[10:59:26.374][S][sensor]: 'Shelly Active Power L3' >> -583 W
[10:59:26.488][S][sensor]: 'Shelly Real Current L1' >> 2.65 A
[10:59:26.488][S][sensor]: 'Shelly Active Power L2' >> -385 W
[10:59:26.666][S][sensor]: 'TWC Vitals Vehicle Current' >> 0.20 A
[10:59:26.667][S][sensor]: 'Shelly Real Current L3' >> 2.56 A
[10:59:26.667][S][sensor]: 'Shelly Real Current L2' >> 1.71 A
[10:59:26.696][I][csv:715]: 1774851,AGG,2.65,1.71,2.56,-2.00,-1.00,-2.00,-2.00,-1.00,-2.00,-2.00,-1.00,-2.20,1.73,-1.00,13.27,13.22,0.00,0.00,0.00,0.20,0.20,0,0
[10:59:26.739][I][csv:715]: 1774880,AGG,2.62,1.71,2.56,-2.00,-1.00,-2.00,-2.00,-1.00,-2.00,-2.00,-1.00,-2.20,1.73,-1.00,13.27,13.22,0.00,0.00,0.00,0.20,0.20,0,0
[10:59:26.778][I][csv:715]: 1774932,AGG,2.62,1.71,2.56,-2.00,-1.00,-2.00,-2.00,-1.00,-2.00,-2.00,-1.00,-2.20,1.73,-1.00,13.27,13.22,0.00,0.00,0.00,0.20,0.20,0,0
[10:59:26.787][S][sensor]: 'TWC Time Since Last Poll' >> 173 ms
[10:59:26.799][I][csv:715]: 1774954,AGG,2.62,1.76,2.56,-2.00,-1.00,-2.00,-2.00,-1.00,-2.00,-2.00,-1.00,-2.20,1.73,-1.00,13.27,13.22,0.00,0.00,0.00,0.20,0.20,0,0
[10:59:26.838][I][csv:715]: 1774975,AGG,2.62,1.76,2.56,-2.00,-1.00,-2.00,-2.00,-1.00,-2.00,-2.00,-1.00,-2.20,1.73,-1.00,13.27,13.22,0.00,0.00,0.00,0.20,0.20,0,0
[10:59:26.838][I][csv:715]: 1774979,AGG,2.62,1.76,2.53,-2.00,-1.00,-2.00,-2.00,-1.00,-2.00,-2.00,-1.00,-2.20,1.73,-1.00,13.27,13.22,0.00,0.00,0.00,0.20,0.20,0,0
[10:59:26.838][I][csv:715]: 1774981,AGG,2.62,1.76,2.53,-2.00,-1.00,-2.00,-2.00,-1.00,-2.00,-2.00,-1.00,-2.20,1.73,-1.00,13.27,13.22,0.00,0.00,0.00,0.20,0.20,0,0
[10:59:26.910][I][vitals:883]: TWC vitals: A=0.00 B=0.00 C=0.20 vehicle=0.20 contactor=open
[10:59:26.928][S][sensor]: 'TWC Poll Interval' >> 182 ms
[10:59:26.929][S][sensor]: 'TWC Vitals Current L2' >> 0.00 A
[10:59:27.793][I][csv:715]: 1775946,AGG,2.62,1.76,2.53,-2.00,-1.00,-2.00,-2.00,-1.00,-2.00,-2.00,-1.00,-2.20,1.73,-1.00,13.27,13.22,0.00,0.00,0.00,0.20,0.20,0,0
[10:59:27.806][I][csv:715]: 1775950,AGG,2.56,1.76,2.53,-2.00,-1.00,-2.00,-2.00,-1.00,-2.00,-2.00,-1.00,-2.20,1.73,-1.00,13.27,13.22,0.00,0.00,0.00,0.20,0.20,0,0
[10:59:27.806][I][csv:715]: 1775953,AGG,2.56,1.76,2.53,-2.00,-1.00,-2.00,-2.00,-1.00,-2.00,-2.00,-1.00,-2.20,1.73,-1.00,13.27,13.22,0.00,0.00,0.00,0.20,0.20,0,0
[10:59:27.806][I][csv:715]: 1775955,AGG,2.56,1.62,2.53,-2.00,-1.00,-2.00,-2.00,-1.00,-2.00,-2.00,-1.00,-2.20,1.73,-1.00,13.27,13.22,0.00,0.00,0.00,0.20,0.20,0,0
[10:59:27.826][I][csv:715]: 1775979,AGG,2.56,1.62,2.53,-2.00,-1.00,-2.00,-2.00,-1.00,-2.00,-2.00,-1.00,-2.20,1.73,-1.00,13.27,13.22,0.00,0.00,0.00,0.20,0.20,0,0
[10:59:27.836][I][csv:715]: 1775983,AGG,2.56,1.62,2.53,-2.00,-1.00,-2.00,-2.00,-1.00,-2.00,-2.00,-1.00,-2.20,1.73,-1.00,13.27,13.22,0.00,0.00,0.00,0.20,0.20,0,0
[10:59:27.836][I][csv:715]: 1775988,AGG,2.56,1.62,2.45,-2.00,-1.00,-2.00,-2.00,-1.00,-2.00,-2.00,-1.00,-2.20,1.73,-1.00,13.27,13.22,0.00,0.00,0.00,0.20,0.20,0,0
[10:59:28.090][S][sensor]: 'Shelly Active Power L1' >> -580 W
[10:59:28.091][S][sensor]: 'TWC Vitals Current L1' >> 0.00 A
[10:59:28.253][S][sensor]: 'TWC Vitals Current L3' >> 0.20 A
[10:59:28.253][S][sensor]: 'Shelly Time Since Last OK' >> 381 ms
[10:59:28.373][S][sensor]: 'Shelly Active Power L3' >> -562 W
[10:59:28.507][S][sensor]: 'Shelly Real Current L1' >> 2.56 A
[10:59:28.507][S][sensor]: 'Shelly Active Power L2' >> -367 W
[10:59:28.666][S][sensor]: 'Shelly Real Current L3' >> 2.45 A
[10:59:28.666][S][sensor]: 'TWC Vitals Vehicle Current' >> 0.20 A
[10:59:28.667][S][sensor]: 'Shelly Real Current L2' >> 1.62 A
[10:59:28.714][I][csv:715]: 1776867,AGG,2.56,1.62,2.45,-2.00,-1.00,-2.00,-2.00,-1.00,-2.00,-2.00,-1.00,-2.20,1.73,-1.00,13.27,13.22,0.00,0.00,0.00,0.20,0.20,0,0
[10:59:28.737][I][csv:715]: 1776891,AGG,2.50,1.62,2.45,-2.00,-1.00,-2.00,-2.00,-1.00,-2.00,-2.00,-1.00,-2.20,1.73,-1.00,13.27,13.22,0.00,0.00,0.00,0.20,0.20,0,0
[10:59:28.793][I][csv:715]: 1776943,AGG,2.50,1.62,2.45,-2.00,-1.00,-2.00,-2.00,-1.00,-2.00,-2.00,-1.00,-2.20,1.73,-1.00,13.27,13.22,0.00,0.00,0.00,0.20,0.20,0,0
[10:59:28.794][S][sensor]: 'TWC Time Since Last Poll' >> 33 ms
[10:59:28.806][I][csv:715]: 1776953,AGG,2.50,1.64,2.45,-2.00,-1.00,-2.00,-2.00,-1.00,-2.00,-2.00,-1.00,-2.20,1.73,-1.00,13.27,13.22,0.00,0.00,0.00,0.20,0.20,0,0
[10:59:28.827][I][csv:715]: 1776982,AGG,2.50,1.64,2.45,-2.00,-1.00,-2.00,-2.00,-1.00,-2.00,-2.00,-1.00,-2.20,1.73,-1.00,13.27,13.22,0.00,0.00,0.00,0.20,0.20,0,0
[10:59:28.839][I][csv:715]: 1776992,AGG,2.50,1.64,2.45,-2.00,-1.00,-2.00,-2.00,-1.00,-2.00,-2.00,-1.00,-2.20,1.73,-1.00,13.27,13.22,0.00,0.00,0.00,0.20,0.20,0,0
[10:59:28.847][I][csv:715]: 1777001,AGG,2.50,1.64,2.40,-2.00,-1.00,-2.00,-2.00,-1.00,-2.00,-2.00,-1.00,-2.20,1.73,-1.00,13.27,13.32,0.00,0.00,0.00,0.20,0.20,0,0
[10:59:28.906][I][vitals:883]: TWC vitals: A=0.00 B=0.00 C=0.20 vehicle=0.20 contactor=open
[10:59:28.930][S][sensor]: 'TWC Poll Interval' >> 198 ms
[10:59:28.930][S][sensor]: 'TWC Vitals Current L2' >> 0.00 A
[10:59:28.930][S][sensor]: 'TWC Reported Current L3' >> 13.2 A
[10:59:28.930][S][sensor]: 'TWC Reported Current L2' >> 13.2 A
[10:59:29.832][I][csv:715]: 1777982,AGG,2.50,1.64,2.40,-2.00,-1.00,-2.00,-2.00,-1.00,-2.00,-2.00,-1.00,-2.20,1.73,-1.00,13.27,13.22,0.00,0.00,0.00,0.20,0.20,0,0
[10:59:29.836][S][sensor]: 'TWC Reported Current L1' >> 13.3 A
[10:59:29.847][I][csv:715]: 1777996,AGG,2.50,1.64,2.40,-2.00,-1.00,-2.00,-2.00,-1.00,-2.00,-2.00,-1.00,-2.20,1.73,-1.00,13.27,13.22,0.00,0.00,0.00,0.20,0.20,0,0
[10:59:29.848][I][csv:715]: 1777999,AGG,2.42,1.64,2.40,-2.00,-1.00,-2.00,-2.00,-1.00,-2.00,-2.00,-1.00,-2.20,1.73,-1.00,13.27,13.22,0.00,0.00,0.00,0.20,0.20,0,0
[10:59:29.853][I][csv:715]: 1778003,AGG,2.42,1.64,2.40,-2.00,-1.00,-2.00,-2.00,-1.00,-2.00,-2.00,-1.00,-2.20,1.73,-1.00,13.27,13.32,0.00,0.00,0.00,0.20,0.20,0,0
[10:59:29.853][I][csv:715]: 1778007,AGG,2.42,1.51,2.40,-2.00,-1.00,-2.00,-2.00,-1.00,-2.00,-2.00,-1.00,-2.20,1.73,-1.00,13.27,13.32,0.00,0.00,0.00,0.20,0.20,0,0
[10:59:29.866][I][csv:715]: 1778012,AGG,2.42,1.51,2.40,-2.00,-1.00,-2.00,-2.00,-1.00,-2.00,-2.00,-1.00,-2.20,1.73,-1.00,13.27,13.32,0.00,0.00,0.00,0.20,0.20,0,0
[10:59:29.866][I][csv:715]: 1778015,AGG,2.42,1.51,2.33,-2.00,-1.00,-2.00,-2.00,-1.00,-2.00,-2.00,-1.00,-2.20,1.73,-1.00,13.27,13.32,0.00,0.00,0.00,0.20,0.20,0,0
[10:59:30.107][S][sensor]: 'Shelly Active Power L1' >> -553 W
[10:59:30.107][S][sensor]: 'TWC Vitals Current L1' >> 0.00 A
[10:59:30.248][S][sensor]: 'TWC Vitals Current L3' >> 0.20 A
[10:59:30.248][S][sensor]: 'Shelly Time Since Last OK' >> 354 ms
[10:59:30.373][S][sensor]: 'Shelly Active Power L3' >> -536 W
[10:59:30.486][S][sensor]: 'Shelly Real Current L1' >> 2.42 A
[10:59:30.487][S][sensor]: 'Shelly Active Power L2' >> -349 W
[10:59:30.662][S][sensor]: 'Shelly Real Current L3' >> 2.33 A
[10:59:30.662][S][sensor]: 'TWC Vitals Vehicle Current' >> 0.20 A
[10:59:30.662][S][sensor]: 'Shelly Real Current L2' >> 1.51 A
[10:59:30.720][I][csv:715]: 1778875,AGG,2.42,1.51,2.33,-2.00,-1.00,-2.00,-2.00,-1.00,-2.00,-2.00,-1.00,-2.20,1.73,-1.00,13.27,13.22,0.00,0.00,0.00,0.20,0.20,0,0
[10:59:30.747][I][csv:715]: 1778900,AGG,2.38,1.51,2.33,-2.00,-1.00,-2.00,-2.00,-1.00,-2.00,-2.00,-1.00,-2.20,1.73,-1.00,13.27,13.22,0.00,0.00,0.00,0.20,0.20,0,0
[10:59:30.796][S][sensor]: 'TWC Time Since Last Poll' >> 98 ms
[10:59:30.806][I][csv:715]: 1778960,AGG,2.38,1.51,2.33,-2.00,-1.00,-2.00,-2.00,-1.00,-2.00,-2.00,-1.00,-2.20,1.73,-1.00,13.27,13.22,0.00,0.00,0.00,0.20,0.20,0,0
[10:59:30.813][I][csv:715]: 1778966,AGG,2.38,1.49,2.33,-2.00,-1.00,-2.00,-2.00,-1.00,-2.00,-2.00,-1.00,-2.20,1.73,-1.00,13.27,13.22,0.00,0.00,0.00,0.20,0.20,0,0
[10:59:30.828][I][csv:715]: 1778982,AGG,2.38,1.49,2.33,-2.00,-1.00,-2.00,-2.00,-1.00,-2.00,-2.00,-1.00,-2.20,1.73,-1.00,13.27,13.22,0.00,0.00,0.00,0.20,0.20,0,0
[10:59:30.840][I][csv:715]: 1778995,AGG,2.38,1.49,2.33,-2.00,-1.00,-2.00,-2.00,-1.00,-2.00,-2.00,-1.00,-2.20,1.73,-1.00,13.27,13.22,0.00,0.00,0.00,0.20,0.20,0,0
[10:59:30.904][I][vitals:883]: TWC vitals: A=0.00 B=0.00 C=0.20 vehicle=0.20 contactor=open
[10:59:30.913][I][csv:715]: 1779069,AGG,2.38,1.49,2.29,-2.00,-1.00,-2.00,-2.00,-1.00,-2.00,-2.00,-1.00,-2.20,1.73,-1.00,13.27,13.32,0.00,0.00,0.00,0.20,0.20,0,0
[10:59:30.934][S][sensor]: 'TWC Poll Interval' >> 194 ms
[10:59:30.934][S][sensor]: 'TWC Vitals Current L2' >> 0.00 A
[10:59:31.780][I][csv:715]: 1779934,AGG,2.38,1.49,2.29,-2.00,-1.00,-2.00,-2.00,-1.00,-2.00,-2.00,-1.00,-2.20,1.73,-1.00,13.27,13.22,0.00,0.00,0.00,0.20,0.20,0,0
[10:59:31.784][I][csv:715]: 1779938,AGG,2.36,1.49,2.29,-2.00,-1.00,-2.00,-2.00,-1.00,-2.00,-2.00,-1.00,-2.20,1.73,-1.00,13.27,13.22,0.00,0.00,0.00,0.20,0.20,0,0
[10:59:31.805][I][csv:715]: 1779958,AGG,2.36,1.49,2.29,-2.00,-1.00,-2.00,-2.00,-1.00,-2.00,-2.00,-1.00,-2.20,1.73,-1.00,13.27,13.22,0.00,0.00,0.00,0.20,0.20,0,0
[10:59:31.814][I][csv:715]: 1779969,AGG,2.36,1.46,2.29,-2.00,-1.00,-2.00,-2.00,-1.00,-2.00,-2.00,-1.00,-2.20,1.73,-1.00,13.27,13.22,0.00,0.00,0.00,0.20,0.20,0,0
[10:59:31.828][I][csv:715]: 1779982,AGG,2.36,1.46,2.29,-2.00,-1.00,-2.00,-2.00,-1.00,-2.00,-2.00,-1.00,-2.20,1.73,-1.00,13.27,13.22,0.00,0.00,0.00,0.20,0.20,0,0
[10:59:31.850][I][csv:715]: 1780005,AGG,2.36,1.46,2.29,-2.00,-1.00,-2.00,-2.00,-1.00,-2.00,-2.00,-1.00,-2.20,1.73,-1.00,13.27,13.32,0.00,0.00,0.00,0.20,0.20,0,0
[10:59:31.866][I][csv:715]: 1780021,AGG,2.36,1.46,2.29,-2.00,-1.00,-2.00,-2.00,-1.00,-2.00,-2.00,-1.00,-2.20,1.73,-1.00,13.27,13.32,0.00,0.00,0.00,0.20,0.20,0,0
[10:59:32.090][S][sensor]: 'Shelly Active Power L1' >> -545 W
[10:59:32.091][S][sensor]: 'TWC Vitals Current L1' >> 0.00 A
[10:59:32.251][S][sensor]: 'TWC Vitals Current L3' >> 0.20 A
[10:59:32.251][S][sensor]: 'Shelly Time Since Last OK' >> 348 ms
[10:59:32.364][S][sensor]: 'Shelly Active Power L3' >> -524 W
[10:59:32.492][S][sensor]: 'Shelly Real Current L1' >> 2.36 A
[10:59:32.493][S][sensor]: 'Shelly Active Power L2' >> -334 W
[10:59:32.658][S][sensor]: 'TWC Vitals Vehicle Current' >> 0.20 A
[10:59:32.658][S][sensor]: 'Shelly Real Current L3' >> 2.29 A
[10:59:32.658][S][sensor]: 'Shelly Real Current L2' >> 1.46 A
[10:59:32.740][I][csv:715]: 1780893,AGG,2.36,1.46,2.29,-2.00,-1.00,-2.00,-2.00,-1.00,-2.00,-2.00,-1.00,-2.20,1.73,-1.00,13.27,13.22,0.00,0.00,0.00,0.20,0.20,0,0
[10:59:32.758][I][csv:715]: 1780910,AGG,2.37,1.46,2.29,-2.00,-1.00,-2.00,-2.00,-1.00,-2.00,-2.00,-1.00,-2.20,1.73,-1.00,13.27,13.22,0.00,0.00,0.00,0.20,0.20,0,0
[10:59:32.791][S][sensor]: 'TWC Time Since Last Poll' >> 154 ms
[10:59:32.813][I][csv:715]: 1780967,AGG,2.37,1.46,2.29,-2.00,-1.00,-2.00,-2.00,-1.00,-2.00,-2.00,-1.00,-2.20,1.73,-1.00,13.27,13.22,0.00,0.00,0.00,0.20,0.20,0,0
[10:59:32.821][I][csv:715]: 1780975,AGG,2.37,1.52,2.29,-2.00,-1.00,-2.00,-2.00,-1.00,-2.00,-2.00,-1.00,-2.20,1.73,-1.00,13.27,13.22,0.00,0.00,0.00,0.20,0.20,0,0
[10:59:32.828][I][csv:715]: 1780982,AGG,2.37,1.52,2.29,-2.00,-1.00,-2.00,-2.00,-1.00,-2.00,-2.00,-1.00,-2.20,1.73,-1.00,13.27,13.22,0.00,0.00,0.00,0.20,0.20,0,0
[10:59:32.906][I][vitals:883]: TWC vitals: A=0.00 B=0.00 C=0.20 vehicle=0.20 contactor=open
[10:59:32.921][I][csv:715]: 1781069,AGG,2.37,1.52,2.29,-2.00,-1.00,-2.00,-2.00,-1.00,-2.00,-2.00,-1.00,-2.20,1.73,-1.00,13.27,13.32,0.00,0.00,0.00,0.20,0.20,0,0
[10:59:32.921][I][csv:715]: 1781074,AGG,2.37,1.52,2.27,-2.00,-1.00,-2.00,-2.00,-1.00,-2.00,-2.00,-1.00,-2.20,1.73,-1.00,13.27,13.32,0.00,0.00,0.00,0.20,0.20,0,0
[10:59:32.940][S][sensor]: 'TWC Poll Interval' >> 193 ms
[10:59:32.940][S][sensor]: 'TWC Vitals Current L2' >> 0.00 A
[10:59:33.833][I][csv:715]: 1781983,AGG,2.37,1.52,2.27,-2.00,-1.00,-2.00,-2.00,-1.00,-2.00,-2.00,-1.00,-2.20,1.73,-1.00,13.27,13.22,0.00,0.00,0.00,0.20,0.20,0,0
[10:59:33.838][I][csv:715]: 1781989,AGG,2.35,1.52,2.27,-2.00,-1.00,-2.00,-2.00,-1.00,-2.00,-2.00,-1.00,-2.20,1.73,-1.00,13.27,13.22,0.00,0.00,0.00,0.20,0.20,0,0
[10:59:33.838][I][csv:715]: 1781992,AGG,2.35,1.52,2.27,-2.00,-1.00,-2.00,-2.00,-1.00,-2.00,-2.00,-1.00,-2.20,1.73,-1.00,13.27,13.22,0.00,0.00,0.00,0.20,0.20,0,0
[10:59:33.841][I][csv:715]: 1781997,AGG,2.35,1.45,2.27,-2.00,-1.00,-2.00,-2.00,-1.00,-2.00,-2.00,-1.00,-2.20,1.73,-1.00,13.27,13.22,0.00,0.00,0.00,0.20,0.20,0,0
[10:59:33.847][I][csv:715]: 1782001,AGG,2.35,1.45,2.27,-2.00,-1.00,-2.00,-2.00,-1.00,-2.00,-2.00,-1.00,-2.20,1.73,-1.00,13.27,13.32,0.00,0.00,0.00,0.20,0.20,0,0
[10:59:33.860][I][csv:715]: 1782015,AGG,2.35,1.45,2.27,-2.00,-1.00,-2.00,-2.00,-1.00,-2.00,-2.00,-1.00,-2.20,1.73,-1.00,13.27,13.32,0.00,0.00,0.00,0.20,0.20,0,0
[10:59:33.881][I][csv:715]: 1782036,AGG,2.35,1.45,2.28,-2.00,-1.00,-2.00,-2.00,-1.00,-2.00,-2.00,-1.00,-2.20,1.73,-1.00,13.27,13.32,0.00,0.00,0.00,0.20,0.20,0,0
[10:59:33.925][S][sensor]: 'TWC Reported Current L2' >> 13.3 A
[10:59:33.925][S][sensor]: 'TWC Reported Current L3' >> 13.3 A
[10:59:34.089][S][sensor]: 'Shelly Active Power L1' >> -540 W
[10:59:34.089][S][sensor]: 'TWC Vitals Current L1' >> 0.00 A
[10:59:34.250][S][sensor]: 'TWC Vitals Current L3' >> 0.20 A
[10:59:34.250][S][sensor]: 'Shelly Time Since Last OK' >> 333 ms
[10:59:34.363][S][sensor]: 'Shelly Active Power L3' >> -520 W
[10:59:34.495][S][sensor]: 'Shelly Real Current L1' >> 2.35 A
[10:59:34.495][S][sensor]: 'Shelly Active Power L2' >> -332 W
[10:59:34.671][S][sensor]: 'TWC Vitals Vehicle Current' >> 0.20 A
[10:59:34.671][S][sensor]: 'Shelly Real Current L3' >> 2.28 A
[10:59:34.671][S][sensor]: 'Shelly Real Current L2' >> 1.45 A
[10:59:34.792][S][sensor]: 'TWC Time Since Last Poll' >> 27 ms
[10:59:34.792][S][sensor]: 'TWC Reported Current L1' >> 13.3 A
[10:59:34.796][I][csv:715]: 1782946,AGG,2.35,1.45,2.28,-2.00,-1.00,-2.00,-2.00,-1.00,-2.00,-2.00,-1.00,-2.20,1.73,-1.00,13.27,13.22,0.00,0.00,0.00,0.20,0.20,0,0
[10:59:34.796][I][csv:715]: 1782950,AGG,2.34,1.45,2.28,-2.00,-1.00,-2.00,-2.00,-1.00,-2.00,-2.00,-1.00,-2.20,1.73,-1.00,13.27,13.22,0.00,0.00,0.00,0.20,0.20,0,0
[10:59:34.826][I][csv:715]: 1782976,AGG,2.34,1.45,2.28,-2.00,-1.00,-2.00,-2.00,-1.00,-2.00,-2.00,-1.00,-2.20,1.73,-1.00,13.27,13.22,0.00,0.00,0.00,0.20,0.20,0,0
[10:59:34.851][I][csv:715]: 1783002,AGG,2.34,1.48,2.28,-2.00,-1.00,-2.00,-2.00,-1.00,-2.00,-2.00,-1.00,-2.20,1.73,-1.00,13.27,13.32,0.00,0.00,0.00,0.20,0.20,0,0
[10:59:34.856][I][csv:715]: 1783007,AGG,2.34,1.48,2.28,-2.00,-1.00,-2.00,-2.00,-1.00,-2.00,-2.00,-1.00,-2.20,1.73,-1.00,13.27,13.32,0.00,0.00,0.00,0.20,0.20,0,0
[10:59:34.905][I][vitals:883]: TWC vitals: A=0.00 B=0.00 C=0.20 vehicle=0.20 contactor=open
[10:59:34.925][I][csv:715]: 1783063,AGG,2.34,1.48,2.28,-2.00,-1.00,-2.00,-2.00,-1.00,-2.00,-2.00,-1.00,-2.20,1.73,-1.00,13.27,13.32,0.00,0.00,0.00,0.20,0.20,0,0
[10:59:34.926][I][csv:715]: 1783068,AGG,2.34,1.48,2.25,-2.00,-1.00,-2.00,-2.00,-1.00,-2.00,-2.00,-1.00,-2.20,1.73,-1.00,13.27,13.32,0.00,0.00,0.00,0.20,0.20,0,0
[10:59:34.934][S][sensor]: 'TWC Vitals Current L2' >> 0.00 A
[10:59:34.934][S][sensor]: 'TWC Poll Interval' >> 191 ms
[10:59:35.853][I][csv:715]: 1784007,AGG,2.34,1.48,2.25,-2.00,-1.00,-2.00,-2.00,-1.00,-2.00,-2.00,-1.00,-2.20,1.73,-1.00,13.27,13.32,0.00,0.00,0.00,0.20,0.20,0,0
[10:59:35.864][I][csv:715]: 1784017,AGG,2.34,1.48,2.25,-2.00,-1.00,-2.00,-2.00,-1.00,-2.00,-2.00,-1.00,-2.20,1.73,-1.00,13.27,13.32,0.00,0.00,0.00,0.20,0.20,0,0
[10:59:35.871][I][csv:715]: 1784020,AGG,2.34,1.48,2.25,-2.00,-1.00,-2.00,-2.00,-1.00,-2.00,-2.00,-1.00,-2.20,1.73,-1.00,13.27,13.32,0.00,0.00,0.00,0.20,0.20,0,0
[10:59:35.872][I][csv:715]: 1784024,AGG,2.34,1.48,2.25,-2.00,-1.00,-2.00,-2.00,-1.00,-2.00,-2.00,-1.00,-2.20,1.73,-1.00,13.27,13.32,0.00,0.00,0.00,0.20,0.20,0,0
[10:59:35.876][I][csv:715]: 1784029,AGG,2.34,1.44,2.25,-2.00,-1.00,-2.00,-2.00,-1.00,-2.00,-2.00,-1.00,-2.20,1.73,-1.00,13.27,13.32,0.00,0.00,0.00,0.20,0.20,0,0
[10:59:35.881][I][csv:715]: 1784035,AGG,2.34,1.44,2.25,-2.00,-1.00,-2.00,-2.00,-1.00,-2.00,-2.00,-1.00,-2.20,1.73,-1.00,13.27,13.32,0.00,0.00,0.00,0.20,0.20,0,0
[10:59:35.891][I][csv:715]: 1784046,AGG,2.34,1.44,2.26,-2.00,-1.00,-2.00,-2.00,-1.00,-2.00,-2.00,-1.00,-2.20,1.73,-1.00,13.27,13.32,0.00,0.00,0.00,0.20,0.20,0,0
[10:59:36.102][S][sensor]: 'Shelly Active Power L1' >> -533 W
[10:59:36.103][S][sensor]: 'TWC Vitals Current L1' >> 0.00 A
[10:59:36.244][S][sensor]: 'TWC Vitals Current L3' >> 0.20 A
[10:59:36.244][S][sensor]: 'Shelly Time Since Last OK' >> 323 ms
[10:59:36.373][S][sensor]: 'Shelly Active Power L3' >> -517 W
[10:59:36.501][S][sensor]: 'Shelly Real Current L1' >> 2.34 A
[10:59:36.501][S][sensor]: 'Shelly Active Power L2' >> -328 W
[10:59:36.663][S][sensor]: 'TWC Vitals Vehicle Current' >> 0.20 A
[10:59:36.663][S][sensor]: 'Shelly Real Current L3' >> 2.26 A
[10:59:36.663][S][sensor]: 'Shelly Real Current L2' >> 1.44 A
[10:59:36.791][S][sensor]: 'TWC Time Since Last Poll' >> 82 ms
[10:59:36.815][I][csv:715]: 1784967,AGG,2.34,1.44,2.26,-2.00,-1.00,-2.00,-2.00,-1.00,-2.00,-2.00,-1.00,-2.20,1.73,-1.00,13.27,13.22,0.00,0.00,0.00,0.20,0.20,0,0
[10:59:36.835][I][csv:715]: 1784971,AGG,2.34,1.44,2.26,-2.00,-1.00,-2.00,-2.00,-1.00,-2.00,-2.00,-1.00,-2.20,1.73,-1.00,13.27,13.22,0.00,0.00,0.00,0.20,0.20,0,0
[10:59:36.843][I][csv:715]: 1784997,AGG,2.34,1.44,2.26,-2.00,-1.00,-2.00,-2.00,-1.00,-2.00,-2.00,-1.00,-2.20,1.73,-1.00,13.27,13.22,0.00,0.00,0.00,0.20,0.20,0,0
[10:59:36.905][I][vitals:883]: TWC vitals: A=0.00 B=0.00 C=0.20 vehicle=0.20 contactor=open
[10:59:36.912][I][csv:715]: 1785063,AGG,2.34,1.44,2.26,-2.00,-1.00,-2.00,-2.00,-1.00,-2.00,-2.00,-1.00,-2.20,1.73,-1.00,13.27,13.32,0.00,0.00,0.00,0.20,0.20,0,0
[10:59:36.918][I][csv:715]: 1785072,AGG,2.34,1.50,2.26,-2.00,-1.00,-2.00,-2.00,-1.00,-2.00,-2.00,-1.00,-2.20,1.73,-1.00,13.27,13.32,0.00,0.00,0.00,0.20,0.20,0,0
[10:59:36.926][I][csv:715]: 1785077,AGG,2.34,1.50,2.26,-2.00,-1.00,-2.00,-2.00,-1.00,-2.00,-2.00,-1.00,-2.20,1.73,-1.00,13.27,13.32,0.00,0.00,0.00,0.20,0.20,0,0
[10:59:36.926][I][csv:715]: 1785080,AGG,2.34,1.50,2.26,-2.00,-1.00,-2.00,-2.00,-1.00,-2.00,-2.00,-1.00,-2.20,1.73,-1.00,13.27,13.32,0.00,0.00,0.00,0.20,0.20,0,0
[10:59:36.946][S][sensor]: 'TWC Vitals Current L2' >> 0.00 A
[10:59:36.946][S][sensor]: 'TWC Poll Interval' >> 192 ms
[10:59:37.822][I][csv:715]: 1785977,AGG,2.34,1.50,2.26,-2.00,-1.00,-2.00,-2.00,-1.00,-2.00,-2.00,-1.00,-2.20,1.73,-1.00,13.27,13.22,0.00,0.00,0.00,0.20,0.20,0,0
[10:59:37.828][I][csv:715]: 1785981,AGG,2.34,1.50,2.26,-2.00,-1.00,-2.00,-2.00,-1.00,-2.00,-2.00,-1.00,-2.20,1.73,-1.00,13.27,13.22,0.00,0.00,0.00,0.20,0.20,0,0
[10:59:37.846][I][csv:715]: 1786001,AGG,2.34,1.50,2.26,-2.00,-1.00,-2.00,-2.00,-1.00,-2.00,-2.00,-1.00,-2.20,1.73,-1.00,13.27,13.32,0.00,0.00,0.00,0.20,0.20,0,0
[10:59:37.853][I][csv:715]: 1786007,AGG,2.34,1.50,2.26,-2.00,-1.00,-2.00,-2.00,-1.00,-2.00,-2.00,-1.00,-2.20,1.73,-1.00,13.27,13.32,0.00,0.00,0.00,0.20,0.20,0,0
[10:59:37.868][I][csv:715]: 1786020,AGG,2.34,1.44,2.26,-2.00,-1.00,-2.00,-2.00,-1.00,-2.00,-2.00,-1.00,-2.20,1.73,-1.00,13.27,13.32,0.00,0.00,0.00,0.20,0.20,0,0
[10:59:37.884][I][csv:715]: 1786039,AGG,2.34,1.44,2.26,-2.00,-1.00,-2.00,-2.00,-1.00,-2.00,-2.00,-1.00,-2.20,1.73,-1.00,13.27,13.32,0.00,0.00,0.00,0.20,0.20,0,0
[10:59:37.905][I][csv:715]: 1786060,AGG,2.34,1.44,2.25,-2.00,-1.00,-2.00,-2.00,-1.00,-2.00,-2.00,-1.00,-2.20,1.73,-1.00,13.27,13.32,0.00,0.00,0.00,0.20,0.20,0,0
[10:59:38.104][S][sensor]: 'Shelly Active Power L1' >> -532 W
[10:59:38.104][S][sensor]: 'TWC Vitals Current L1' >> 0.00 A
[10:59:38.248][S][sensor]: 'TWC Vitals Current L3' >> 0.20 A
[10:59:38.248][S][sensor]: 'Shelly Time Since Last OK' >> 309 ms
[10:59:38.377][S][sensor]: 'Shelly Active Power L3' >> -518 W
[10:59:38.490][S][sensor]: 'Shelly Real Current L1' >> 2.34 A
[10:59:38.490][S][sensor]: 'Shelly Active Power L2' >> -327 W
[10:59:38.669][S][sensor]: 'Shelly Real Current L3' >> 2.25 A
[10:59:38.670][S][sensor]: 'TWC Vitals Vehicle Current' >> 0.20 A
[10:59:38.670][S][sensor]: 'Shelly Real Current L2' >> 1.44 A
[10:59:38.782][S][sensor]: 'TWC Time Since Last Poll' >> 142 ms
[10:59:38.789][I][csv:715]: 1786942,AGG,2.34,1.44,2.25,-2.00,-1.00,-2.00,-2.00,-1.00,-2.00,-2.00,-1.00,-2.20,1.73,-1.00,13.27,13.22,0.00,0.00,0.00,0.20,0.20,0,0
[10:59:38.797][I][csv:715]: 1786948,AGG,2.32,1.44,2.25,-2.00,-1.00,-2.00,-2.00,-1.00,-2.00,-2.00,-1.00,-2.20,1.73,-1.00,13.27,13.22,0.00,0.00,0.00,0.20,0.20,0,0
[10:59:38.853][I][csv:715]: 1787007,AGG,2.32,1.44,2.25,-2.00,-1.00,-2.00,-2.00,-1.00,-2.00,-2.00,-1.00,-2.20,1.73,-1.00,13.27,13.32,0.00,0.00,0.00,0.20,0.20,0,0
[10:59:38.906][I][vitals:883]: TWC vitals: A=0.00 B=0.00 C=0.20 vehicle=0.20 contactor=open
[10:59:38.914][I][csv:715]: 1787064,AGG,2.32,1.44,2.25,-2.00,-1.00,-2.00,-2.00,-1.00,-2.00,-2.00,-1.00,-2.20,1.73,-1.00,13.27,13.32,0.00,0.00,0.00,0.20,0.20,0,0
[10:59:38.920][I][csv:715]: 1787072,AGG,2.32,1.50,2.25,-2.00,-1.00,-2.00,-2.00,-1.00,-2.00,-2.00,-1.00,-2.20,1.73,-1.00,13.27,13.32,0.00,0.00,0.00,0.20,0.20,0,0
[10:59:38.925][I][csv:715]: 1787075,AGG,2.32,1.50,2.25,-2.00,-1.00,-2.00,-2.00,-1.00,-2.00,-2.00,-1.00,-2.20,1.73,-1.00,13.27,13.32,0.00,0.00,0.00,0.20,0.20,0,0
[10:59:38.925][I][csv:715]: 1787080,AGG,2.32,1.50,2.24,-2.00,-1.00,-2.00,-2.00,-1.00,-2.00,-2.00,-1.00,-2.20,1.73,-1.00,13.27,13.32,0.00,0.00,0.00,0.20,0.20,0,0
[10:59:38.932][S][sensor]: 'TWC Vitals Current L2' >> 0.00 A
[10:59:38.932][S][sensor]: 'TWC Poll Interval' >> 195 ms
[10:59:38.932][S][sensor]: 'TWC Reported Current L2' >> 13.2 A
[10:59:38.932][S][sensor]: 'TWC Reported Current L3' >> 13.2 A
[10:59:39.832][S][sensor]: 'TWC Reported Current L1' >> 13.3 A
[10:59:39.839][I][csv:715]: 1787991,AGG,2.32,1.50,2.24,-2.00,-1.00,-2.00,-2.00,-1.00,-2.00,-2.00,-1.00,-2.20,1.73,-1.00,13.27,13.22,0.00,0.00,0.00,0.20,0.20,0,0
[10:59:39.847][I][csv:715]: 1787995,AGG,2.30,1.50,2.24,-2.00,-1.00,-2.00,-2.00,-1.00,-2.00,-2.00,-1.00,-2.20,1.73,-1.00,13.27,13.22,0.00,0.00,0.00,0.20,0.20,0,0
[10:59:39.853][I][csv:715]: 1788007,AGG,2.30,1.50,2.24,-2.00,-1.00,-2.00,-2.00,-1.00,-2.00,-2.00,-1.00,-2.20,1.73,-1.00,13.27,13.32,0.00,0.00,0.00,0.20,0.20,0,0
[10:59:39.861][I][csv:715]: 1788015,AGG,2.30,1.50,2.24,-2.00,-1.00,-2.00,-2.00,-1.00,-2.00,-2.00,-1.00,-2.20,1.73,-1.00,13.27,13.32,0.00,0.00,0.00,0.20,0.20,0,0
[10:59:39.879][I][csv:715]: 1788034,AGG,2.30,1.45,2.24,-2.00,-1.00,-2.00,-2.00,-1.00,-2.00,-2.00,-1.00,-2.20,1.73,-1.00,13.27,13.32,0.00,0.00,0.00,0.20,0.20,0,0
[10:59:39.897][I][csv:715]: 1788052,AGG,2.30,1.45,2.24,-2.00,-1.00,-2.00,-2.00,-1.00,-2.00,-2.00,-1.00,-2.20,1.73,-1.00,13.27,13.32,0.00,0.00,0.00,0.20,0.20,0,0
[10:59:39.919][I][csv:715]: 1788074,AGG,2.30,1.45,2.24,-2.00,-1.00,-2.00,-2.00,-1.00,-2.00,-2.00,-1.00,-2.20,1.73,-1.00,13.27,13.32,0.00,0.00,0.00,0.20,0.20,0,0
[10:59:40.092][S][sensor]: 'Shelly Active Power L1' >> -529 W
[10:59:40.092][S][sensor]: 'TWC Vitals Current L1' >> 0.00 A
[10:59:40.249][S][sensor]: 'TWC Vitals Current L3' >> 0.20 A
[10:59:40.249][S][sensor]: 'Shelly Time Since Last OK' >> 295 ms
[10:59:40.376][S][sensor]: 'Shelly Active Power L3' >> -517 W
[10:59:40.497][S][sensor]: 'Shelly Real Current L1' >> 2.30 A
[10:59:40.498][S][sensor]: 'Shelly Active Power L2' >> -333 W
[10:59:40.660][S][sensor]: 'Shelly Real Current L3' >> 2.24 A
[10:59:40.660][S][sensor]: 'TWC Vitals Vehicle Current' >> 0.20 A
[10:59:40.660][S][sensor]: 'Shelly Real Current L2' >> 1.45 A
[10:59:40.792][S][sensor]: 'TWC Time Since Last Poll' >> 2 ms
[10:59:40.828][I][csv:715]: 1788974,AGG,2.30,1.45,2.24,-2.00,-1.00,-2.00,-2.00,-1.00,-2.00,-2.00,-1.00,-2.20,1.73,-1.00,13.27,13.22,0.00,0.00,0.00,0.20,0.20,0,0
[10:59:40.840][I][csv:715]: 1788978,AGG,2.32,1.45,2.24,-2.00,-1.00,-2.00,-2.00,-1.00,-2.00,-2.00,-1.00,-2.20,1.73,-1.00,13.27,13.22,0.00,0.00,0.00,0.20,0.20,0,0
[10:59:40.856][I][csv:715]: 1789007,AGG,2.32,1.45,2.24,-2.00,-1.00,-2.00,-2.00,-1.00,-2.00,-2.00,-1.00,-2.20,1.73,-1.00,13.27,13.32,0.00,0.00,0.00,0.20,0.20,0,0
[10:59:40.907][I][vitals:883]: TWC vitals: A=0.00 B=0.00 C=0.20 vehicle=0.20 contactor=open
[10:59:40.916][I][csv:715]: 1789067,AGG,2.32,1.45,2.24,-2.00,-1.00,-2.00,-2.00,-1.00,-2.00,-2.00,-1.00,-2.20,1.73,-1.00,13.27,13.32,0.00,0.00,0.00,0.20,0.20,0,0
[10:59:40.930][I][csv:715]: 1789078,AGG,2.32,1.49,2.24,-2.00,-1.00,-2.00,-2.00,-1.00,-2.00,-2.00,-1.00,-2.20,1.73,-1.00,13.27,13.32,0.00,0.00,0.00,0.20,0.20,0,0
[10:59:40.930][S][sensor]: 'TWC Vitals Current L2' >> 0.00 A
[10:59:40.931][S][sensor]: 'TWC Poll Interval' >> 201 ms
[10:59:40.937][I][csv:715]: 1789089,AGG,2.32,1.49,2.24,-2.00,-1.00,-2.00,-2.00,-1.00,-2.00,-2.00,-1.00,-2.20,1.73,-1.00,13.27,13.32,0.00,0.00,0.00,0.20,0.20,0,0
[10:59:41.853][I][csv:715]: 1790007,AGG,2.32,1.49,2.24,-2.00,-1.00,-2.00,-2.00,-1.00,-2.00,-2.00,-1.00,-2.20,1.73,-1.00,13.27,13.32,0.00,0.00,0.00,0.20,0.20,0,0
[10:59:41.862][I][csv:715]: 1790015,AGG,2.32,1.49,2.24,-2.00,-1.00,-2.00,-2.00,-1.00,-2.00,-2.00,-1.00,-2.20,1.73,-1.00,13.27,13.32,0.00,0.00,0.00,0.20,0.20,0,0
[10:59:41.866][I][csv:715]: 1790020,AGG,2.32,1.49,2.24,-2.00,-1.00,-2.00,-2.00,-1.00,-2.00,-2.00,-1.00,-2.20,1.73,-1.00,13.27,13.32,0.00,0.00,0.00,0.20,0.20,0,0
[10:59:41.887][I][csv:715]: 1790039,AGG,2.32,1.49,2.24,-2.00,-1.00,-2.00,-2.00,-1.00,-2.00,-2.00,-1.00,-2.20,1.73,-1.00,13.27,13.32,0.00,0.00,0.00,0.20,0.20,0,0
[10:59:41.930][I][csv:715]: 1790085,AGG,2.32,1.44,2.24,-2.00,-1.00,-2.00,-2.00,-1.00,-2.00,-2.00,-1.00,-2.20,1.73,-1.00,13.27,13.32,0.00,0.00,0.00,0.20,0.20,0,0
[10:59:41.936][I][csv:715]: 1790090,AGG,2.32,1.44,2.24,-2.00,-1.00,-2.00,-2.00,-1.00,-2.00,-2.00,-1.00,-2.20,1.73,-1.00,13.27,13.32,0.00,0.00,0.00,0.20,0.20,0,0
[10:59:42.093][S][sensor]: 'Shelly Active Power L1' >> -531 W
[10:59:42.093][S][sensor]: 'TWC Vitals Current L1' >> 0.00 A
[10:59:42.253][S][sensor]: 'TWC Vitals Current L3' >> 0.20 A
[10:59:42.253][S][sensor]: 'Shelly Time Since Last OK' >> 279 ms
[10:59:42.388][S][sensor]: 'Shelly Active Power L3' >> -518 W
[10:59:42.489][S][sensor]: 'Shelly Real Current L1' >> 2.32 A
[10:59:42.489][S][sensor]: 'Shelly Active Power L2' >> -331 W
[10:59:42.673][S][sensor]: 'Shelly Real Current L3' >> 2.24 A
[10:59:42.673][S][sensor]: 'TWC Vitals Vehicle Current' >> 0.20 A
[10:59:42.673][S][sensor]: 'Shelly Real Current L2' >> 1.44 A
[10:59:42.796][S][sensor]: 'TWC Time Since Last Poll' >> 176 ms
[10:59:42.809][I][csv:715]: 1790963,AGG,2.32,1.44,2.24,-2.00,-1.00,-2.00,-2.00,-1.00,-2.00,-2.00,-1.00,-2.20,1.73,-1.00,13.27,13.22,0.00,0.00,0.00,0.20,0.20,0,0
[10:59:42.816][I][csv:715]: 1790971,AGG,2.33,1.44,2.24,-2.00,-1.00,-2.00,-2.00,-1.00,-2.00,-2.00,-1.00,-2.20,1.73,-1.00,13.27,13.22,0.00,0.00,0.00,0.20,0.20,0,0
[10:59:42.906][I][vitals:883]: TWC vitals: A=0.00 B=0.00 C=0.20 vehicle=0.20 contactor=open
[10:59:42.916][I][csv:715]: 1791066,AGG,2.33,1.44,2.24,-2.00,-1.00,-2.00,-2.00,-1.00,-2.00,-2.00,-1.00,-2.20,1.73,-1.00,13.27,13.32,0.00,0.00,0.00,0.20,0.20,0,0
[10:59:42.922][I][csv:715]: 1791074,AGG,2.33,1.44,2.24,-2.00,-1.00,-2.00,-2.00,-1.00,-2.00,-2.00,-1.00,-2.20,1.73,-1.00,13.27,13.32,0.00,0.00,0.00,0.20,0.20,0,0
[10:59:42.935][I][csv:715]: 1791089,AGG,2.33,1.52,2.24,-2.00,-1.00,-2.00,-2.00,-1.00,-2.00,-2.00,-1.00,-2.20,1.73,-1.00,13.27,13.32,0.00,0.00,0.00,0.20,0.20,0,0
[10:59:42.945][S][sensor]: 'TWC Vitals Current L2' >> 0.00 A
[10:59:42.945][S][sensor]: 'TWC Poll Interval' >> 194 ms
[10:59:42.952][I][csv:715]: 1791099,AGG,2.33,1.52,2.24,-2.00,-1.00,-2.00,-2.00,-1.00,-2.00,-2.00,-1.00,-2.20,1.73,-1.00,13.27,13.32,0.00,0.00,0.00,0.20,0.20,0,0
[10:59:42.956][I][csv:715]: 1791106,AGG,2.33,1.52,2.24,-2.00,-1.00,-2.00,-2.00,-1.00,-2.00,-2.00,-1.00,-2.20,1.73,-1.00,13.27,13.32,0.00,0.00,0.00,0.20,0.20,0,0
[10:59:43.857][I][csv:715]: 1792007,AGG,2.33,1.52,2.24,-2.00,-1.00,-2.00,-2.00,-1.00,-2.00,-2.00,-1.00,-2.20,1.73,-1.00,13.27,13.32,0.00,0.00,0.00,0.20,0.20,0,0
[10:59:43.865][I][csv:715]: 1792019,AGG,2.33,1.52,2.24,-2.00,-1.00,-2.00,-2.00,-1.00,-2.00,-2.00,-1.00,-2.20,1.73,-1.00,13.27,13.32,0.00,0.00,0.00,0.20,0.20,0,0
[10:59:43.870][I][csv:715]: 1792023,AGG,2.31,1.52,2.24,-2.00,-1.00,-2.00,-2.00,-1.00,-2.00,-2.00,-1.00,-2.20,1.73,-1.00,13.27,13.32,0.00,0.00,0.00,0.20,0.20,0,0
[10:59:43.901][I][csv:715]: 1792055,AGG,2.31,1.52,2.24,-2.00,-1.00,-2.00,-2.00,-1.00,-2.00,-2.00,-1.00,-2.20,1.73,-1.00,13.27,13.32,0.00,0.00,0.00,0.20,0.20,0,0
[10:59:43.940][S][sensor]: 'TWC Reported Current L3' >> 13.3 A
[10:59:43.941][S][sensor]: 'TWC Reported Current L2' >> 13.3 A
[10:59:43.949][I][csv:715]: 1792098,AGG,2.31,1.46,2.24,-2.00,-1.00,-2.00,-2.00,-1.00,-2.00,-2.00,-1.00,-2.20,1.73,-1.00,13.27,13.32,0.00,0.00,0.00,0.20,0.20,0,0
[10:59:43.957][I][csv:715]: 1792102,AGG,2.31,1.46,2.24,-2.00,-1.00,-2.00,-2.00,-1.00,-2.00,-2.00,-1.00,-2.20,1.73,-1.00,13.27,13.32,0.00,0.00,0.00,0.20,0.20,0,0
[10:59:43.963][I][csv:715]: 1792115,AGG,2.31,1.46,2.25,-2.00,-1.00,-2.00,-2.00,-1.00,-2.00,-2.00,-1.00,-2.20,1.73,-1.00,13.27,13.32,0.00,0.00,0.00,0.20,0.20,0,0
[10:59:44.090][S][sensor]: 'Shelly Active Power L1' >> -533 W
[10:59:44.090][S][sensor]: 'TWC Vitals Current L1' >> 0.00 A
[10:59:44.250][S][sensor]: 'TWC Vitals Current L3' >> 0.20 A
[10:59:44.250][S][sensor]: 'Shelly Time Since Last OK' >> 254 ms
[10:59:44.372][S][sensor]: 'Shelly Active Power L3' >> -519 W
[10:59:44.499][S][sensor]: 'Shelly Real Current L1' >> 2.31 A
[10:59:44.500][S][sensor]: 'Shelly Active Power L2' >> -333 W
[10:59:44.661][S][sensor]: 'Shelly Real Current L3' >> 2.25 A
[10:59:44.661][S][sensor]: 'TWC Vitals Vehicle Current' >> 0.20 A
[10:59:44.661][S][sensor]: 'Shelly Real Current L2' >> 1.46 A
[10:59:44.790][S][sensor]: 'TWC Time Since Last Poll' >> 38 ms
[10:59:44.790][S][sensor]: 'TWC Reported Current L1' >> 13.3 A
[10:59:44.820][I][csv:715]: 1792976,AGG,2.31,1.46,2.25,-2.00,-1.00,-2.00,-2.00,-1.00,-2.00,-2.00,-1.00,-2.20,1.73,-1.00,13.27,13.22,0.00,0.00,0.00,0.20,0.20,0,0
[10:59:44.844][I][csv:715]: 1792996,AGG,2.32,1.46,2.25,-2.00,-1.00,-2.00,-2.00,-1.00,-2.00,-2.00,-1.00,-2.20,1.73,-1.00,13.27,13.22,0.00,0.00,0.00,0.20,0.20,0,0
[10:59:44.854][I][csv:715]: 1793007,AGG,2.32,1.46,2.25,-2.00,-1.00,-2.00,-2.00,-1.00,-2.00,-2.00,-1.00,-2.20,1.73,-1.00,13.27,13.32,0.00,0.00,0.00,0.20,0.20,0,0
[10:59:44.916][I][vitals:883]: TWC vitals: A=0.00 B=0.00 C=0.20 vehicle=0.20 contactor=open
[10:59:44.922][I][csv:715]: 1793070,AGG,2.32,1.46,2.25,-2.00,-1.00,-2.00,-2.00,-1.00,-2.00,-2.00,-1.00,-2.20,1.73,-1.00,13.27,13.32,0.00,0.00,0.00,0.20,0.20,0,0
[10:59:44.937][S][sensor]: 'TWC Vitals Current L2' >> 0.00 A
[10:59:44.937][S][sensor]: 'TWC Poll Interval' >> 192 ms
[10:59:44.946][I][csv:715]: 1793101,AGG,2.32,1.51,2.25,-2.00,-1.00,-2.00,-2.00,-1.00,-2.00,-2.00,-1.00,-2.20,1.73,-1.00,13.27,13.32,0.00,0.00,0.00,0.20,0.20,0,0
[10:59:44.951][I][csv:715]: 1793106,AGG,2.32,1.51,2.25,-2.00,-1.00,-2.00,-2.00,-1.00,-2.00,-2.00,-1.00,-2.20,1.73,-1.00,13.27,13.32,0.00,0.00,0.00,0.20,0.20,0,0
[10:59:44.962][I][csv:715]: 1793117,AGG,2.32,1.51,2.24,-2.00,-1.00,-2.00,-2.00,-1.00,-2.00,-2.00,-1.00,-2.20,1.73,-1.00,13.27,13.32,0.00,0.00,0.00,0.20,0.20,0,0
[10:59:45.854][I][csv:715]: 1794007,AGG,2.32,1.51,2.24,-2.00,-1.00,-2.00,-2.00,-1.00,-2.00,-2.00,-1.00,-2.20,1.73,-1.00,13.27,13.32,0.00,0.00,0.00,0.20,0.20,0,0
[10:59:45.861][I][csv:715]: 1794016,AGG,2.32,1.51,2.24,-2.00,-1.00,-2.00,-2.00,-1.00,-2.00,-2.00,-1.00,-2.20,1.73,-1.00,13.27,13.32,0.00,0.00,0.00,0.20,0.20,0,0
[10:59:45.866][I][csv:715]: 1794020,AGG,2.32,1.51,2.24,-2.00,-1.00,-2.00,-2.00,-1.00,-2.00,-2.00,-1.00,-2.20,1.73,-1.00,13.27,13.32,0.00,0.00,0.00,0.20,0.20,0,0
[10:59:45.913][I][csv:715]: 1794064,AGG,2.32,1.51,2.24,-2.00,-1.00,-2.00,-2.00,-1.00,-2.00,-2.00,-1.00,-2.20,1.73,-1.00,13.27,13.32,0.00,0.00,0.00,0.20,0.20,0,0
[10:59:45.955][I][csv:715]: 1794109,AGG,2.32,1.46,2.24,-2.00,-1.00,-2.00,-2.00,-1.00,-2.00,-2.00,-1.00,-2.20,1.73,-1.00,13.27,13.32,0.00,0.00,0.00,0.20,0.20,0,0
[10:59:45.968][I][csv:715]: 1794120,AGG,2.32,1.46,2.24,-2.00,-1.00,-2.00,-2.00,-1.00,-2.00,-2.00,-1.00,-2.20,1.73,-1.00,13.27,13.32,0.00,0.00,0.00,0.20,0.20,0,0
[10:59:45.974][I][csv:715]: 1794127,AGG,2.32,1.46,2.24,-2.00,-1.00,-2.00,-2.00,-1.00,-2.00,-2.00,-1.00,-2.20,1.73,-1.00,13.27,13.32,0.00,0.00,0.00,0.20,0.20,0,0
[10:59:46.104][S][sensor]: 'Shelly Active Power L1' >> -534 W
[10:59:46.104][S][sensor]: 'TWC Vitals Current L1' >> 0.00 A
[10:59:46.249][S][sensor]: 'TWC Vitals Current L3' >> 0.20 A
[10:59:46.249][S][sensor]: 'Shelly Time Since Last OK' >> 242 ms
[10:59:46.362][S][sensor]: 'Shelly Active Power L3' >> -518 W
[10:59:46.488][S][sensor]: 'Shelly Real Current L1' >> 2.32 A
[10:59:46.488][S][sensor]: 'Shelly Active Power L2' >> -330 W
[10:59:46.666][S][sensor]: 'Shelly Real Current L3' >> 2.24 A
[10:59:46.667][S][sensor]: 'TWC Vitals Vehicle Current' >> 0.20 A
[10:59:46.667][S][sensor]: 'Shelly Real Current L2' >> 1.46 A
[10:59:46.795][S][sensor]: 'TWC Time Since Last Poll' >> 98 ms
[10:59:46.841][I][csv:715]: 1794995,AGG,2.32,1.46,2.24,-2.00,-1.00,-2.00,-2.00,-1.00,-2.00,-2.00,-1.00,-2.20,1.73,-1.00,13.27,13.22,0.00,0.00,0.00,0.20,0.20,0,0
[10:59:46.909][I][vitals:883]: TWC vitals: A=0.00 B=0.00 C=0.20 vehicle=0.20 contactor=open
[10:59:46.919][I][csv:715]: 1795068,AGG,2.32,1.46,2.24,-2.00,-1.00,-2.00,-2.00,-1.00,-2.00,-2.00,-1.00,-2.20,1.73,-1.00,13.27,13.32,0.00,0.00,0.00,0.20,0.20,0,0
[10:59:46.921][I][csv:715]: 1795075,AGG,2.34,1.46,2.24,-2.00,-1.00,-2.00,-2.00,-1.00,-2.00,-2.00,-1.00,-2.20,1.73,-1.00,13.27,13.32,0.00,0.00,0.00,0.20,0.20,0,0
[10:59:46.927][S][sensor]: 'TWC Vitals Current L2' >> 0.00 A
[10:59:46.927][S][sensor]: 'TWC Poll Interval' >> 193 ms
[10:59:46.947][I][csv:715]: 1795103,AGG,2.34,1.46,2.24,-2.00,-1.00,-2.00,-2.00,-1.00,-2.00,-2.00,-1.00,-2.20,1.73,-1.00,13.27,13.32,0.00,0.00,0.00,0.20,0.20,0,0
[10:59:46.959][I][csv:715]: 1795113,AGG,2.34,1.50,2.24,-2.00,-1.00,-2.00,-2.00,-1.00,-2.00,-2.00,-1.00,-2.20,1.73,-1.00,13.27,13.32,0.00,0.00,0.00,0.20,0.20,0,0
[10:59:46.983][I][csv:715]: 1795138,AGG,2.34,1.50,2.24,-2.00,-1.00,-2.00,-2.00,-1.00,-2.00,-2.00,-1.00,-2.20,1.73,-1.00,13.27,13.32,0.00,0.00,0.00,0.20,0.20,0,0
[10:59:46.993][I][csv:715]: 1795143,AGG,2.34,1.50,2.26,-2.00,-1.00,-2.00,-2.00,-1.00,-2.00,-2.00,-1.00,-2.20,1.73,-1.00,13.27,13.32,0.00,0.00,0.00,0.20,0.20,0,0
[10:59:47.853][I][csv:715]: 1796007,AGG,2.34,1.50,2.26,-2.00,-1.00,-2.00,-2.00,-1.00,-2.00,-2.00,-1.00,-2.20,1.73,-1.00,13.27,13.32,0.00,0.00,0.00,0.20,0.20,0,0
[10:59:47.863][I][csv:715]: 1796017,AGG,2.34,1.50,2.26,-2.00,-1.00,-2.00,-2.00,-1.00,-2.00,-2.00,-1.00,-2.20,1.73,-1.00,13.27,13.32,0.00,0.00,0.00,0.20,0.20,0,0
[10:59:47.877][I][csv:715]: 1796023,AGG,2.35,1.50,2.26,-2.00,-1.00,-2.00,-2.00,-1.00,-2.00,-2.00,-1.00,-2.20,1.73,-1.00,13.27,13.32,0.00,0.00,0.00,0.20,0.20,0,0
[10:59:48.074][I][csv:715]: 1796220,AGG,2.35,1.50,2.26,-2.00,-1.00,-2.00,-2.00,-1.00,-2.00,-2.00,-1.00,-2.20,1.73,-1.00,13.27,13.32,0.00,0.00,0.00,0.20,0.20,0,0
[10:59:48.083][I][csv:715]: 1796224,AGG,2.35,1.46,2.26,-2.00,-1.00,-2.00,-2.00,-1.00,-2.00,-2.00,-1.00,-2.20,1.73,-1.00,13.27,13.32,0.00,0.00,0.00,0.20,0.20,0,0
[10:59:48.083][I][csv:715]: 1796228,AGG,2.35,1.46,2.26,-2.00,-1.00,-2.00,-2.00,-1.00,-2.00,-2.00,-1.00,-2.20,1.73,-1.00,13.27,13.32,0.00,0.00,0.00,0.20,0.20,0,0
[10:59:48.083][I][csv:715]: 1796231,AGG,2.35,1.46,2.25,-2.00,-1.00,-2.00,-2.00,-1.00,-2.00,-2.00,-1.00,-2.20,1.73,-1.00,13.27,13.32,0.00,0.00,0.00,0.20,0.20,0,0
[10:59:48.106][S][sensor]: 'Shelly Active Power L1' >> -535 W
[10:59:48.107][S][sensor]: 'TWC Vitals Current L1' >> 0.00 A
[10:59:48.252][S][sensor]: 'TWC Vitals Current L3' >> 0.20 A
[10:59:48.253][S][sensor]: 'Shelly Time Since Last OK' >> 138 ms
[10:59:48.383][S][sensor]: 'Shelly Active Power L3' >> -520 W
[10:59:48.493][S][sensor]: 'Shelly Real Current L1' >> 2.35 A
[10:59:48.493][S][sensor]: 'Shelly Active Power L2' >> -334 W
[10:59:48.668][S][sensor]: 'TWC Vitals Vehicle Current' >> 0.20 A
[10:59:48.668][S][sensor]: 'Shelly Real Current L3' >> 2.25 A
[10:59:48.668][S][sensor]: 'Shelly Real Current L2' >> 1.46 A
[10:59:48.793][S][sensor]: 'TWC Time Since Last Poll' >> 65 ms
[10:59:48.853][I][csv:715]: 1797004,AGG,2.35,1.46,2.25,-2.00,-1.00,-2.00,-2.00,-1.00,-2.00,-2.00,-1.00,-2.20,1.73,-1.00,13.27,13.32,0.00,0.00,0.00,0.20,0.20,0,0
[10:59:48.862][I][csv:715]: 1797007,AGG,2.35,1.46,2.25,-2.00,-1.00,-2.00,-2.00,-1.00,-2.00,-2.00,-1.00,-2.20,1.73,-1.00,13.27,13.32,0.00,0.00,0.00,0.20,0.20,0,0
[10:59:48.909][I][vitals:883]: TWC vitals: A=0.00 B=0.00 C=0.20 vehicle=0.20 contactor=open
[10:59:48.918][I][csv:715]: 1797073,AGG,2.35,1.46,2.25,-2.00,-1.00,-2.00,-2.00,-1.00,-2.00,-2.00,-1.00,-2.20,1.73,-1.00,13.27,13.32,0.00,0.00,0.00,0.20,0.20,0,0
[10:59:48.940][S][sensor]: 'TWC Vitals Current L2' >> 0.00 A
[10:59:48.940][S][sensor]: 'TWC Poll Interval' >> 194 ms
[10:59:48.940][S][sensor]: 'TWC Reported Current L3' >> 13.3 A
[10:59:48.940][S][sensor]: 'TWC Reported Current L2' >> 13.3 A
[10:59:48.960][I][csv:715]: 1797113,AGG,2.35,1.46,2.25,-2.00,-1.00,-2.00,-2.00,-1.00,-2.00,-2.00,-1.00,-2.20,1.73,-1.00,13.27,13.32,0.00,0.00,0.00,0.20,0.20,0,0
[10:59:48.976][I][csv:715]: 1797125,AGG,2.35,1.56,2.25,-2.00,-1.00,-2.00,-2.00,-1.00,-2.00,-2.00,-1.00,-2.20,1.73,-1.00,13.27,13.32,0.00,0.00,0.00,0.20,0.20,0,0
[10:59:48.995][I][csv:715]: 1797150,AGG,2.35,1.56,2.25,-2.00,-1.00,-2.00,-2.00,-1.00,-2.00,-2.00,-1.00,-2.20,1.73,-1.00,13.27,13.32,0.00,0.00,0.00,0.20,0.20,0,0
[10:59:49.003][I][csv:715]: 1797157,AGG,2.35,1.56,2.27,-2.00,-1.00,-2.00,-2.00,-1.00,-2.00,-2.00,-1.00,-2.20,1.73,-1.00,13.27,13.32,0.00,0.00,0.00,0.20,0.20,0,0
[10:59:49.826][S][sensor]: 'TWC Reported Current L1' >> 13.3 A
[10:59:49.852][I][csv:715]: 1798007,AGG,2.35,1.56,2.27,-2.00,-1.00,-2.00,-2.00,-1.00,-2.00,-2.00,-1.00,-2.20,1.73,-1.00,13.27,13.32,0.00,0.00,0.00,0.20,0.20,0,0
[10:59:49.859][I][csv:715]: 1798012,AGG,2.35,1.56,2.27,-2.00,-1.00,-2.00,-2.00,-1.00,-2.00,-2.00,-1.00,-2.20,1.73,-1.00,13.27,13.32,0.00,0.00,0.00,0.20,0.20,0,0
[10:59:49.880][I][csv:715]: 1798034,AGG,2.36,1.56,2.27,-2.00,-1.00,-2.00,-2.00,-1.00,-2.00,-2.00,-1.00,-2.20,1.73,-1.00,13.27,13.32,0.00,0.00,0.00,0.20,0.20,0,0
[10:59:50.019][I][csv:715]: 1798165,AGG,2.36,1.56,2.27,-2.00,-1.00,-2.00,-2.00,-1.00,-2.00,-2.00,-1.00,-2.20,1.73,-1.00,13.27,13.32,0.00,0.00,0.00,0.20,0.20,0,0
[10:59:50.027][I][csv:715]: 1798169,AGG,2.36,1.47,2.27,-2.00,-1.00,-2.00,-2.00,-1.00,-2.00,-2.00,-1.00,-2.20,1.73,-1.00,13.27,13.32,0.00,0.00,0.00,0.20,0.20,0,0
[10:59:50.028][I][csv:715]: 1798172,AGG,2.36,1.47,2.27,-2.00,-1.00,-2.00,-2.00,-1.00,-2.00,-2.00,-1.00,-2.20,1.73,-1.00,13.27,13.32,0.00,0.00,0.00,0.20,0.20,0,0
[10:59:50.097][S][sensor]: 'Shelly Active Power L1' >> -538 W
[10:59:50.097][S][sensor]: 'TWC Vitals Current L1' >> 0.00 A
[10:59:50.239][S][sensor]: 'TWC Vitals Current L3' >> 0.20 A
[10:59:50.239][S][sensor]: 'Shelly Time Since Last OK' >> 197 ms
[10:59:50.370][S][sensor]: 'Shelly Active Power L3' >> -522 W
[10:59:50.485][S][sensor]: 'Shelly Real Current L1' >> 2.36 A
[10:59:50.485][S][sensor]: 'Shelly Active Power L2' >> -333 W
[10:59:50.659][S][sensor]: 'TWC Vitals Vehicle Current' >> 0.20 A
[10:59:50.659][S][sensor]: 'Shelly Real Current L3' >> 2.27 A
[10:59:50.659][S][sensor]: 'Shelly Real Current L2' >> 1.47 A
[10:59:50.790][S][sensor]: 'TWC Time Since Last Poll' >> 120 ms
[10:59:50.908][I][vitals:883]: TWC vitals: A=0.00 B=0.00 C=0.20 vehicle=0.20 contactor=open
[10:59:50.915][I][csv:715]: 1799068,AGG,2.36,1.47,2.27,-2.00,-1.00,-2.00,-2.00,-1.00,-2.00,-2.00,-1.00,-2.20,1.73,-1.00,13.27,13.32,0.00,0.00,0.00,0.20,0.20,0,0
[10:59:50.923][I][csv:715]: 1799075,AGG,2.36,1.47,2.27,-2.00,-1.00,-2.00,-2.00,-1.00,-2.00,-2.00,-1.00,-2.20,1.73,-1.00,13.27,13.32,0.00,0.00,0.00,0.20,0.20,0,0
[10:59:50.927][I][csv:715]: 1799079,AGG,2.36,1.47,2.27,-2.00,-1.00,-2.00,-2.00,-1.00,-2.00,-2.00,-1.00,-2.20,1.73,-1.00,13.27,13.32,0.00,0.00,0.00,0.20,0.20,0,0
[10:59:50.932][S][sensor]: 'TWC Poll Interval' >> 194 ms
[10:59:50.932][S][sensor]: 'TWC Vitals Current L2' >> 0.00 A
[10:59:50.969][I][csv:715]: 1799124,AGG,2.36,1.47,2.27,-2.00,-1.00,-2.00,-2.00,-1.00,-2.00,-2.00,-1.00,-2.20,1.73,-1.00,13.27,13.32,0.00,0.00,0.00,0.20,0.20,0,0
[10:59:51.000][I][csv:715]: 1799150,AGG,2.36,1.56,2.27,-2.00,-1.00,-2.00,-2.00,-1.00,-2.00,-2.00,-1.00,-2.20,1.73,-1.00,13.27,13.32,0.00,0.00,0.00,0.20,0.20,0,0
[10:59:51.008][I][csv:715]: 1799163,AGG,2.36,1.56,2.27,-2.00,-1.00,-2.00,-2.00,-1.00,-2.00,-2.00,-1.00,-2.20,1.73,-1.00,13.27,13.32,0.00,0.00,0.00,0.20,0.20,0,0
[10:59:51.019][I][csv:715]: 1799173,AGG,2.36,1.56,2.28,-2.00,-1.00,-2.00,-2.00,-1.00,-2.00,-2.00,-1.00,-2.20,1.73,-1.00,13.27,13.32,0.00,0.00,0.00,0.20,0.20,0,0
[10:59:51.853][I][csv:715]: 1800007,AGG,2.36,1.56,2.28,-2.00,-1.00,-2.00,-2.00,-1.00,-2.00,-2.00,-1.00,-2.20,1.73,-1.00,13.27,13.32,0.00,0.00,0.00,0.20,0.20,0,0
[10:59:51.870][I][csv:715]: 1800024,AGG,2.36,1.56,2.28,-2.00,-1.00,-2.00,-2.00,-1.00,-2.00,-2.00,-1.00,-2.20,1.73,-1.00,13.27,13.32,0.00,0.00,0.00,0.20,0.20,0,0
[10:59:51.893][I][csv:715]: 1800048,AGG,2.35,1.56,2.28,-2.00,-1.00,-2.00,-2.00,-1.00,-2.00,-2.00,-1.00,-2.20,1.73,-1.00,13.27,13.32,0.00,0.00,0.00,0.20,0.20,0,0
[10:59:51.972][I][csv:715]: 1800123,AGG,2.35,1.56,2.28,-2.00,-1.00,-2.00,-2.00,-1.00,-2.00,-2.00,-1.00,-2.20,1.73,-1.00,13.27,13.32,0.00,0.00,0.00,0.20,0.20,0,0
[10:59:51.993][I][csv:715]: 1800147,AGG,2.35,1.50,2.28,-2.00,-1.00,-2.00,-2.00,-1.00,-2.00,-2.00,-1.00,-2.20,1.73,-1.00,13.27,13.32,0.00,0.00,0.00,0.20,0.20,0,0
[10:59:52.019][I][csv:715]: 1800172,AGG,2.35,1.50,2.28,-2.00,-1.00,-2.00,-2.00,-1.00,-2.00,-2.00,-1.00,-2.20,1.73,-1.00,13.27,13.32,0.00,0.00,0.00,0.20,0.20,0,0
[10:59:52.025][I][csv:715]: 1800177,AGG,2.35,1.50,2.28,-2.00,-1.00,-2.00,-2.00,-1.00,-2.00,-2.00,-1.00,-2.20,1.73,-1.00,13.27,13.32,0.00,0.00,0.00,0.20,0.20,0,0
[10:59:52.094][S][sensor]: 'Shelly Active Power L1' >> -537 W
[10:59:52.094][S][sensor]: 'TWC Vitals Current L1' >> 0.00 A
[10:59:52.256][S][sensor]: 'TWC Vitals Current L3' >> 0.20 A
[10:59:52.256][S][sensor]: 'Shelly Time Since Last OK' >> 192 ms
[10:59:52.379][S][sensor]: 'Shelly Active Power L3' >> -527 W
[10:59:52.490][S][sensor]: 'Shelly Real Current L1' >> 2.35 A
[10:59:52.490][S][sensor]: 'Shelly Active Power L2' >> -344 W
[10:59:52.672][S][sensor]: 'TWC Vitals Vehicle Current' >> 0.20 A
[10:59:52.672][S][sensor]: 'Shelly Real Current L3' >> 2.28 A
[10:59:52.672][S][sensor]: 'Shelly Real Current L2' >> 1.50 A
[10:59:52.787][S][sensor]: 'TWC Time Since Last Poll' >> 80 ms
[10:59:52.856][I][csv:715]: 1801007,AGG,2.35,1.50,2.28,-2.00,-1.00,-2.00,-2.00,-1.00,-2.00,-2.00,-1.00,-2.20,1.73,-1.00,13.27,13.32,0.00,0.00,0.00,0.20,0.20,0,0
[10:59:54.004][I][vitals:883]: TWC vitals: A=0.00 B=0.00 C=0.20 vehicle=0.20 contactor=open
[10:59:54.009][W][component:473]: interval took a long time for an operation (1152 ms), max is 1100 ms
[10:59:54.017][I][csv:715]: 1802171,AGG,2.35,1.50,2.28,-2.00,-1.00,-2.00,-2.00,-1.00,-2.00,-2.00,-1.00,-2.20,1.73,-1.00,13.27,13.32,0.00,0.00,0.00,0.20,0.20,0,0
[10:59:54.021][I][csv:715]: 1802175,AGG,2.36,1.50,2.28,-2.00,-1.00,-2.00,-2.00,-1.00,-2.00,-2.00,-1.00,-2.20,1.73,-1.00,13.27,13.32,0.00,0.00,0.00,0.20,0.20,0,0
[10:59:54.036][I][csv:715]: 1802180,AGG,2.36,1.50,2.28,-2.00,-1.00,-2.00,-2.00,-1.00,-2.00,-2.00,-1.00,-2.20,1.73,-1.00,13.27,13.32,0.00,0.00,0.00,0.20,0.20,0,0
[10:59:54.036][I][csv:715]: 1802183,AGG,2.36,1.57,2.28,-2.00,-1.00,-2.00,-2.00,-1.00,-2.00,-2.00,-1.00,-2.20,1.73,-1.00,13.27,13.32,0.00,0.00,0.00,0.20,0.20,0,0
[10:59:54.036][I][csv:715]: 1802186,AGG,2.36,1.57,2.28,-2.00,-1.00,-2.00,-2.00,-1.00,-2.00,-2.00,-1.00,-2.20,1.73,-1.00,13.27,13.32,0.00,0.00,0.00,0.20,0.20,0,0
[10:59:54.046][I][csv:715]: 1802191,AGG,2.36,1.57,2.28,-2.00,-1.00,-2.00,-2.00,-1.00,-2.00,-2.00,-1.00,-2.20,1.73,-1.00,13.27,13.32,0.00,0.00,0.00,0.20,0.20,0,0
[10:59:54.046][I][csv:715]: 1802194,AGG,2.36,1.57,2.28,-2.00,-1.00,-2.00,-2.00,-1.00,-2.00,-2.00,-1.00,-2.20,1.73,-1.00,13.27,13.32,0.00,0.00,0.00,0.20,0.20,0,0
[10:59:54.047][S][sensor]: 'TWC Poll Interval' >> 199 ms
[10:59:54.047][S][sensor]: 'TWC Vitals Current L2' >> 0.00 A
[10:59:54.060][I][csv:715]: 1802200,AGG,2.36,1.57,2.28,-2.00,-1.00,-2.00,-2.00,-1.00,-2.00,-2.00,-1.00,-2.20,1.73,-1.00,13.27,13.32,0.00,0.00,0.00,0.20,0.20,0,0
[10:59:54.156][S][sensor]: 'TWC Reported Current L3' >> 13.3 A
[10:59:54.156][S][sensor]: 'TWC Reported Current L2' >> 13.3 A
[10:59:54.157][S][sensor]: 'Shelly Active Power L1' >> -536 W
[10:59:54.157][S][sensor]: 'TWC Vitals Current L1' >> 0.00 A
[10:59:54.157][S][sensor]: 'TWC Vitals Current L3' >> 0.20 A
[10:59:54.328][S][sensor]: 'Shelly Time Since Last OK' >> 175 ms
[10:59:54.328][S][sensor]: 'Shelly Active Power L3' >> -535 W
[10:59:54.384][I][csv:715]: 1802538,AGG,2.35,1.57,2.28,-2.00,-1.00,-2.00,-2.00,-1.00,-2.00,-2.00,-1.00,-2.20,1.73,-1.00,13.27,13.22,0.00,0.00,0.00,0.20,0.20,0,0
[10:59:54.390][I][csv:715]: 1802542,AGG,2.35,1.57,2.28,-2.00,-1.00,-2.00,-2.00,-1.00,-2.00,-2.00,-1.00,-2.20,1.73,-1.00,13.27,13.22,0.00,0.00,0.00,0.20,0.20,0,0
[10:59:54.396][I][csv:715]: 1802545,AGG,2.35,1.52,2.28,-2.00,-1.00,-2.00,-2.00,-1.00,-2.00,-2.00,-1.00,-2.20,1.73,-1.00,13.27,13.22,0.00,0.00,0.00,0.20,0.20,0,0
[10:59:54.396][I][csv:715]: 1802550,AGG,2.35,1.52,2.28,-2.00,-1.00,-2.00,-2.00,-1.00,-2.00,-2.00,-1.00,-2.20,1.73,-1.00,13.27,13.22,0.00,0.00,0.00,0.20,0.20,0,0
[10:59:54.510][S][sensor]: 'Shelly Real Current L1' >> 2.35 A
[10:59:54.510][S][sensor]: 'Shelly Active Power L2' >> -349 W
[10:59:54.669][S][sensor]: 'Shelly Real Current L3' >> 2.28 A
[10:59:54.669][S][sensor]: 'TWC Vitals Vehicle Current' >> 0.20 A
[10:59:54.669][S][sensor]: 'Shelly Real Current L2' >> 1.52 A
[10:59:54.785][S][sensor]: 'TWC Time Since Last Poll' >> 124 ms
[10:59:54.785][S][sensor]: 'TWC Reported Current L1' >> 13.2 A
[10:59:55.159][I][vitals:883]: TWC vitals: A=0.00 B=0.00 C=0.20 vehicle=0.20 contactor=open
[10:59:55.168][I][csv:715]: 1803323,AGG,2.35,1.52,2.28,-2.00,-1.00,-2.00,-2.00,-1.00,-2.00,-2.00,-1.00,-2.20,1.73,-1.00,13.27,13.32,0.00,0.00,0.00,0.20,0.20,0,0
[10:59:55.172][I][csv:715]: 1803327,AGG,2.36,1.52,2.28,-2.00,-1.00,-2.00,-2.00,-1.00,-2.00,-2.00,-1.00,-2.20,1.73,-1.00,13.27,13.32,0.00,0.00,0.00,0.20,0.20,0,0
[10:59:55.177][I][csv:715]: 1803331,AGG,2.36,1.52,2.28,-2.00,-1.00,-2.00,-2.00,-1.00,-2.00,-2.00,-1.00,-2.20,1.73,-1.00,13.27,13.32,0.00,0.00,0.00,0.20,0.20,0,0
[10:59:55.185][I][csv:715]: 1803336,AGG,2.36,1.56,2.28,-2.00,-1.00,-2.00,-2.00,-1.00,-2.00,-2.00,-1.00,-2.20,1.73,-1.00,13.27,13.32,0.00,0.00,0.00,0.20,0.20,0,0
[10:59:55.185][I][csv:715]: 1803339,AGG,2.36,1.56,2.28,-2.00,-1.00,-2.00,-2.00,-1.00,-2.00,-2.00,-1.00,-2.20,1.73,-1.00,13.27,13.32,0.00,0.00,0.00,0.20,0.20,0,0
[10:59:55.189][I][csv:715]: 1803344,AGG,2.36,1.56,2.30,-2.00,-1.00,-2.00,-2.00,-1.00,-2.00,-2.00,-1.00,-2.20,1.73,-1.00,13.27,13.32,0.00,0.00,0.00,0.20,0.20,0,0
[10:59:55.195][S][sensor]: 'TWC Poll Interval' >> 192 ms
[10:59:55.195][S][sensor]: 'TWC Vitals Current L2' >> 0.00 A
[10:59:55.206][I][csv:715]: 1803352,AGG,2.36,1.56,2.30,-2.00,-1.00,-2.00,-2.00,-1.00,-2.00,-2.00,-1.00,-2.20,1.73,-1.00,13.27,13.32,0.00,0.00,0.00,0.20,0.20,0,0
[10:59:55.701][S][sensor]: 'TWC Control WiFi Signal' >> -24 dBm
[10:59:55.908][I][csv:715]: 1804061,AGG,2.36,1.56,2.30,-2.00,-1.00,-2.00,-2.00,-1.00,-2.00,-2.00,-1.00,-2.20,1.73,-1.00,13.27,13.32,0.00,0.00,0.00,0.20,0.20,0,0
[10:59:55.956][I][csv:715]: 1804076,AGG,2.38,1.56,2.30,-2.00,-1.00,-2.00,-2.00,-1.00,-2.00,-2.00,-1.00,-2.20,1.73,-1.00,13.27,13.32,0.00,0.00,0.00,0.20,0.20,0,0
[10:59:55.997][I][csv:715]: 1804152,AGG,2.38,1.56,2.30,-2.00,-1.00,-2.00,-2.00,-1.00,-2.00,-2.00,-1.00,-2.20,1.73,-1.00,13.27,13.32,0.00,0.00,0.00,0.20,0.20,0,0
[10:59:56.013][I][csv:715]: 1804168,AGG,2.38,1.53,2.30,-2.00,-1.00,-2.00,-2.00,-1.00,-2.00,-2.00,-1.00,-2.20,1.73,-1.00,13.27,13.32,0.00,0.00,0.00,0.20,0.20,0,0
[10:59:56.036][I][csv:715]: 1804189,AGG,2.38,1.53,2.30,-2.00,-1.00,-2.00,-2.00,-1.00,-2.00,-2.00,-1.00,-2.20,1.73,-1.00,13.27,13.32,0.00,0.00,0.00,0.20,0.20,0,0
[10:59:56.093][I][csv:715]: 1804248,AGG,2.38,1.53,2.30,-2.00,-1.00,-2.00,-2.00,-1.00,-2.00,-2.00,-1.00,-2.20,1.73,-1.00,13.27,13.32,0.00,0.00,0.00,0.20,0.20,0,0
[10:59:56.157][S][sensor]: 'Shelly Active Power L1' >> -546 W
[10:59:56.157][S][sensor]: 'TWC Vitals Current L1' >> 0.00 A
[10:59:56.157][S][sensor]: 'TWC Vitals Current L3' >> 0.20 A
[10:59:56.318][I][csv:715]: 1804352,AGG,2.38,1.53,2.30,-2.00,-1.00,-2.00,-2.00,-1.00,-2.00,-2.00,-1.00,-2.20,1.73,-1.00,13.27,13.32,0.00,0.00,0.00,0.20,0.20,0,0
[10:59:56.318][S][sensor]: 'Shelly Time Since Last OK' >> 121 ms
[10:59:56.319][S][sensor]: 'Shelly Active Power L3' >> -533 W
[10:59:56.511][S][sensor]: 'Shelly Real Current L1' >> 2.38 A
[10:59:56.511][S][sensor]: 'Shelly Active Power L2' >> -351 W
[10:59:56.661][S][sensor]: 'TWC Vitals Vehicle Current' >> 0.20 A
[10:59:56.662][S][sensor]: 'Shelly Real Current L3' >> 2.30 A
[10:59:56.662][S][sensor]: 'Shelly Real Current L2' >> 1.53 A
[10:59:56.662][S][sensor]: 'TWC Control Uptime' >> 1805 s
[10:59:56.793][S][sensor]: 'TWC Time Since Last Poll' >> 189 ms
[10:59:57.159][I][vitals:883]: TWC vitals: A=0.00 B=0.00 C=0.20 vehicle=0.20 contactor=open
[10:59:57.170][I][csv_header:709]: ts_ms,mode,real_a,real_b,real_c,signed_a,signed_b,signed_c,corr_a,corr_b,corr_c,household_a,household_b,household_c,desired_avail,worst,o_raw,pub,fve_offset_kw,vitals_a,vitals_b,vitals_c,vitals_vehicle,contactor_closed,car_charging
[10:59:57.175][I][csv:715]: 1805324,AGG,2.38,1.53,2.30,-2.00,-1.00,-2.00,-2.00,-1.00,-2.00,-2.00,-1.00,-2.20,1.73,-1.00,13.27,13.32,0.00,0.00,0.00,0.20,0.20,0,0
[10:59:57.177][I][csv:715]: 1805330,AGG,2.38,1.53,2.30,-2.00,-1.00,-2.00,-2.00,-1.00,-2.00,-2.00,-1.00,-2.20,1.73,-1.00,13.27,13.32,0.00,0.00,0.00,0.20,0.20,0,0
[10:59:57.184][I][csv:715]: 1805336,AGG,2.38,1.53,2.30,-2.00,-1.00,-2.00,-2.00,-1.00,-2.00,-2.00,-1.00,-2.20,1.73,-1.00,13.27,13.32,0.00,0.00,0.00,0.20,0.20,0,0
[10:59:57.189][I][csv:715]: 1805341,AGG,2.38,1.61,2.30,-2.00,-1.00,-2.00,-2.00,-1.00,-2.00,-2.00,-1.00,-2.20,1.73,-1.00,13.27,13.32,0.00,0.00,0.00,0.20,0.20,0,0
[10:59:57.194][I][csv:715]: 1805344,AGG,2.38,1.61,2.30,-2.00,-1.00,-2.00,-2.00,-1.00,-2.00,-2.00,-1.00,-2.20,1.73,-1.00,13.27,13.32,0.00,0.00,0.00,0.20,0.20,0,0
[10:59:57.196][I][csv:715]: 1805349,AGG,2.38,1.61,2.32,-2.00,-1.00,-2.00,-2.00,-1.00,-2.00,-2.00,-1.00,-2.20,1.73,-1.00,13.27,13.32,0.00,0.00,0.00,0.20,0.20,0,0
[10:59:57.199][S][sensor]: 'TWC Vitals Current L2' >> 0.00 A
[10:59:57.200][S][sensor]: 'TWC Poll Interval' >> 200 ms
[10:59:57.206][E][modbus:456]: Attempted to send while transmission blocked
[10:59:57.206][I][csv:715]: 1805360,AGG,2.38,1.61,2.32,-2.00,-1.00,-2.00,-2.00,-1.00,-2.00,-2.00,-1.00,-2.20,1.73,-1.00,13.27,13.32,0.00,0.00,0.00,0.20,0.20,0,0
[10:59:57.999][I][csv:715]: 1806151,AGG,2.38,1.61,2.32,-2.00,-1.00,-2.00,-2.00,-1.00,-2.00,-2.00,-1.00,-2.20,1.73,-1.00,13.27,13.32,0.00,0.00,0.00,0.20,0.20,0,0
[10:59:58.000][I][csv:715]: 1806155,AGG,2.39,1.61,2.32,-2.00,-1.00,-2.00,-2.00,-1.00,-2.00,-2.00,-1.00,-2.20,1.73,-1.00,13.27,13.32,0.00,0.00,0.00,0.20,0.20,0,0
[10:59:58.011][I][csv:715]: 1806164,AGG,2.39,1.61,2.32,-2.00,-1.00,-2.00,-2.00,-1.00,-2.00,-2.00,-1.00,-2.20,1.73,-1.00,13.27,13.32,0.00,0.00,0.00,0.20,0.20,0,0
[10:59:58.034][I][csv:715]: 1806186,AGG,2.39,1.54,2.32,-2.00,-1.00,-2.00,-2.00,-1.00,-2.00,-2.00,-1.00,-2.20,1.73,-1.00,13.27,13.32,0.00,0.00,0.00,0.20,0.20,0,0
[10:59:58.045][I][csv:715]: 1806200,AGG,2.39,1.54,2.32,-2.00,-1.00,-2.00,-2.00,-1.00,-2.00,-2.00,-1.00,-2.20,1.73,-1.00,13.27,13.32,0.00,0.00,0.00,0.20,0.20,0,0
[10:59:58.156][S][sensor]: 'Shelly Active Power L1' >> -547 W
[10:59:58.156][S][sensor]: 'TWC Vitals Current L1' >> 0.00 A
[10:59:58.156][S][sensor]: 'TWC Vitals Current L3' >> 0.20 A
[10:59:58.183][I][csv:715]: 1806338,AGG,2.39,1.54,2.37,-2.00,-1.00,-2.00,-2.00,-1.00,-2.00,-2.00,-1.00,-2.20,1.73,-1.00,13.27,13.32,0.00,0.00,0.00,0.20,0.20,0,0
[10:59:58.204][I][csv:715]: 1806357,AGG,2.39,1.54,2.37,-2.00,-1.00,-2.00,-2.00,-1.00,-2.00,-2.00,-1.00,-2.20,1.73,-1.00,13.27,13.32,0.00,0.00,0.00,0.20,0.20,0,0
[10:59:58.316][S][sensor]: 'Shelly Time Since Last OK' >> 31 ms
[10:59:58.316][S][sensor]: 'Shelly Active Power L3' >> -539 W
[10:59:58.500][S][sensor]: 'Shelly Real Current L1' >> 2.39 A
[10:59:58.500][S][sensor]: 'Shelly Active Power L2' >> -355 W
[10:59:58.657][S][sensor]: 'TWC Vitals Vehicle Current' >> 0.20 A
[10:59:58.657][S][sensor]: 'Shelly Real Current L3' >> 2.37 A
[10:59:58.657][S][sensor]: 'Shelly Real Current L2' >> 1.54 A
[10:59:58.789][S][sensor]: 'TWC Time Since Last Poll' >> 140 ms
[10:59:58.915][I][vitals:883]: TWC vitals: A=0.00 B=0.00 C=0.20 vehicle=0.20 contactor=open
[10:59:58.923][I][csv:715]: 1807076,AGG,2.39,1.54,2.37,-2.00,-1.00,-2.00,-2.00,-1.00,-2.00,-2.00,-1.00,-2.20,1.73,-1.00,13.27,13.32,0.00,0.00,0.00,0.20,0.20,0,0
[10:59:58.929][S][sensor]: 'TWC Vitals Current L2' >> 0.00 A
[10:59:58.929][S][sensor]: 'TWC Poll Interval' >> 197 ms
[10:59:58.945][I][csv:715]: 1807099,AGG,2.45,1.54,2.37,-2.00,-1.00,-2.00,-2.00,-1.00,-2.00,-2.00,-1.00,-2.20,1.73,-1.00,13.27,13.32,0.00,0.00,0.00,0.20,0.20,0,0
[10:59:59.121][I][csv:715]: 1807276,AGG,2.45,1.54,2.37,-2.00,-1.00,-2.00,-2.00,-1.00,-2.00,-2.00,-1.00,-2.20,1.73,-1.00,13.27,13.32,0.00,0.00,0.00,0.20,0.20,0,0
[10:59:59.134][I][csv:715]: 1807280,AGG,2.45,1.63,2.37,-2.00,-1.00,-2.00,-2.00,-1.00,-2.00,-2.00,-1.00,-2.20,1.73,-1.00,13.27,13.32,0.00,0.00,0.00,0.20,0.20,0,0
[10:59:59.134][I][csv:715]: 1807283,AGG,2.45,1.63,2.37,-2.00,-1.00,-2.00,-2.00,-1.00,-2.00,-2.00,-1.00,-2.20,1.73,-1.00,13.27,13.32,0.00,0.00,0.00,0.20,0.20,0,0
[10:59:59.154][I][csv:715]: 1807305,AGG,2.45,1.63,2.38,-2.00,-1.00,-2.00,-2.00,-1.00,-2.00,-2.00,-1.00,-2.20,1.73,-1.00,13.27,13.32,0.00,0.00,0.00,0.20,0.20,0,0
[10:59:59.157][S][sensor]: 'TWC Reported Current L3' >> 13.3 A
[10:59:59.157][S][sensor]: 'TWC Reported Current L2' >> 13.3 A
[10:59:59.204][I][csv:715]: 1807357,AGG,2.45,1.63,2.38,-2.00,-1.00,-2.00,-2.00,-1.00,-2.00,-2.00,-1.00,-2.20,1.73,-1.00,13.27,13.32,0.00,0.00,0.00,0.20,0.20,0,0
[10:59:59.820][S][sensor]: 'TWC Reported Current L1' >> 13.3 A
[11:00:00.049][I][csv:715]: 1808202,AGG,2.45,1.63,2.38,-2.00,-1.00,-2.00,-2.00,-1.00,-2.00,-2.00,-1.00,-2.20,1.73,-1.00,13.27,13.32,0.00,0.00,0.00,0.20,0.20,0,0
[11:00:00.054][I][csv:715]: 1808206,AGG,2.47,1.63,2.38,-2.00,-1.00,-2.00,-2.00,-1.00,-2.00,-2.00,-1.00,-2.20,1.73,-1.00,13.27,13.32,0.00,0.00,0.00,0.20,0.20,0,0
[11:00:00.064][I][csv:715]: 1808209,AGG,2.47,1.63,2.38,-2.00,-1.00,-2.00,-2.00,-1.00,-2.00,-2.00,-1.00,-2.20,1.73,-1.00,13.27,13.32,0.00,0.00,0.00,0.20,0.20,0,0
[11:00:00.064][I][csv:715]: 1808215,AGG,2.47,1.58,2.38,-2.00,-1.00,-2.00,-2.00,-1.00,-2.00,-2.00,-1.00,-2.20,1.73,-1.00,13.27,13.32,0.00,0.00,0.00,0.20,0.20,0,0
[11:00:00.073][I][csv:715]: 1808223,AGG,2.47,1.58,2.38,-2.00,-1.00,-2.00,-2.00,-1.00,-2.00,-2.00,-1.00,-2.20,1.73,-1.00,13.27,13.32,0.00,0.00,0.00,0.20,0.20,0,0
[11:00:00.174][S][sensor]: 'Shelly Active Power L1' >> -561 W
[11:00:00.174][S][sensor]: 'TWC Vitals Current L1' >> 0.00 A
[11:00:00.174][S][sensor]: 'TWC Vitals Current L3' >> 0.20 A
[11:00:00.326][I][csv:715]: 1808357,AGG,2.47,1.58,2.38,-2.00,-1.00,-2.00,-2.00,-1.00,-2.00,-2.00,-1.00,-2.20,1.73,-1.00,13.27,13.32,0.00,0.00,0.00,0.20,0.20,0,0
[11:00:00.327][S][sensor]: 'Shelly Time Since Last OK' >> 146 ms
[11:00:00.327][S][sensor]: 'Shelly Active Power L3' >> -544 W
[11:00:00.334][I][csv:715]: 1808481,AGG,2.47,1.58,2.42,-2.00,-1.00,-2.00,-2.00,-1.00,-2.00,-2.00,-1.00,-2.20,1.73,-1.00,13.27,13.32,0.00,0.00,0.00,0.20,0.20,0,0
[11:00:00.504][S][sensor]: 'Shelly Real Current L1' >> 2.47 A
[11:00:00.504][S][sensor]: 'Shelly Active Power L2' >> -361 W
[11:00:00.663][S][sensor]: 'Shelly Real Current L3' >> 2.42 A
[11:00:00.663][S][sensor]: 'TWC Vitals Vehicle Current' >> 0.20 A
[11:00:00.664][S][sensor]: 'Shelly Real Current L2' >> 1.58 A
[11:00:00.790][S][sensor]: 'TWC Time Since Last Poll' >> 7 ms
[11:00:01.118][I][vitals:883]: TWC vitals: A=0.00 B=0.00 C=0.20 vehicle=0.20 contactor=open
[11:00:01.126][I][csv:715]: 1809281,AGG,2.47,1.58,2.42,-2.00,-1.00,-2.00,-2.00,-1.00,-2.00,-2.00,-1.00,-2.20,1.73,-1.00,13.27,13.32,0.00,0.00,0.00,0.20,0.20,0,0
[11:00:01.133][I][csv:715]: 1809285,AGG,2.51,1.58,2.42,-2.00,-1.00,-2.00,-2.00,-1.00,-2.00,-2.00,-1.00,-2.20,1.73,-1.00,13.27,13.32,0.00,0.00,0.00,0.20,0.20,0,0
[11:00:01.134][I][csv:715]: 1809289,AGG,2.51,1.58,2.42,-2.00,-1.00,-2.00,-2.00,-1.00,-2.00,-2.00,-1.00,-2.20,1.73,-1.00,13.27,13.32,0.00,0.00,0.00,0.20,0.20,0,0
[11:00:01.150][I][csv:715]: 1809293,AGG,2.51,1.64,2.42,-2.00,-1.00,-2.00,-2.00,-1.00,-2.00,-2.00,-1.00,-2.20,1.73,-1.00,13.27,13.32,0.00,0.00,0.00,0.20,0.20,0,0
[11:00:01.150][I][csv:715]: 1809296,AGG,2.51,1.64,2.42,-2.00,-1.00,-2.00,-2.00,-1.00,-2.00,-2.00,-1.00,-2.20,1.73,-1.00,13.27,13.32,0.00,0.00,0.00,0.20,0.20,0,0
[11:00:01.162][S][sensor]: 'TWC Vitals Current L2' >> 0.00 A
[11:00:01.162][S][sensor]: 'TWC Poll Interval' >> 190 ms
[11:00:01.203][I][csv:715]: 1809352,AGG,2.51,1.64,2.50,-2.00,-1.00,-2.00,-2.00,-1.00,-2.00,-2.00,-1.00,-2.20,1.73,-1.00,13.27,13.32,0.00,0.00,0.00,0.20,0.20,0,0
[11:00:01.214][I][csv:715]: 1809357,AGG,2.51,1.64,2.50,-2.00,-1.00,-2.00,-2.00,-1.00,-2.00,-2.00,-1.00,-2.20,1.73,-1.00,13.27,13.32,0.00,0.00,0.00,0.20,0.20,0,0
[11:00:01.988][I][csv:715]: 1810142,AGG,2.51,1.64,2.50,-2.00,-1.00,-2.00,-2.00,-1.00,-2.00,-2.00,-1.00,-2.20,1.73,-1.00,13.27,13.32,0.00,0.00,0.00,0.20,0.20,0,0
[11:00:01.996][I][csv:715]: 1810146,AGG,2.58,1.64,2.50,-2.00,-1.00,-2.00,-2.00,-1.00,-2.00,-2.00,-1.00,-2.20,1.73,-1.00,13.27,13.32,0.00,0.00,0.00,0.20,0.20,0,0
[11:00:02.038][I][csv:715]: 1810192,AGG,2.58,1.64,2.50,-2.00,-1.00,-2.00,-2.00,-1.00,-2.00,-2.00,-1.00,-2.20,1.73,-1.00,13.27,13.32,0.00,0.00,0.00,0.20,0.20,0,0
[11:00:02.052][I][csv:715]: 1810203,AGG,2.58,1.70,2.50,-2.00,-1.00,-2.00,-2.00,-1.00,-2.00,-2.00,-1.00,-2.20,1.73,-1.00,13.27,13.32,0.00,0.00,0.00,0.20,0.20,0,0
[11:00:02.069][I][csv:715]: 1810224,AGG,2.58,1.70,2.50,-2.00,-1.00,-2.00,-2.00,-1.00,-2.00,-2.00,-1.00,-2.20,1.73,-1.00,13.27,13.32,0.00,0.00,0.00,0.20,0.20,0,0
[11:00:02.171][S][sensor]: 'Shelly Active Power L1' >> -592 W
[11:00:02.171][S][sensor]: 'TWC Vitals Current L1' >> 0.00 A
[11:00:02.171][S][sensor]: 'TWC Vitals Current L3' >> 0.20 A
[11:00:02.202][I][csv:715]: 1810357,AGG,2.58,1.70,2.50,-2.00,-1.00,-2.00,-2.00,-1.00,-2.00,-2.00,-1.00,-2.20,1.73,-1.00,13.27,13.32,0.00,0.00,0.00,0.20,0.20,0,0
[11:00:02.208][I][csv:715]: 1810362,AGG,2.58,1.70,2.64,-2.00,-1.00,-2.00,-2.00,-1.00,-2.00,-2.00,-1.00,-2.20,1.73,-1.00,13.27,13.32,0.00,0.00,0.00,0.20,0.20,0,0
[11:00:02.332][S][sensor]: 'Shelly Time Since Last OK' >> 7 ms
[11:00:02.332][S][sensor]: 'Shelly Active Power L3' >> -573 W
[11:00:02.507][S][sensor]: 'Shelly Real Current L1' >> 2.58 A
[11:00:02.507][S][sensor]: 'Shelly Active Power L2' >> -390 W
[11:00:02.668][S][sensor]: 'Shelly Real Current L3' >> 2.64 A
[11:00:02.668][S][sensor]: 'TWC Vitals Vehicle Current' >> 0.20 A
[11:00:02.668][S][sensor]: 'Shelly Real Current L2' >> 1.70 A
[11:00:02.795][S][sensor]: 'TWC Time Since Last Poll' >> 131 ms
[11:00:02.912][I][vitals:883]: TWC vitals: A=0.00 B=0.00 C=0.20 vehicle=0.20 contactor=open
[11:00:02.934][S][sensor]: 'TWC Vitals Current L2' >> 0.00 A
[11:00:02.934][S][sensor]: 'TWC Poll Interval' >> 194 ms
[11:00:02.947][I][csv:715]: 1811100,AGG,2.58,1.70,2.64,-2.00,-1.00,-2.00,-2.00,-1.00,-2.00,-2.00,-1.00,-2.20,1.73,-1.00,13.27,13.32,0.00,0.00,0.00,0.20,0.20,0,0
[11:00:02.969][I][csv:715]: 1811119,AGG,2.73,1.70,2.64,-2.00,-1.00,-2.00,-2.00,-1.00,-2.00,-2.00,-1.00,-2.20,1.73,-1.00,13.27,13.32,0.00,0.00,0.00,0.20,0.20,0,0
[11:00:03.041][I][csv:715]: 1811197,AGG,2.73,1.70,2.64,-2.00,-1.00,-2.00,-2.00,-1.00,-2.00,-2.00,-1.00,-2.20,1.73,-1.00,13.27,13.32,0.00,0.00,0.00,0.20,0.20,0,0
[11:00:03.052][I][csv:715]: 1811207,AGG,2.73,1.91,2.64,-2.00,-1.00,-2.00,-2.00,-1.00,-2.00,-2.00,-1.00,-2.20,1.73,-1.00,13.27,13.32,0.00,0.00,0.00,0.20,0.20,0,0
[11:00:03.074][I][csv:715]: 1811229,AGG,2.73,1.91,2.64,-2.00,-1.00,-2.00,-2.00,-1.00,-2.00,-2.00,-1.00,-2.20,1.73,-1.00,13.27,13.32,0.00,0.00,0.00,0.20,0.20,0,0
[11:00:03.202][I][csv:715]: 1811357,AGG,2.73,1.91,2.64,-2.00,-1.00,-2.00,-2.00,-1.00,-2.00,-2.00,-1.00,-2.20,1.73,-1.00,13.27,13.32,0.00,0.00,0.00,0.20,0.20,0,0
[11:00:03.269][I][csv:715]: 1811422,AGG,2.73,1.91,2.84,-2.00,-1.00,-2.00,-2.00,-1.00,-2.00,-2.00,-1.00,-2.20,1.73,-1.00,13.27,13.32,0.00,0.00,0.00,0.20,0.20,0,0
[11:00:04.035][I][csv:715]: 1812190,AGG,2.73,1.91,2.84,-2.00,-1.00,-2.00,-2.00,-1.00,-2.00,-2.00,-1.00,-2.20,1.73,-1.00,13.27,13.32,0.00,0.00,0.00,0.20,0.20,0,0
[11:00:04.040][I][csv:715]: 1812194,AGG,2.94,1.91,2.84,-2.00,-1.00,-2.00,-2.00,-1.00,-2.00,-2.00,-1.00,-2.20,1.73,-1.00,13.27,13.32,0.00,0.00,0.00,0.20,0.20,0,0
[11:00:04.060][I][csv:715]: 1812215,AGG,2.94,1.91,2.84,-2.00,-1.00,-2.00,-2.00,-1.00,-2.00,-2.00,-1.00,-2.20,1.73,-1.00,13.27,13.32,0.00,0.00,0.00,0.20,0.20,0,0
[11:00:04.066][I][csv:715]: 1812220,AGG,2.94,2.05,2.84,-2.00,-2.00,-2.00,-2.00,-2.00,-2.00,-2.00,-2.00,-2.20,1.74,-2.00,12.26,12.31,0.00,0.00,0.00,0.20,0.20,0,0
[11:00:04.082][I][csv:715]: 1812237,AGG,2.94,2.05,2.84,-2.00,-2.00,-2.00,-2.00,-2.00,-2.00,-2.00,-2.00,-2.20,1.76,-2.00,12.24,12.29,0.00,0.00,0.00,0.20,0.20,0,0
[11:00:04.161][S][sensor]: 'TWC Reported Current L2' >> 13.3 A
[11:00:04.162][S][sensor]: 'TWC Reported Current L3' >> 13.3 A
[11:00:04.162][S][sensor]: 'Shelly Active Power L1' >> -671 W
[11:00:04.162][S][sensor]: 'TWC Vitals Current L1' >> 0.00 A
[11:00:04.162][S][sensor]: 'TWC Vitals Current L3' >> 0.20 A
[11:00:04.322][I][csv:715]: 1812357,AGG,2.94,2.05,2.84,-2.00,-2.00,-2.00,-2.00,-2.00,-2.00,-2.00,-2.00,-2.20,1.88,-2.00,12.12,12.17,0.00,0.00,0.00,0.20,0.20,0,0
[11:00:04.322][S][sensor]: 'Shelly Time Since Last OK' >> 132 ms
[11:00:04.322][S][sensor]: 'Shelly Active Power L3' >> -656 W
[11:00:04.331][I][csv:715]: 1812483,AGG,2.94,2.05,3.12,-2.00,-2.00,-3.00,-2.00,-2.00,-3.00,-2.00,-2.00,-3.20,2.00,-2.00,12.00,12.05,0.00,0.00,0.00,0.20,0.20,0,0
[11:00:04.504][S][sensor]: 'Shelly Real Current L1' >> 2.94 A
[11:00:04.504][S][sensor]: 'Shelly Active Power L2' >> -475 W
[11:00:04.668][S][sensor]: 'Shelly Real Current L3' >> 3.12 A
[11:00:04.668][S][sensor]: 'TWC Vitals Vehicle Current' >> 0.20 A
[11:00:04.669][S][sensor]: 'Shelly Real Current L2' >> 2.05 A
[11:00:04.789][S][sensor]: 'TWC Time Since Last Poll' >> 185 ms
[11:00:04.789][S][sensor]: 'TWC Reported Current L1' >> 12.0 A
[11:00:04.914][I][vitals:883]: TWC vitals: A=0.00 B=0.00 C=0.20 vehicle=0.20 contactor=open
[11:00:04.923][S][sensor]: 'TWC Vitals Current L2' >> 0.00 A
[11:00:04.923][S][sensor]: 'TWC Poll Interval' >> 193 ms
[11:00:04.954][I][csv:715]: 1813109,AGG,2.94,2.05,3.12,-2.00,-2.00,-3.00,-2.00,-2.00,-3.00,-2.00,-2.00,-3.20,2.40,-2.00,11.60,11.65,0.00,0.00,0.00,0.20,0.20,0,0
[11:00:04.989][I][csv:715]: 1813144,AGG,3.20,2.05,3.12,-3.00,-2.00,-3.00,-3.00,-2.00,-3.00,-3.00,-2.00,-3.20,2.43,-2.00,11.57,11.62,0.00,0.00,0.00,0.20,0.20,0,0
[11:00:05.162][I][csv:715]: 1813317,AGG,3.20,2.05,3.12,-3.00,-2.00,-3.00,-3.00,-2.00,-3.00,-3.00,-2.00,-3.20,2.61,-2.00,11.39,11.44,0.00,0.00,0.00,0.20,0.20,0,0
[11:00:05.169][I][csv:715]: 1813321,AGG,3.20,2.33,3.12,-3.00,-2.00,-3.00,-3.00,-2.00,-3.00,-3.00,-2.00,-3.20,2.61,-2.00,11.39,11.44,0.00,0.00,0.00,0.20,0.20,0,0
[11:00:05.174][I][csv:715]: 1813325,AGG,3.20,2.33,3.12,-3.00,-2.00,-3.00,-3.00,-2.00,-3.00,-3.00,-2.00,-3.20,2.62,-2.00,11.38,11.43,0.00,0.00,0.00,0.20,0.20,0,0
[11:00:05.203][I][csv:715]: 1813357,AGG,3.20,2.33,3.12,-3.00,-2.00,-3.00,-3.00,-2.00,-3.00,-3.00,-2.00,-3.20,2.65,-2.00,11.35,11.40,0.00,0.00,0.00,0.20,0.20,0,0
[11:00:05.370][I][csv:715]: 1813524,AGG,3.20,2.33,3.45,-3.00,-2.00,-3.00,-3.00,-2.00,-3.00,-3.00,-2.00,-3.20,2.73,-2.00,11.27,11.22,0.00,0.00,0.00,0.20,0.20,0,0
[11:00:06.088][I][csv:715]: 1814240,AGG,3.20,2.33,3.45,-3.00,-2.00,-3.00,-3.00,-2.00,-3.00,-3.00,-2.00,-3.20,2.73,-2.00,11.27,11.32,0.00,0.00,0.00,0.20,0.20,0,0
[11:00:06.100][I][csv:715]: 1814245,AGG,3.54,2.33,3.45,-3.00,-2.00,-3.00,-3.00,-2.00,-3.00,-3.00,-2.00,-3.20,2.73,-2.00,11.27,11.32,0.00,0.00,0.00,0.20,0.20,0,0
[11:00:06.101][I][csv:715]: 1814248,AGG,3.54,2.33,3.45,-3.00,-2.00,-3.00,-3.00,-2.00,-3.00,-3.00,-2.00,-3.20,2.73,-2.00,11.27,11.32,0.00,0.00,0.00,0.20,0.20,0,0
[11:00:06.101][I][csv:715]: 1814250,AGG,3.54,2.68,3.45,-3.00,-2.00,-3.00,-3.00,-2.00,-3.00,-3.00,-2.00,-3.20,2.73,-2.00,11.27,11.32,0.00,0.00,0.00,0.20,0.20,0,0
[11:00:06.109][I][csv:715]: 1814262,AGG,3.54,2.68,3.45,-3.00,-2.00,-3.00,-3.00,-2.00,-3.00,-3.00,-2.00,-3.20,2.73,-2.00,11.27,11.32,0.00,0.00,0.00,0.20,0.20,0,0
[11:00:06.164][S][sensor]: 'Shelly Active Power L1' >> -738 W
[11:00:06.164][S][sensor]: 'TWC Vitals Current L1' >> 0.00 A
[11:00:06.164][S][sensor]: 'TWC Vitals Current L3' >> 0.20 A
[11:00:06.202][I][csv:715]: 1814357,AGG,3.54,2.68,3.45,-3.00,-2.00,-3.00,-3.00,-2.00,-3.00,-3.00,-2.00,-3.20,2.73,-2.00,11.27,11.32,0.00,0.00,0.00,0.20,0.20,0,0
[11:00:06.328][S][sensor]: 'Shelly Time Since Last OK' >> 107 ms
[11:00:06.328][S][sensor]: 'Shelly Active Power L3' >> -793 W
[11:00:06.336][I][csv:715]: 1814486,AGG,3.54,2.68,3.68,-3.00,-2.00,-3.00,-3.00,-2.00,-3.00,-3.00,-2.00,-3.20,2.73,-2.00,11.27,11.32,0.00,0.00,0.00,0.20,0.20,0,0
[11:00:06.506][S][sensor]: 'Shelly Real Current L1' >> 3.54 A
[11:00:06.506][S][sensor]: 'Shelly Active Power L2' >> -617 W
[11:00:06.668][S][sensor]: 'TWC Vitals Vehicle Current' >> 0.20 A
[11:00:06.668][S][sensor]: 'Shelly Real Current L3' >> 3.68 A
[11:00:06.668][S][sensor]: 'Shelly Real Current L2' >> 2.68 A
[11:00:06.793][S][sensor]: 'TWC Time Since Last Poll' >> 149 ms
[11:00:06.914][I][vitals:883]: TWC vitals: A=0.00 B=0.00 C=0.20 vehicle=0.20 contactor=open
[11:00:06.922][S][sensor]: 'TWC Vitals Current L2' >> 0.00 A
[11:00:06.922][S][sensor]: 'TWC Poll Interval' >> 193 ms
[11:00:06.966][I][csv:715]: 1815119,AGG,3.54,2.68,3.68,-3.00,-2.00,-3.00,-3.00,-2.00,-3.00,-3.00,-2.00,-3.20,2.73,-2.00,11.27,11.32,0.00,0.00,0.00,0.20,0.20,0,0
[11:00:06.989][I][csv:715]: 1815142,AGG,3.81,2.68,3.68,-3.00,-2.00,-3.00,-3.00,-2.00,-3.00,-3.00,-2.00,-3.20,2.73,-2.00,11.27,11.32,0.00,0.00,0.00,0.20,0.20,0,0
[11:00:07.122][I][csv:715]: 1815277,AGG,3.81,2.68,3.68,-3.00,-2.00,-3.00,-3.00,-2.00,-3.00,-3.00,-2.00,-3.20,2.73,-2.00,11.27,11.32,0.00,0.00,0.00,0.20,0.20,0,0
[11:00:07.131][I][csv:715]: 1815281,AGG,3.81,2.99,3.68,-3.00,-2.00,-3.00,-3.00,-2.00,-3.00,-3.00,-2.00,-3.20,2.73,-2.00,11.27,11.32,0.00,0.00,0.00,0.20,0.20,0,0
[11:00:07.139][I][csv:715]: 1815286,AGG,3.81,2.99,3.68,-3.00,-2.00,-3.00,-3.00,-2.00,-3.00,-3.00,-2.00,-3.20,2.73,-2.00,11.27,11.32,0.00,0.00,0.00,0.20,0.20,0,0
[11:00:07.202][I][csv:715]: 1815357,AGG,3.81,2.99,3.68,-3.00,-2.00,-3.00,-3.00,-2.00,-3.00,-3.00,-2.00,-3.20,2.73,-2.00,11.27,11.32,0.00,0.00,0.00,0.20,0.20,0,0
[11:00:07.418][I][csv:715]: 1815572,AGG,3.81,2.99,3.59,-3.00,-2.00,-3.00,-3.00,-2.00,-3.00,-3.00,-2.00,-3.20,2.73,-2.00,11.27,11.22,0.00,0.00,0.00,0.20,0.20,0,0
[11:00:08.032][I][csv:715]: 1816184,AGG,3.81,2.99,3.59,-3.00,-2.00,-3.00,-3.00,-2.00,-3.00,-3.00,-2.00,-3.20,2.73,-2.00,11.27,11.32,0.00,0.00,0.00,0.20,0.20,0,0
[11:00:08.042][I][csv:715]: 1816189,AGG,3.71,2.99,3.59,-3.00,-2.00,-3.00,-3.00,-2.00,-3.00,-3.00,-2.00,-3.20,2.73,-2.00,11.27,11.32,0.00,0.00,0.00,0.20,0.20,0,0
[11:00:08.076][I][csv:715]: 1816228,AGG,3.71,2.99,3.59,-3.00,-2.00,-3.00,-3.00,-2.00,-3.00,-3.00,-2.00,-3.20,2.73,-2.00,11.27,11.32,0.00,0.00,0.00,0.20,0.20,0,0
[11:00:08.096][I][csv:715]: 1816248,AGG,3.71,2.82,3.59,-3.00,-2.00,-3.00,-3.00,-2.00,-3.00,-3.00,-2.00,-3.20,2.73,-2.00,11.27,11.32,0.00,0.00,0.00,0.20,0.20,0,0
[11:00:08.134][I][csv:715]: 1816290,AGG,3.71,2.82,3.59,-3.00,-2.00,-3.00,-3.00,-2.00,-3.00,-3.00,-2.00,-3.20,2.73,-2.00,11.27,11.32,0.00,0.00,0.00,0.20,0.20,0,0
[11:00:08.172][S][sensor]: 'Shelly Active Power L1' >> -871 W
[11:00:08.172][S][sensor]: 'TWC Vitals Current L1' >> 0.00 A
[11:00:08.172][S][sensor]: 'TWC Vitals Current L3' >> 0.20 A
[11:00:08.224][I][csv:715]: 1816357,AGG,3.71,2.82,3.59,-3.00,-2.00,-3.00,-3.00,-2.00,-3.00,-3.00,-2.00,-3.20,2.73,-2.00,11.27,11.32,0.00,0.00,0.00,0.20,0.20,0,0
[11:00:08.328][S][sensor]: 'Shelly Time Since Last OK' >> 79 ms
[11:00:08.328][S][sensor]: 'Shelly Active Power L3' >> -836 W
[11:00:08.355][I][csv:715]: 1816510,AGG,3.71,2.82,3.44,-3.00,-2.00,-3.00,-3.00,-2.00,-3.00,-3.00,-2.00,-3.20,2.73,-2.00,11.27,11.22,0.00,0.00,0.00,0.20,0.20,0,0
[11:00:08.516][S][sensor]: 'Shelly Real Current L1' >> 3.71 A
[11:00:08.516][S][sensor]: 'Shelly Active Power L2' >> -623 W
[11:00:08.668][S][sensor]: 'Shelly Real Current L3' >> 3.44 A
[11:00:08.669][S][sensor]: 'TWC Vitals Vehicle Current' >> 0.20 A
[11:00:08.669][S][sensor]: 'Shelly Real Current L2' >> 2.82 A
[11:00:08.796][S][sensor]: 'TWC Time Since Last Poll' >> 20 ms
[11:00:08.923][I][vitals:883]: TWC vitals: A=0.00 B=0.00 C=0.20 vehicle=0.20 contactor=open
[11:00:08.936][S][sensor]: 'TWC Poll Interval' >> 193 ms
[11:00:08.936][S][sensor]: 'TWC Vitals Current L2' >> 0.00 A
[11:00:08.977][I][csv:715]: 1817132,AGG,3.71,2.82,3.44,-3.00,-2.00,-3.00,-3.00,-2.00,-3.00,-3.00,-2.00,-3.20,2.73,-2.00,11.27,11.32,0.00,0.00,0.00,0.20,0.20,0,0
[11:00:09.006][I][csv:715]: 1817160,AGG,3.59,2.82,3.44,-3.00,-2.00,-3.00,-3.00,-2.00,-3.00,-3.00,-2.00,-3.20,2.73,-2.00,11.27,11.32,0.00,0.00,0.00,0.20,0.20,0,0
[11:00:09.158][S][sensor]: 'TWC Reported Current L2' >> 11.3 A
[11:00:09.158][S][sensor]: 'TWC Reported Current L3' >> 11.3 A
[11:00:09.163][I][csv:715]: 1817312,AGG,3.59,2.82,3.44,-3.00,-2.00,-3.00,-3.00,-2.00,-3.00,-3.00,-2.00,-3.20,2.73,-2.00,11.27,11.32,0.00,0.00,0.00,0.20,0.20,0,0
[11:00:09.164][I][csv:715]: 1817316,AGG,3.59,2.74,3.44,-3.00,-2.00,-3.00,-3.00,-2.00,-3.00,-3.00,-2.00,-3.20,2.73,-2.00,11.27,11.32,0.00,0.00,0.00,0.20,0.20,0,0
[11:00:09.168][I][csv:715]: 1817319,AGG,3.59,2.74,3.44,-3.00,-2.00,-3.00,-3.00,-2.00,-3.00,-3.00,-2.00,-3.20,2.73,-2.00,11.27,11.32,0.00,0.00,0.00,0.20,0.20,0,0
[11:00:09.205][I][csv:715]: 1817357,AGG,3.59,2.74,3.44,-3.00,-2.00,-3.00,-3.00,-2.00,-3.00,-3.00,-2.00,-3.20,2.73,-2.00,11.27,11.32,0.00,0.00,0.00,0.20,0.20,0,0
[11:00:09.359][I][csv:715]: 1817514,AGG,3.59,2.74,3.26,-3.00,-2.00,-3.00,-3.00,-2.00,-3.00,-3.00,-2.00,-3.20,2.73,-2.00,11.27,11.22,0.00,0.00,0.00,0.20,0.20,0,0
[11:00:09.828][S][sensor]: 'TWC Reported Current L1' >> 11.2 A
[11:00:10.078][I][csv:715]: 1818232,AGG,3.59,2.74,3.26,-3.00,-2.00,-3.00,-3.00,-2.00,-3.00,-3.00,-2.00,-3.20,2.73,-2.00,11.27,11.32,0.00,0.00,0.00,0.20,0.20,0,0
[11:00:10.088][I][csv:715]: 1818236,AGG,3.36,2.74,3.26,-3.00,-2.00,-3.00,-3.00,-2.00,-3.00,-3.00,-2.00,-3.20,2.73,-2.00,11.27,11.32,0.00,0.00,0.00,0.20,0.20,0,0
[11:00:10.094][I][csv:715]: 1818241,AGG,3.36,2.74,3.26,-3.00,-2.00,-3.00,-3.00,-2.00,-3.00,-3.00,-2.00,-3.20,2.73,-2.00,11.27,11.32,0.00,0.00,0.00,0.20,0.20,0,0
[11:00:10.140][I][csv:715]: 1818293,AGG,3.36,2.26,3.26,-3.00,-2.00,-3.00,-3.00,-2.00,-3.00,-3.00,-2.00,-3.20,2.73,-2.00,11.27,11.32,0.00,0.00,0.00,0.20,0.20,0,0
[11:00:10.156][I][csv:715]: 1818308,AGG,3.36,2.26,3.26,-3.00,-2.00,-3.00,-3.00,-2.00,-3.00,-3.00,-2.00,-3.20,2.73,-2.00,11.27,11.32,0.00,0.00,0.00,0.20,0.20,0,0
[11:00:10.173][S][sensor]: 'Shelly Active Power L1' >> -805 W
[11:00:10.173][S][sensor]: 'TWC Vitals Current L1' >> 0.00 A
[11:00:10.174][S][sensor]: 'TWC Vitals Current L3' >> 0.20 A
[11:00:10.202][I][csv:715]: 1818357,AGG,3.36,2.26,3.26,-3.00,-2.00,-3.00,-3.00,-2.00,-3.00,-3.00,-2.00,-3.20,2.73,-2.00,11.27,11.32,0.00,0.00,0.00,0.20,0.20,0,0
[11:00:10.331][S][sensor]: 'Shelly Time Since Last OK' >> 62 ms
[11:00:10.331][S][sensor]: 'Shelly Active Power L3' >> -754 W
[11:00:10.338][I][csv:715]: 1818491,AGG,3.36,2.26,3.03,-3.00,-2.00,-3.00,-3.00,-2.00,-3.00,-3.00,-2.00,-3.20,2.73,-2.00,11.27,11.32,0.00,0.00,0.00,0.20,0.20,0,0
[11:00:10.517][S][sensor]: 'Shelly Real Current L1' >> 3.36 A
[11:00:10.517][S][sensor]: 'Shelly Active Power L2' >> -526 W
[11:00:10.665][S][sensor]: 'Shelly Real Current L3' >> 3.03 A
[11:00:10.665][S][sensor]: 'TWC Vitals Vehicle Current' >> 0.20 A
[11:00:10.665][S][sensor]: 'Shelly Real Current L2' >> 2.26 A
[11:00:10.794][S][sensor]: 'TWC Time Since Last Poll' >> 170 ms
[11:00:10.917][I][vitals:883]: TWC vitals: A=0.00 B=0.00 C=0.20 vehicle=0.20 contactor=open
[11:00:10.928][S][sensor]: 'TWC Poll Interval' >> 182 ms
[11:00:10.928][S][sensor]: 'TWC Vitals Current L2' >> 0.00 A
[11:00:10.989][I][csv:715]: 1819141,AGG,3.36,2.26,3.03,-3.00,-2.00,-3.00,-3.00,-2.00,-3.00,-3.00,-2.00,-3.20,2.73,-2.00,11.27,11.32,0.00,0.00,0.00,0.20,0.20,0,0
[11:00:11.029][I][csv:715]: 1819181,AGG,3.14,2.26,3.03,-3.00,-2.00,-3.00,-3.00,-2.00,-3.00,-3.00,-2.00,-3.20,2.73,-2.00,11.27,11.32,0.00,0.00,0.00,0.20,0.20,0,0
[11:00:11.092][I][csv:715]: 1819243,AGG,3.14,2.26,3.03,-3.00,-2.00,-3.00,-3.00,-2.00,-3.00,-3.00,-2.00,-3.20,2.73,-2.00,11.27,11.32,0.00,0.00,0.00,0.20,0.20,0,0
[11:00:11.148][I][csv:715]: 1819302,AGG,3.14,2.25,3.03,-3.00,-2.00,-3.00,-3.00,-2.00,-3.00,-3.00,-2.00,-3.20,2.73,-2.00,11.27,11.32,0.00,0.00,0.00,0.20,0.20,0,0
[11:00:11.161][I][csv:715]: 1819316,AGG,3.14,2.25,3.03,-3.00,-2.00,-3.00,-3.00,-2.00,-3.00,-3.00,-2.00,-3.20,2.73,-2.00,11.27,11.32,0.00,0.00,0.00,0.20,0.20,0,0
[11:00:11.202][I][csv:715]: 1819357,AGG,3.14,2.25,3.03,-3.00,-2.00,-3.00,-3.00,-2.00,-3.00,-3.00,-2.00,-3.20,2.73,-2.00,11.27,11.32,0.00,0.00,0.00,0.20,0.20,0,0
[11:00:11.409][I][csv:715]: 1819564,AGG,3.14,2.25,3.02,-3.00,-2.00,-3.00,-3.00,-2.00,-3.00,-3.00,-2.00,-3.20,2.73,-2.00,11.27,11.22,0.00,0.00,0.00,0.20,0.20,0,0
[11:00:12.024][I][csv:715]: 1820177,AGG,3.14,2.25,3.02,-3.00,-2.00,-3.00,-3.00,-2.00,-3.00,-3.00,-2.00,-3.20,2.73,-2.00,11.27,11.32,0.00,0.00,0.00,0.20,0.20,0,0
[11:00:12.031][I][csv:715]: 1820187,AGG,3.12,2.25,3.02,-3.00,-2.00,-3.00,-3.00,-2.00,-3.00,-3.00,-2.00,-3.20,2.73,-2.00,11.27,11.32,0.00,0.00,0.00,0.20,0.20,0,0
[11:00:12.160][I][csv:715]: 1820312,AGG,3.12,2.25,3.02,-3.00,-2.00,-3.00,-3.00,-2.00,-3.00,-3.00,-2.00,-3.20,2.73,-2.00,11.27,11.32,0.00,0.00,0.00,0.20,0.20,0,0
[11:00:12.168][I][csv:715]: 1820317,AGG,3.12,2.27,3.02,-3.00,-2.00,-3.00,-3.00,-2.00,-3.00,-3.00,-2.00,-3.20,2.73,-2.00,11.27,11.32,0.00,0.00,0.00,0.20,0.20,0,0
[11:00:12.169][S][sensor]: 'Shelly Active Power L1' >> -723 W
[11:00:12.169][S][sensor]: 'TWC Vitals Current L1' >> 0.00 A
[11:00:12.169][S][sensor]: 'TWC Vitals Current L3' >> 0.20 A
[11:00:12.179][I][csv:715]: 1820333,AGG,3.12,2.27,3.02,-3.00,-2.00,-3.00,-3.00,-2.00,-3.00,-3.00,-2.00,-3.20,2.73,-2.00,11.27,11.32,0.00,0.00,0.00,0.20,0.20,0,0
[11:00:12.203][I][csv:715]: 1820357,AGG,3.12,2.27,3.02,-3.00,-2.00,-3.00,-3.00,-2.00,-3.00,-3.00,-2.00,-3.20,2.73,-2.00,11.27,11.32,0.00,0.00,0.00,0.20,0.20,0,0
[11:00:12.329][S][sensor]: 'Shelly Time Since Last OK' >> 37 ms
[11:00:12.329][S][sensor]: 'Shelly Active Power L3' >> -698 W
[11:00:12.364][I][csv:715]: 1820517,AGG,3.12,2.27,2.95,-3.00,-2.00,-2.00,-3.00,-2.00,-2.00,-3.00,-2.00,-2.20,2.57,-2.00,11.43,11.38,0.00,0.00,0.00,0.20,0.20,0,0
[11:00:12.510][S][sensor]: 'Shelly Real Current L1' >> 3.12 A
[11:00:12.510][S][sensor]: 'Shelly Active Power L2' >> -535 W
[11:00:12.658][S][sensor]: 'Shelly Real Current L3' >> 2.95 A
[11:00:12.659][S][sensor]: 'TWC Vitals Vehicle Current' >> 0.20 A
[11:00:12.659][S][sensor]: 'Shelly Real Current L2' >> 2.27 A
[11:00:12.788][S][sensor]: 'TWC Time Since Last Poll' >> 19 ms
[11:00:12.917][I][vitals:883]: TWC vitals: A=0.00 B=0.00 C=0.20 vehicle=0.20 contactor=open
[11:00:12.925][S][sensor]: 'TWC Poll Interval' >> 203 ms
[11:00:12.925][S][sensor]: 'TWC Vitals Current L2' >> 0.00 A
[11:00:13.084][I][csv:715]: 1821239,AGG,3.12,2.27,2.95,-3.00,-2.00,-2.00,-3.00,-2.00,-2.00,-3.00,-2.00,-2.20,2.40,-2.00,11.60,11.65,0.00,0.00,0.00,0.20,0.20,0,0
[11:00:13.091][I][csv:715]: 1821243,AGG,3.06,2.27,2.95,-3.00,-2.00,-2.00,-3.00,-2.00,-2.00,-3.00,-2.00,-2.20,2.40,-2.00,11.60,11.65,0.00,0.00,0.00,0.20,0.20,0,0
[11:00:13.133][I][csv:715]: 1821284,AGG,3.06,2.27,2.95,-3.00,-2.00,-2.00,-3.00,-2.00,-2.00,-3.00,-2.00,-2.20,2.40,-2.00,11.60,11.65,0.00,0.00,0.00,0.20,0.20,0,0
[11:00:13.155][I][csv:715]: 1821308,AGG,3.06,2.18,2.95,-3.00,-2.00,-2.00,-3.00,-2.00,-2.00,-3.00,-2.00,-2.20,2.40,-2.00,11.60,11.65,0.00,0.00,0.00,0.20,0.20,0,0
[11:00:13.184][I][csv:715]: 1821337,AGG,3.06,2.18,2.95,-3.00,-2.00,-2.00,-3.00,-2.00,-2.00,-3.00,-2.00,-2.20,2.40,-2.00,11.60,11.65,0.00,0.00,0.00,0.20,0.20,0,0
[11:00:13.204][I][csv:715]: 1821357,AGG,3.06,2.18,2.95,-3.00,-2.00,-2.00,-3.00,-2.00,-2.00,-3.00,-2.00,-2.20,2.40,-2.00,11.60,11.65,0.00,0.00,0.00,0.20,0.20,0,0
[11:00:13.415][I][csv:715]: 1821569,AGG,3.06,2.18,2.94,-3.00,-2.00,-2.00,-3.00,-2.00,-2.00,-3.00,-2.00,-2.20,2.40,-2.00,11.60,11.55,0.00,0.00,0.00,0.20,0.20,0,0
[11:00:14.074][I][csv:715]: 1822228,AGG,3.06,2.18,2.94,-3.00,-2.00,-2.00,-3.00,-2.00,-2.00,-3.00,-2.00,-2.20,2.40,-2.00,11.60,11.65,0.00,0.00,0.00,0.20,0.20,0,0
[11:00:14.079][I][csv:715]: 1822231,AGG,3.05,2.18,2.94,-3.00,-2.00,-2.00,-3.00,-2.00,-2.00,-3.00,-2.00,-2.20,2.40,-2.00,11.60,11.65,0.00,0.00,0.00,0.20,0.20,0,0
[11:00:14.136][I][csv:715]: 1822291,AGG,3.05,2.18,2.94,-3.00,-2.00,-2.00,-3.00,-2.00,-2.00,-3.00,-2.00,-2.20,2.40,-2.00,11.60,11.65,0.00,0.00,0.00,0.20,0.20,0,0
[11:00:14.155][S][sensor]: 'TWC Reported Current L3' >> 11.6 A
[11:00:14.156][S][sensor]: 'TWC Reported Current L2' >> 11.6 A
[11:00:14.156][S][sensor]: 'Shelly Active Power L1' >> -698 W
[11:00:14.156][S][sensor]: 'TWC Vitals Current L1' >> 0.00 A
[11:00:14.156][S][sensor]: 'TWC Vitals Current L3' >> 0.20 A
[11:00:14.162][I][csv:715]: 1822314,AGG,3.05,2.29,2.94,-3.00,-2.00,-2.00,-3.00,-2.00,-2.00,-3.00,-2.00,-2.20,2.40,-2.00,11.60,11.65,0.00,0.00,0.00,0.20,0.20,0,0
[11:00:14.204][I][csv:715]: 1822357,AGG,3.05,2.29,2.94,-3.00,-2.00,-2.00,-3.00,-2.00,-2.00,-3.00,-2.00,-2.20,2.40,-2.00,11.60,11.65,0.00,0.00,0.00,0.20,0.20,0,0
[11:00:14.268][I][csv:715]: 1822420,AGG,3.05,2.29,2.94,-3.00,-2.00,-2.00,-3.00,-2.00,-2.00,-3.00,-2.00,-2.20,2.40,-2.00,11.60,11.65,0.00,0.00,0.00,0.20,0.20,0,0
[11:00:14.324][S][sensor]: 'Shelly Time Since Last OK' >> 56 ms
[11:00:14.324][S][sensor]: 'Shelly Active Power L3' >> -683 W
[11:00:14.363][I][csv:715]: 1822516,AGG,3.05,2.29,2.98,-3.00,-2.00,-2.00,-3.00,-2.00,-2.00,-3.00,-2.00,-2.20,2.40,-2.00,11.60,11.55,0.00,0.00,0.00,0.20,0.20,0,0
[11:00:14.504][S][sensor]: 'Shelly Real Current L1' >> 3.05 A
[11:00:14.505][S][sensor]: 'Shelly Active Power L2' >> -536 W
[11:00:14.685][S][sensor]: 'Shelly Real Current L3' >> 2.98 A
[11:00:14.685][S][sensor]: 'TWC Vitals Vehicle Current' >> 0.20 A
[11:00:14.685][S][sensor]: 'Shelly Real Current L2' >> 2.29 A
[11:00:14.799][S][sensor]: 'TWC Time Since Last Poll' >> 79 ms
[11:00:14.799][S][sensor]: 'TWC Reported Current L1' >> 11.6 A
[11:00:14.921][I][vitals:883]: TWC vitals: A=0.00 B=0.00 C=0.20 vehicle=0.20 contactor=open
[11:00:14.930][S][sensor]: 'TWC Poll Interval' >> 187 ms
[11:00:14.930][S][sensor]: 'TWC Vitals Current L2' >> 0.00 A
[11:00:15.012][I][csv:715]: 1823167,AGG,3.05,2.29,2.98,-3.00,-2.00,-2.00,-3.00,-2.00,-2.00,-3.00,-2.00,-2.20,2.40,-2.00,11.60,11.65,0.00,0.00,0.00,0.20,0.20,0,0
[11:00:15.048][I][csv:715]: 1823200,AGG,3.08,2.29,2.98,-3.00,-2.00,-2.00,-3.00,-2.00,-2.00,-3.00,-2.00,-2.20,2.40,-2.00,11.60,11.65,0.00,0.00,0.00,0.20,0.20,0,0
[11:00:15.199][I][csv:715]: 1823352,AGG,3.08,2.29,2.98,-3.00,-2.00,-2.00,-3.00,-2.00,-2.00,-3.00,-2.00,-2.20,2.40,-2.00,11.60,11.65,0.00,0.00,0.00,0.20,0.20,0,0
[11:00:15.201][I][csv:715]: 1823356,AGG,3.08,2.13,2.98,-3.00,-2.00,-2.00,-3.00,-2.00,-2.00,-3.00,-2.00,-2.20,2.40,-2.00,11.60,11.65,0.00,0.00,0.00,0.20,0.20,0,0
[11:00:15.208][I][csv:715]: 1823361,AGG,3.08,2.13,2.98,-3.00,-2.00,-2.00,-3.00,-2.00,-2.00,-3.00,-2.00,-2.20,2.40,-2.00,11.60,11.65,0.00,0.00,0.00,0.20,0.20,0,0
[11:00:15.346][I][csv:715]: 1823496,AGG,3.08,2.13,2.98,-3.00,-2.00,-2.00,-3.00,-2.00,-2.00,-3.00,-2.00,-2.20,2.40,-2.00,11.60,11.65,0.00,0.00,0.00,0.20,0.20,0,0
[11:00:15.370][I][csv:715]: 1823525,AGG,3.08,2.13,2.90,-3.00,-2.00,-2.00,-3.00,-2.00,-2.00,-3.00,-2.00,-2.20,2.40,-2.00,11.60,11.55,0.00,0.00,0.00,0.20,0.20,0,0
[11:00:16.120][I][csv:715]: 1824275,AGG,3.08,2.13,2.90,-3.00,-2.00,-2.00,-3.00,-2.00,-2.00,-3.00,-2.00,-2.20,2.40,-2.00,11.60,11.65,0.00,0.00,0.00,0.20,0.20,0,0
[11:00:16.129][I][csv:715]: 1824279,AGG,3.02,2.13,2.90,-3.00,-2.00,-2.00,-3.00,-2.00,-2.00,-3.00,-2.00,-2.20,2.40,-2.00,11.60,11.65,0.00,0.00,0.00,0.20,0.20,0,0
[11:00:16.147][I][csv:715]: 1824302,AGG,3.02,2.13,2.90,-3.00,-2.00,-2.00,-3.00,-2.00,-2.00,-3.00,-2.00,-2.20,2.40,-2.00,11.60,11.65,0.00,0.00,0.00,0.20,0.20,0,0
[11:00:16.168][I][csv:715]: 1824323,AGG,3.02,2.23,2.90,-3.00,-2.00,-2.00,-3.00,-2.00,-2.00,-3.00,-2.00,-2.20,2.40,-2.00,11.60,11.65,0.00,0.00,0.00,0.20,0.20,0,0
[11:00:16.181][S][sensor]: 'Shelly Active Power L1' >> -687 W
[11:00:16.182][S][sensor]: 'TWC Vitals Current L1' >> 0.00 A
[11:00:16.182][S][sensor]: 'TWC Vitals Current L3' >> 0.20 A
[11:00:16.210][I][csv:715]: 1824361,AGG,3.02,2.23,2.90,-3.00,-2.00,-2.00,-3.00,-2.00,-2.00,-3.00,-2.00,-2.20,2.40,-2.00,11.60,11.65,0.00,0.00,0.00,0.20,0.20,0,0
[11:00:16.327][S][sensor]: 'Shelly Time Since Last OK' >> 47 ms
[11:00:16.327][S][sensor]: 'Shelly Active Power L3' >> -672 W
[11:00:16.375][I][csv:715]: 1824524,AGG,3.02,2.23,2.90,-3.00,-2.00,-2.00,-3.00,-2.00,-2.00,-3.00,-2.00,-2.20,2.40,-2.00,11.60,11.55,0.00,0.00,0.00,0.20,0.20,0,0
[11:00:16.380][I][csv:715]: 1824530,AGG,3.02,2.23,2.91,-3.00,-2.00,-2.00,-3.00,-2.00,-2.00,-3.00,-2.00,-2.20,2.40,-2.00,11.60,11.55,0.00,0.00,0.00,0.20,0.20,0,0
[11:00:16.508][S][sensor]: 'Shelly Real Current L1' >> 3.02 A
[11:00:16.508][S][sensor]: 'Shelly Active Power L2' >> -519 W
[11:00:16.670][S][sensor]: 'TWC Vitals Vehicle Current' >> 0.20 A
[11:00:16.671][S][sensor]: 'Shelly Real Current L3' >> 2.91 A
[11:00:16.671][S][sensor]: 'Shelly Real Current L2' >> 2.23 A
[11:00:16.804][S][sensor]: 'TWC Time Since Last Poll' >> 48 ms
[11:00:16.922][I][vitals:883]: TWC vitals: A=0.00 B=0.00 C=0.20 vehicle=0.20 contactor=open
[11:00:16.926][S][sensor]: 'TWC Vitals Current L2' >> 0.00 A
[11:00:16.926][S][sensor]: 'TWC Poll Interval' >> 193 ms
[11:00:17.146][I][csv:715]: 1825297,AGG,3.02,2.23,2.91,-3.00,-2.00,-2.00,-3.00,-2.00,-2.00,-3.00,-2.00,-2.20,2.40,-2.00,11.60,11.65,0.00,0.00,0.00,0.20,0.20,0,0
[11:00:17.157][I][csv:715]: 1825301,AGG,3.03,2.23,2.91,-3.00,-2.00,-2.00,-3.00,-2.00,-2.00,-3.00,-2.00,-2.20,2.40,-2.00,11.60,11.65,0.00,0.00,0.00,0.20,0.20,0,0
[11:00:17.163][I][csv:715]: 1825312,AGG,3.03,2.23,2.91,-3.00,-2.00,-2.00,-3.00,-2.00,-2.00,-3.00,-2.00,-2.20,2.40,-2.00,11.60,11.65,0.00,0.00,0.00,0.20,0.20,0,0
[11:00:17.171][I][csv:715]: 1825326,AGG,3.03,2.10,2.91,-3.00,-2.00,-2.00,-3.00,-2.00,-2.00,-3.00,-2.00,-2.20,2.40,-2.00,11.60,11.65,0.00,0.00,0.00,0.20,0.20,0,0
[11:00:17.210][I][csv:715]: 1825361,AGG,3.03,2.10,2.91,-3.00,-2.00,-2.00,-3.00,-2.00,-2.00,-3.00,-2.00,-2.20,2.40,-2.00,11.60,11.65,0.00,0.00,0.00,0.20,0.20,0,0
[11:00:17.347][I][csv:715]: 1825502,AGG,3.03,2.10,2.91,-3.00,-2.00,-2.00,-3.00,-2.00,-2.00,-3.00,-2.00,-2.20,2.40,-2.00,11.60,11.55,0.00,0.00,0.00,0.20,0.20,0,0
[11:00:17.380][I][csv:715]: 1825534,AGG,3.03,2.10,2.88,-3.00,-2.00,-2.00,-3.00,-2.00,-2.00,-3.00,-2.00,-2.20,2.40,-2.00,11.60,11.55,0.00,0.00,0.00,0.20,0.20,0,0
[11:00:18.071][I][csv:715]: 1826219,AGG,3.03,2.10,2.88,-3.00,-2.00,-2.00,-3.00,-2.00,-2.00,-3.00,-2.00,-2.20,2.40,-2.00,11.60,11.65,0.00,0.00,0.00,0.20,0.20,0,0
[11:00:18.080][I][csv:715]: 1826223,AGG,2.99,2.10,2.88,-2.00,-2.00,-2.00,-2.00,-2.00,-2.00,-2.00,-2.00,-2.20,2.40,-2.00,11.60,11.65,0.00,0.00,0.00,0.20,0.20,0,0
[11:00:18.182][S][sensor]: 'Shelly Active Power L1' >> -681 W
[11:00:18.183][S][sensor]: 'TWC Vitals Current L1' >> 0.00 A
[11:00:18.183][S][sensor]: 'TWC Vitals Current L3' >> 0.20 A
[11:00:18.218][I][csv:715]: 1826361,AGG,2.99,2.10,2.88,-2.00,-2.00,-2.00,-2.00,-2.00,-2.00,-2.00,-2.00,-2.20,2.26,-2.00,11.74,11.79,0.00,0.00,0.00,0.20,0.20,0,0
[11:00:18.227][I][csv:715]: 1826376,AGG,2.99,2.10,2.88,-2.00,-2.00,-2.00,-2.00,-2.00,-2.00,-2.00,-2.00,-2.20,2.24,-2.00,11.76,11.81,0.00,0.00,0.00,0.20,0.20,0,0
[11:00:18.233][I][csv:715]: 1826379,AGG,2.99,2.19,2.88,-2.00,-2.00,-2.00,-2.00,-2.00,-2.00,-2.00,-2.00,-2.20,2.24,-2.00,11.76,11.81,0.00,0.00,0.00,0.20,0.20,0,0
[11:00:18.289][I][csv:715]: 1826444,AGG,2.99,2.19,2.88,-2.00,-2.00,-2.00,-2.00,-2.00,-2.00,-2.00,-2.00,-2.20,2.17,-2.00,11.83,11.88,0.00,0.00,0.00,0.20,0.20,0,0
[11:00:18.325][S][sensor]: 'Shelly Time Since Last OK' >> 147 ms
[11:00:18.325][S][sensor]: 'Shelly Active Power L3' >> -670 W
[11:00:18.476][I][csv:715]: 1826630,AGG,2.99,2.19,2.86,-2.00,-2.00,-2.00,-2.00,-2.00,-2.00,-2.00,-2.00,-2.20,2.07,-2.00,11.93,11.88,0.00,0.00,0.00,0.20,0.20,0,0
[11:00:18.511][S][sensor]: 'Shelly Real Current L1' >> 2.99 A
[11:00:18.511][S][sensor]: 'Shelly Active Power L2' >> -503 W
[11:00:18.671][S][sensor]: 'TWC Vitals Vehicle Current' >> 0.20 A
[11:00:18.671][S][sensor]: 'Shelly Real Current L3' >> 2.86 A
[11:00:18.671][S][sensor]: 'Shelly Real Current L2' >> 2.19 A
[11:00:18.784][S][sensor]: 'TWC Time Since Last Poll' >> 112 ms
[11:00:18.920][I][vitals:883]: TWC vitals: A=0.00 B=0.00 C=0.20 vehicle=0.20 contactor=open
[11:00:18.930][S][sensor]: 'TWC Vitals Current L2' >> 0.00 A
[11:00:18.930][S][sensor]: 'TWC Poll Interval' >> 195 ms
[11:00:19.093][I][csv:715]: 1827247,AGG,2.99,2.19,2.86,-2.00,-2.00,-2.00,-2.00,-2.00,-2.00,-2.00,-2.00,-2.20,2.07,-2.00,11.93,11.98,0.00,0.00,0.00,0.20,0.20,0,0
[11:00:19.097][I][csv:715]: 1827251,AGG,3.00,2.19,2.86,-2.00,-2.00,-2.00,-2.00,-2.00,-2.00,-2.00,-2.00,-2.20,2.07,-2.00,11.93,11.98,0.00,0.00,0.00,0.20,0.20,0,0
[11:00:19.150][S][sensor]: 'TWC Reported Current L3' >> 11.9 A
[11:00:19.151][S][sensor]: 'TWC Reported Current L2' >> 11.9 A
[11:00:19.170][I][csv:715]: 1827325,AGG,3.00,2.19,2.86,-2.00,-2.00,-2.00,-2.00,-2.00,-2.00,-2.00,-2.00,-2.20,2.07,-2.00,11.93,11.98,0.00,0.00,0.00,0.20,0.20,0,0
[11:00:19.210][I][csv:715]: 1827361,AGG,3.00,2.19,2.86,-2.00,-2.00,-2.00,-2.00,-2.00,-2.00,-2.00,-2.00,-2.20,2.07,-2.00,11.93,11.98,0.00,0.00,0.00,0.20,0.20,0,0
[11:00:19.268][I][csv:715]: 1827423,AGG,3.00,2.24,2.86,-2.00,-2.00,-2.00,-2.00,-2.00,-2.00,-2.00,-2.00,-2.20,2.07,-2.00,11.93,11.98,0.00,0.00,0.00,0.20,0.20,0,0
[11:00:19.302][I][csv:715]: 1827456,AGG,3.00,2.24,2.86,-2.00,-2.00,-2.00,-2.00,-2.00,-2.00,-2.00,-2.00,-2.20,2.07,-2.00,11.93,11.98,0.00,0.00,0.00,0.20,0.20,0,0
[11:00:19.498][I][csv:715]: 1827652,AGG,3.00,2.24,3.02,-2.00,-2.00,-3.00,-2.00,-2.00,-3.00,-2.00,-2.00,-3.20,2.26,-2.00,11.74,11.69,0.00,0.00,0.00,0.20,0.20,0,0
[11:00:19.829][S][sensor]: 'TWC Reported Current L1' >> 11.7 A
[11:00:20.112][I][csv:715]: 1828267,AGG,3.00,2.24,3.02,-2.00,-2.00,-3.00,-2.00,-2.00,-3.00,-2.00,-2.00,-3.20,2.40,-2.00,11.60,11.65,0.00,0.00,0.00,0.20,0.20,0,0
[11:00:20.119][I][csv:715]: 1828271,AGG,3.15,2.24,3.02,-3.00,-2.00,-3.00,-3.00,-2.00,-3.00,-3.00,-2.00,-3.20,2.40,-2.00,11.60,11.65,0.00,0.00,0.00,0.20,0.20,0,0
[11:00:20.165][S][sensor]: 'Shelly Active Power L1' >> -720 W
[11:00:20.166][S][sensor]: 'TWC Vitals Current L1' >> 0.00 A
[11:00:20.166][S][sensor]: 'TWC Vitals Current L3' >> 0.20 A
[11:00:20.176][I][csv:715]: 1828329,AGG,3.15,2.24,3.02,-3.00,-2.00,-3.00,-3.00,-2.00,-3.00,-3.00,-2.00,-3.20,2.46,-2.00,11.54,11.59,0.00,0.00,0.00,0.20,0.20,0,0
[11:00:20.207][I][csv:715]: 1828361,AGG,3.15,2.24,3.02,-3.00,-2.00,-3.00,-3.00,-2.00,-3.00,-3.00,-2.00,-3.20,2.49,-2.00,11.51,11.56,0.00,0.00,0.00,0.20,0.20,0,0
